source_path,destination_path
klarweg-audio/public/audio/words/female/32e35ad5c15bcd84.mp3,klarweg-audio-cdn/audio/female/32e35ad5c15bcd84.mp3
klarweg-audio/public/audio/words/male/32e35ad5c15bcd84.mp3,klarweg-audio-cdn/audio/male/32e35ad5c15bcd84.mp3
klarweg-audio/public/audio/words/female/fb8e20fc2e4c3f24.mp3,klarweg-audio-cdn/audio/female/fb8e20fc2e4c3f24.mp3
klarweg-audio/public/audio/words/male/fb8e20fc2e4c3f24.mp3,klarweg-audio-cdn/audio/male/fb8e20fc2e4c3f24.mp3
klarweg-audio/public/audio/words/female/635a0f87c8f35203.mp3,klarweg-audio-cdn/audio/female/635a0f87c8f35203.mp3
klarweg-audio/public/audio/words/male/635a0f87c8f35203.mp3,klarweg-audio-cdn/audio/male/635a0f87c8f35203.mp3
klarweg-audio/public/audio/words/female/0d207596b5f8b96f.mp3,klarweg-audio-cdn/audio/female/0d207596b5f8b96f.mp3
klarweg-audio/public/audio/words/male/0d207596b5f8b96f.mp3,klarweg-audio-cdn/audio/male/0d207596b5f8b96f.mp3
klarweg-audio/public/audio/words/female/28eda2355194a937.mp3,klarweg-audio-cdn/audio/female/28eda2355194a937.mp3
klarweg-audio/public/audio/words/male/28eda2355194a937.mp3,klarweg-audio-cdn/audio/male/28eda2355194a937.mp3
klarweg-audio/public/audio/words/female/1f785e77051f05e5.mp3,klarweg-audio-cdn/audio/female/1f785e77051f05e5.mp3
klarweg-audio/public/audio/words/male/1f785e77051f05e5.mp3,klarweg-audio-cdn/audio/male/1f785e77051f05e5.mp3
klarweg-audio/public/audio/words/female/fb33ab7105db46d8.mp3,klarweg-audio-cdn/audio/female/fb33ab7105db46d8.mp3
klarweg-audio/public/audio/words/male/fb33ab7105db46d8.mp3,klarweg-audio-cdn/audio/male/fb33ab7105db46d8.mp3
klarweg-audio/public/audio/words/female/9bcf2187d16adb9d.mp3,klarweg-audio-cdn/audio/female/9bcf2187d16adb9d.mp3
klarweg-audio/public/audio/words/male/9bcf2187d16adb9d.mp3,klarweg-audio-cdn/audio/male/9bcf2187d16adb9d.mp3
klarweg-audio/public/audio/words/female/fbbbc9228ea18425.mp3,klarweg-audio-cdn/audio/female/fbbbc9228ea18425.mp3
klarweg-audio/public/audio/words/male/fbbbc9228ea18425.mp3,klarweg-audio-cdn/audio/male/fbbbc9228ea18425.mp3
klarweg-audio/public/audio/words/female/1d5dadc8645bcb5a.mp3,klarweg-audio-cdn/audio/female/1d5dadc8645bcb5a.mp3
klarweg-audio/public/audio/words/male/1d5dadc8645bcb5a.mp3,klarweg-audio-cdn/audio/male/1d5dadc8645bcb5a.mp3
klarweg-audio/public/audio/words/female/32323f5eb965e539.mp3,klarweg-audio-cdn/audio/female/32323f5eb965e539.mp3
klarweg-audio/public/audio/words/male/32323f5eb965e539.mp3,klarweg-audio-cdn/audio/male/32323f5eb965e539.mp3
klarweg-audio/public/audio/words/female/e6a96e3fc0bdf557.mp3,klarweg-audio-cdn/audio/female/e6a96e3fc0bdf557.mp3
klarweg-audio/public/audio/words/male/e6a96e3fc0bdf557.mp3,klarweg-audio-cdn/audio/male/e6a96e3fc0bdf557.mp3
klarweg-audio/public/audio/words/female/3139fcc40f9c93f6.mp3,klarweg-audio-cdn/audio/female/3139fcc40f9c93f6.mp3
klarweg-audio/public/audio/words/male/3139fcc40f9c93f6.mp3,klarweg-audio-cdn/audio/male/3139fcc40f9c93f6.mp3
klarweg-audio/public/audio/words/female/ff91cbf19a67304b.mp3,klarweg-audio-cdn/audio/female/ff91cbf19a67304b.mp3
klarweg-audio/public/audio/words/male/ff91cbf19a67304b.mp3,klarweg-audio-cdn/audio/male/ff91cbf19a67304b.mp3
klarweg-audio/public/audio/words/female/2146a029ad5e62ec.mp3,klarweg-audio-cdn/audio/female/2146a029ad5e62ec.mp3
klarweg-audio/public/audio/words/male/2146a029ad5e62ec.mp3,klarweg-audio-cdn/audio/male/2146a029ad5e62ec.mp3
klarweg-audio/public/audio/words/female/0ef6ec226337643d.mp3,klarweg-audio-cdn/audio/female/0ef6ec226337643d.mp3
klarweg-audio/public/audio/words/male/0ef6ec226337643d.mp3,klarweg-audio-cdn/audio/male/0ef6ec226337643d.mp3
klarweg-audio/public/audio/words/female/ee7637bd419d4a00.mp3,klarweg-audio-cdn/audio/female/ee7637bd419d4a00.mp3
klarweg-audio/public/audio/words/male/ee7637bd419d4a00.mp3,klarweg-audio-cdn/audio/male/ee7637bd419d4a00.mp3
klarweg-audio/public/audio/words/female/bb8c8605c55dcc2d.mp3,klarweg-audio-cdn/audio/female/bb8c8605c55dcc2d.mp3
klarweg-audio/public/audio/words/male/bb8c8605c55dcc2d.mp3,klarweg-audio-cdn/audio/male/bb8c8605c55dcc2d.mp3
klarweg-audio/public/audio/words/female/ab6db599234d2636.mp3,klarweg-audio-cdn/audio/female/ab6db599234d2636.mp3
klarweg-audio/public/audio/words/male/ab6db599234d2636.mp3,klarweg-audio-cdn/audio/male/ab6db599234d2636.mp3
klarweg-audio/public/audio/words/female/ea325d761f98c6b7.mp3,klarweg-audio-cdn/audio/female/ea325d761f98c6b7.mp3
klarweg-audio/public/audio/words/male/ea325d761f98c6b7.mp3,klarweg-audio-cdn/audio/male/ea325d761f98c6b7.mp3
klarweg-audio/public/audio/words/female/0f6d7600d87628ae.mp3,klarweg-audio-cdn/audio/female/0f6d7600d87628ae.mp3
klarweg-audio/public/audio/words/male/0f6d7600d87628ae.mp3,klarweg-audio-cdn/audio/male/0f6d7600d87628ae.mp3
klarweg-audio/public/audio/words/female/19ea4ac2e1a53b12.mp3,klarweg-audio-cdn/audio/female/19ea4ac2e1a53b12.mp3
klarweg-audio/public/audio/words/male/19ea4ac2e1a53b12.mp3,klarweg-audio-cdn/audio/male/19ea4ac2e1a53b12.mp3
klarweg-audio/public/audio/words/female/f11617fbf2e8496e.mp3,klarweg-audio-cdn/audio/female/f11617fbf2e8496e.mp3
klarweg-audio/public/audio/words/male/f11617fbf2e8496e.mp3,klarweg-audio-cdn/audio/male/f11617fbf2e8496e.mp3
klarweg-audio/public/audio/words/female/916e3d393d7b03f6.mp3,klarweg-audio-cdn/audio/female/916e3d393d7b03f6.mp3
klarweg-audio/public/audio/words/male/916e3d393d7b03f6.mp3,klarweg-audio-cdn/audio/male/916e3d393d7b03f6.mp3
klarweg-audio/public/audio/words/female/dc85b0a450fc188f.mp3,klarweg-audio-cdn/audio/female/dc85b0a450fc188f.mp3
klarweg-audio/public/audio/words/male/dc85b0a450fc188f.mp3,klarweg-audio-cdn/audio/male/dc85b0a450fc188f.mp3
klarweg-audio/public/audio/words/female/70a007b71dcb085a.mp3,klarweg-audio-cdn/audio/female/70a007b71dcb085a.mp3
klarweg-audio/public/audio/words/male/70a007b71dcb085a.mp3,klarweg-audio-cdn/audio/male/70a007b71dcb085a.mp3
klarweg-audio/public/audio/words/female/4c07522de463c4eb.mp3,klarweg-audio-cdn/audio/female/4c07522de463c4eb.mp3
klarweg-audio/public/audio/words/male/4c07522de463c4eb.mp3,klarweg-audio-cdn/audio/male/4c07522de463c4eb.mp3
klarweg-audio/public/audio/words/female/48b5c857bebb092a.mp3,klarweg-audio-cdn/audio/female/48b5c857bebb092a.mp3
klarweg-audio/public/audio/words/male/48b5c857bebb092a.mp3,klarweg-audio-cdn/audio/male/48b5c857bebb092a.mp3
klarweg-audio/public/audio/words/female/505b99e3d41c33c5.mp3,klarweg-audio-cdn/audio/female/505b99e3d41c33c5.mp3
klarweg-audio/public/audio/words/male/505b99e3d41c33c5.mp3,klarweg-audio-cdn/audio/male/505b99e3d41c33c5.mp3
klarweg-audio/public/audio/words/female/6af576a456f57241.mp3,klarweg-audio-cdn/audio/female/6af576a456f57241.mp3
klarweg-audio/public/audio/words/male/6af576a456f57241.mp3,klarweg-audio-cdn/audio/male/6af576a456f57241.mp3
klarweg-audio/public/audio/words/female/34a600c78c35aa77.mp3,klarweg-audio-cdn/audio/female/34a600c78c35aa77.mp3
klarweg-audio/public/audio/words/male/34a600c78c35aa77.mp3,klarweg-audio-cdn/audio/male/34a600c78c35aa77.mp3
klarweg-audio/public/audio/words/female/178a4297639d2159.mp3,klarweg-audio-cdn/audio/female/178a4297639d2159.mp3
klarweg-audio/public/audio/words/male/178a4297639d2159.mp3,klarweg-audio-cdn/audio/male/178a4297639d2159.mp3
klarweg-audio/public/audio/words/female/2faf42fd02567096.mp3,klarweg-audio-cdn/audio/female/2faf42fd02567096.mp3
klarweg-audio/public/audio/words/male/2faf42fd02567096.mp3,klarweg-audio-cdn/audio/male/2faf42fd02567096.mp3
klarweg-audio/public/audio/words/female/f1ce4cfaa9130b28.mp3,klarweg-audio-cdn/audio/female/f1ce4cfaa9130b28.mp3
klarweg-audio/public/audio/words/male/f1ce4cfaa9130b28.mp3,klarweg-audio-cdn/audio/male/f1ce4cfaa9130b28.mp3
klarweg-audio/public/audio/words/female/78257bbdb1a640ab.mp3,klarweg-audio-cdn/audio/female/78257bbdb1a640ab.mp3
klarweg-audio/public/audio/words/male/78257bbdb1a640ab.mp3,klarweg-audio-cdn/audio/male/78257bbdb1a640ab.mp3
klarweg-audio/public/audio/words/female/5d034405d1653a56.mp3,klarweg-audio-cdn/audio/female/5d034405d1653a56.mp3
klarweg-audio/public/audio/words/male/5d034405d1653a56.mp3,klarweg-audio-cdn/audio/male/5d034405d1653a56.mp3
klarweg-audio/public/audio/words/female/0251af10875fecb3.mp3,klarweg-audio-cdn/audio/female/0251af10875fecb3.mp3
klarweg-audio/public/audio/words/male/0251af10875fecb3.mp3,klarweg-audio-cdn/audio/male/0251af10875fecb3.mp3
klarweg-audio/public/audio/words/female/38493e25281ca00a.mp3,klarweg-audio-cdn/audio/female/38493e25281ca00a.mp3
klarweg-audio/public/audio/words/male/38493e25281ca00a.mp3,klarweg-audio-cdn/audio/male/38493e25281ca00a.mp3
klarweg-audio/public/audio/words/female/f1b7384743db3616.mp3,klarweg-audio-cdn/audio/female/f1b7384743db3616.mp3
klarweg-audio/public/audio/words/male/f1b7384743db3616.mp3,klarweg-audio-cdn/audio/male/f1b7384743db3616.mp3
klarweg-audio/public/audio/words/female/424c8eda8e3a16a7.mp3,klarweg-audio-cdn/audio/female/424c8eda8e3a16a7.mp3
klarweg-audio/public/audio/words/male/424c8eda8e3a16a7.mp3,klarweg-audio-cdn/audio/male/424c8eda8e3a16a7.mp3
klarweg-audio/public/audio/words/female/8e7a7873a3c46f41.mp3,klarweg-audio-cdn/audio/female/8e7a7873a3c46f41.mp3
klarweg-audio/public/audio/words/male/8e7a7873a3c46f41.mp3,klarweg-audio-cdn/audio/male/8e7a7873a3c46f41.mp3
klarweg-audio/public/audio/words/female/e367b683b6ad76ea.mp3,klarweg-audio-cdn/audio/female/e367b683b6ad76ea.mp3
klarweg-audio/public/audio/words/male/e367b683b6ad76ea.mp3,klarweg-audio-cdn/audio/male/e367b683b6ad76ea.mp3
klarweg-audio/public/audio/words/female/9522d8c865c575a0.mp3,klarweg-audio-cdn/audio/female/9522d8c865c575a0.mp3
klarweg-audio/public/audio/words/male/9522d8c865c575a0.mp3,klarweg-audio-cdn/audio/male/9522d8c865c575a0.mp3
klarweg-audio/public/audio/words/female/a7d1b2258d87da5c.mp3,klarweg-audio-cdn/audio/female/a7d1b2258d87da5c.mp3
klarweg-audio/public/audio/words/male/a7d1b2258d87da5c.mp3,klarweg-audio-cdn/audio/male/a7d1b2258d87da5c.mp3
klarweg-audio/public/audio/words/female/63da130853c72281.mp3,klarweg-audio-cdn/audio/female/63da130853c72281.mp3
klarweg-audio/public/audio/words/male/63da130853c72281.mp3,klarweg-audio-cdn/audio/male/63da130853c72281.mp3
klarweg-audio/public/audio/words/female/6fd1bc8f28483ee6.mp3,klarweg-audio-cdn/audio/female/6fd1bc8f28483ee6.mp3
klarweg-audio/public/audio/words/male/6fd1bc8f28483ee6.mp3,klarweg-audio-cdn/audio/male/6fd1bc8f28483ee6.mp3
klarweg-audio/public/audio/words/female/c2a6f143d4d32f0f.mp3,klarweg-audio-cdn/audio/female/c2a6f143d4d32f0f.mp3
klarweg-audio/public/audio/words/male/c2a6f143d4d32f0f.mp3,klarweg-audio-cdn/audio/male/c2a6f143d4d32f0f.mp3
klarweg-audio/public/audio/words/female/74325d502ab0e2ab.mp3,klarweg-audio-cdn/audio/female/74325d502ab0e2ab.mp3
klarweg-audio/public/audio/words/male/74325d502ab0e2ab.mp3,klarweg-audio-cdn/audio/male/74325d502ab0e2ab.mp3
klarweg-audio/public/audio/words/female/ae31fe57c4b3489a.mp3,klarweg-audio-cdn/audio/female/ae31fe57c4b3489a.mp3
klarweg-audio/public/audio/words/male/ae31fe57c4b3489a.mp3,klarweg-audio-cdn/audio/male/ae31fe57c4b3489a.mp3
klarweg-audio/public/audio/words/female/3003bdc228aafc2c.mp3,klarweg-audio-cdn/audio/female/3003bdc228aafc2c.mp3
klarweg-audio/public/audio/words/male/3003bdc228aafc2c.mp3,klarweg-audio-cdn/audio/male/3003bdc228aafc2c.mp3
klarweg-audio/public/audio/words/female/2337c37f0721980b.mp3,klarweg-audio-cdn/audio/female/2337c37f0721980b.mp3
klarweg-audio/public/audio/words/male/2337c37f0721980b.mp3,klarweg-audio-cdn/audio/male/2337c37f0721980b.mp3
klarweg-audio/public/audio/words/female/a53813a5d73ffc13.mp3,klarweg-audio-cdn/audio/female/a53813a5d73ffc13.mp3
klarweg-audio/public/audio/words/male/a53813a5d73ffc13.mp3,klarweg-audio-cdn/audio/male/a53813a5d73ffc13.mp3
klarweg-audio/public/audio/words/female/462033a8100cb428.mp3,klarweg-audio-cdn/audio/female/462033a8100cb428.mp3
klarweg-audio/public/audio/words/male/462033a8100cb428.mp3,klarweg-audio-cdn/audio/male/462033a8100cb428.mp3
klarweg-audio/public/audio/words/female/dca8fdc39f1263a6.mp3,klarweg-audio-cdn/audio/female/dca8fdc39f1263a6.mp3
klarweg-audio/public/audio/words/male/dca8fdc39f1263a6.mp3,klarweg-audio-cdn/audio/male/dca8fdc39f1263a6.mp3
klarweg-audio/public/audio/words/female/0c338a54ace10df6.mp3,klarweg-audio-cdn/audio/female/0c338a54ace10df6.mp3
klarweg-audio/public/audio/words/male/0c338a54ace10df6.mp3,klarweg-audio-cdn/audio/male/0c338a54ace10df6.mp3
klarweg-audio/public/audio/words/female/fc6c4af3ee676c66.mp3,klarweg-audio-cdn/audio/female/fc6c4af3ee676c66.mp3
klarweg-audio/public/audio/words/male/fc6c4af3ee676c66.mp3,klarweg-audio-cdn/audio/male/fc6c4af3ee676c66.mp3
klarweg-audio/public/audio/words/female/0aa5bb48b648f613.mp3,klarweg-audio-cdn/audio/female/0aa5bb48b648f613.mp3
klarweg-audio/public/audio/words/male/0aa5bb48b648f613.mp3,klarweg-audio-cdn/audio/male/0aa5bb48b648f613.mp3
klarweg-audio/public/audio/words/female/62cc13e735700e53.mp3,klarweg-audio-cdn/audio/female/62cc13e735700e53.mp3
klarweg-audio/public/audio/words/male/62cc13e735700e53.mp3,klarweg-audio-cdn/audio/male/62cc13e735700e53.mp3
klarweg-audio/public/audio/words/female/fcde2b2edba56bf4.mp3,klarweg-audio-cdn/audio/female/fcde2b2edba56bf4.mp3
klarweg-audio/public/audio/words/male/fcde2b2edba56bf4.mp3,klarweg-audio-cdn/audio/male/fcde2b2edba56bf4.mp3
klarweg-audio/public/audio/words/female/3530d1806b6a3b4f.mp3,klarweg-audio-cdn/audio/female/3530d1806b6a3b4f.mp3
klarweg-audio/public/audio/words/male/3530d1806b6a3b4f.mp3,klarweg-audio-cdn/audio/male/3530d1806b6a3b4f.mp3
klarweg-audio/public/audio/words/female/bf279c5f5cfdf5c6.mp3,klarweg-audio-cdn/audio/female/bf279c5f5cfdf5c6.mp3
klarweg-audio/public/audio/words/male/bf279c5f5cfdf5c6.mp3,klarweg-audio-cdn/audio/male/bf279c5f5cfdf5c6.mp3
klarweg-audio/public/audio/words/female/98970d1a1b801acf.mp3,klarweg-audio-cdn/audio/female/98970d1a1b801acf.mp3
klarweg-audio/public/audio/words/male/98970d1a1b801acf.mp3,klarweg-audio-cdn/audio/male/98970d1a1b801acf.mp3
klarweg-audio/public/audio/words/female/f634c721db95f0a2.mp3,klarweg-audio-cdn/audio/female/f634c721db95f0a2.mp3
klarweg-audio/public/audio/words/male/f634c721db95f0a2.mp3,klarweg-audio-cdn/audio/male/f634c721db95f0a2.mp3
klarweg-audio/public/audio/words/female/dbb1ab5e175b135a.mp3,klarweg-audio-cdn/audio/female/dbb1ab5e175b135a.mp3
klarweg-audio/public/audio/words/male/dbb1ab5e175b135a.mp3,klarweg-audio-cdn/audio/male/dbb1ab5e175b135a.mp3
klarweg-audio/public/audio/words/female/a5b27319fca9d48a.mp3,klarweg-audio-cdn/audio/female/a5b27319fca9d48a.mp3
klarweg-audio/public/audio/words/male/a5b27319fca9d48a.mp3,klarweg-audio-cdn/audio/male/a5b27319fca9d48a.mp3
klarweg-audio/public/audio/words/female/935616244c33d0ca.mp3,klarweg-audio-cdn/audio/female/935616244c33d0ca.mp3
klarweg-audio/public/audio/words/male/935616244c33d0ca.mp3,klarweg-audio-cdn/audio/male/935616244c33d0ca.mp3
klarweg-audio/public/audio/words/female/6004b87019aa65cb.mp3,klarweg-audio-cdn/audio/female/6004b87019aa65cb.mp3
klarweg-audio/public/audio/words/male/6004b87019aa65cb.mp3,klarweg-audio-cdn/audio/male/6004b87019aa65cb.mp3
klarweg-audio/public/audio/words/female/2aa7e2bcd845d37f.mp3,klarweg-audio-cdn/audio/female/2aa7e2bcd845d37f.mp3
klarweg-audio/public/audio/words/male/2aa7e2bcd845d37f.mp3,klarweg-audio-cdn/audio/male/2aa7e2bcd845d37f.mp3
klarweg-audio/public/audio/words/female/140f9bff67e69ca0.mp3,klarweg-audio-cdn/audio/female/140f9bff67e69ca0.mp3
klarweg-audio/public/audio/words/male/140f9bff67e69ca0.mp3,klarweg-audio-cdn/audio/male/140f9bff67e69ca0.mp3
klarweg-audio/public/audio/words/female/17e7f84611d0c2d1.mp3,klarweg-audio-cdn/audio/female/17e7f84611d0c2d1.mp3
klarweg-audio/public/audio/words/male/17e7f84611d0c2d1.mp3,klarweg-audio-cdn/audio/male/17e7f84611d0c2d1.mp3
klarweg-audio/public/audio/words/female/8ba94a583afe889a.mp3,klarweg-audio-cdn/audio/female/8ba94a583afe889a.mp3
klarweg-audio/public/audio/words/male/8ba94a583afe889a.mp3,klarweg-audio-cdn/audio/male/8ba94a583afe889a.mp3
klarweg-audio/public/audio/words/female/45e9aaa8f28ad7db.mp3,klarweg-audio-cdn/audio/female/45e9aaa8f28ad7db.mp3
klarweg-audio/public/audio/words/male/45e9aaa8f28ad7db.mp3,klarweg-audio-cdn/audio/male/45e9aaa8f28ad7db.mp3
klarweg-audio/public/audio/words/female/47b20b9ac886dc48.mp3,klarweg-audio-cdn/audio/female/47b20b9ac886dc48.mp3
klarweg-audio/public/audio/words/male/47b20b9ac886dc48.mp3,klarweg-audio-cdn/audio/male/47b20b9ac886dc48.mp3
klarweg-audio/public/audio/words/female/374a7a908d982072.mp3,klarweg-audio-cdn/audio/female/374a7a908d982072.mp3
klarweg-audio/public/audio/words/male/374a7a908d982072.mp3,klarweg-audio-cdn/audio/male/374a7a908d982072.mp3
klarweg-audio/public/audio/words/female/45e7b2da973c62a4.mp3,klarweg-audio-cdn/audio/female/45e7b2da973c62a4.mp3
klarweg-audio/public/audio/words/male/45e7b2da973c62a4.mp3,klarweg-audio-cdn/audio/male/45e7b2da973c62a4.mp3
klarweg-audio/public/audio/words/female/469ba22c9c979d98.mp3,klarweg-audio-cdn/audio/female/469ba22c9c979d98.mp3
klarweg-audio/public/audio/words/male/469ba22c9c979d98.mp3,klarweg-audio-cdn/audio/male/469ba22c9c979d98.mp3
klarweg-audio/public/audio/words/female/aa92f8d706da5364.mp3,klarweg-audio-cdn/audio/female/aa92f8d706da5364.mp3
klarweg-audio/public/audio/words/male/aa92f8d706da5364.mp3,klarweg-audio-cdn/audio/male/aa92f8d706da5364.mp3
klarweg-audio/public/audio/words/female/f316b26325df7c09.mp3,klarweg-audio-cdn/audio/female/f316b26325df7c09.mp3
klarweg-audio/public/audio/words/male/f316b26325df7c09.mp3,klarweg-audio-cdn/audio/male/f316b26325df7c09.mp3
klarweg-audio/public/audio/words/female/96147cdbfd6955d7.mp3,klarweg-audio-cdn/audio/female/96147cdbfd6955d7.mp3
klarweg-audio/public/audio/words/male/96147cdbfd6955d7.mp3,klarweg-audio-cdn/audio/male/96147cdbfd6955d7.mp3
klarweg-audio/public/audio/words/female/d196e99633a6d36e.mp3,klarweg-audio-cdn/audio/female/d196e99633a6d36e.mp3
klarweg-audio/public/audio/words/male/d196e99633a6d36e.mp3,klarweg-audio-cdn/audio/male/d196e99633a6d36e.mp3
klarweg-audio/public/audio/words/female/dbcdac414e0fe140.mp3,klarweg-audio-cdn/audio/female/dbcdac414e0fe140.mp3
klarweg-audio/public/audio/words/male/dbcdac414e0fe140.mp3,klarweg-audio-cdn/audio/male/dbcdac414e0fe140.mp3
klarweg-audio/public/audio/words/female/198e7595c7e61e7b.mp3,klarweg-audio-cdn/audio/female/198e7595c7e61e7b.mp3
klarweg-audio/public/audio/words/male/198e7595c7e61e7b.mp3,klarweg-audio-cdn/audio/male/198e7595c7e61e7b.mp3
klarweg-audio/public/audio/words/female/08aab74e90e3a2ba.mp3,klarweg-audio-cdn/audio/female/08aab74e90e3a2ba.mp3
klarweg-audio/public/audio/words/male/08aab74e90e3a2ba.mp3,klarweg-audio-cdn/audio/male/08aab74e90e3a2ba.mp3
klarweg-audio/public/audio/words/female/cca501495f4d40c2.mp3,klarweg-audio-cdn/audio/female/cca501495f4d40c2.mp3
klarweg-audio/public/audio/words/male/cca501495f4d40c2.mp3,klarweg-audio-cdn/audio/male/cca501495f4d40c2.mp3
klarweg-audio/public/audio/words/female/f4335a17539e2af6.mp3,klarweg-audio-cdn/audio/female/f4335a17539e2af6.mp3
klarweg-audio/public/audio/words/male/f4335a17539e2af6.mp3,klarweg-audio-cdn/audio/male/f4335a17539e2af6.mp3
klarweg-audio/public/audio/words/female/c4d26fca27642aea.mp3,klarweg-audio-cdn/audio/female/c4d26fca27642aea.mp3
klarweg-audio/public/audio/words/male/c4d26fca27642aea.mp3,klarweg-audio-cdn/audio/male/c4d26fca27642aea.mp3
klarweg-audio/public/audio/words/female/1dabc59c6b7c59b0.mp3,klarweg-audio-cdn/audio/female/1dabc59c6b7c59b0.mp3
klarweg-audio/public/audio/words/male/1dabc59c6b7c59b0.mp3,klarweg-audio-cdn/audio/male/1dabc59c6b7c59b0.mp3
klarweg-audio/public/audio/words/female/16a104d33063b4f6.mp3,klarweg-audio-cdn/audio/female/16a104d33063b4f6.mp3
klarweg-audio/public/audio/words/male/16a104d33063b4f6.mp3,klarweg-audio-cdn/audio/male/16a104d33063b4f6.mp3
klarweg-audio/public/audio/words/female/95b048a8eca0fe74.mp3,klarweg-audio-cdn/audio/female/95b048a8eca0fe74.mp3
klarweg-audio/public/audio/words/male/95b048a8eca0fe74.mp3,klarweg-audio-cdn/audio/male/95b048a8eca0fe74.mp3
klarweg-audio/public/audio/words/female/39b5854a7347409e.mp3,klarweg-audio-cdn/audio/female/39b5854a7347409e.mp3
klarweg-audio/public/audio/words/male/39b5854a7347409e.mp3,klarweg-audio-cdn/audio/male/39b5854a7347409e.mp3
klarweg-audio/public/audio/words/female/3be9a6bbaeada590.mp3,klarweg-audio-cdn/audio/female/3be9a6bbaeada590.mp3
klarweg-audio/public/audio/words/male/3be9a6bbaeada590.mp3,klarweg-audio-cdn/audio/male/3be9a6bbaeada590.mp3
klarweg-audio/public/audio/words/female/a0220b33d5c33a18.mp3,klarweg-audio-cdn/audio/female/a0220b33d5c33a18.mp3
klarweg-audio/public/audio/words/male/a0220b33d5c33a18.mp3,klarweg-audio-cdn/audio/male/a0220b33d5c33a18.mp3
klarweg-audio/public/audio/words/female/10436829032f361a.mp3,klarweg-audio-cdn/audio/female/10436829032f361a.mp3
klarweg-audio/public/audio/words/male/10436829032f361a.mp3,klarweg-audio-cdn/audio/male/10436829032f361a.mp3
klarweg-audio/public/audio/words/female/b133a0c0e9bee3be.mp3,klarweg-audio-cdn/audio/female/b133a0c0e9bee3be.mp3
klarweg-audio/public/audio/words/male/b133a0c0e9bee3be.mp3,klarweg-audio-cdn/audio/male/b133a0c0e9bee3be.mp3
klarweg-audio/public/audio/words/female/fe42c44b6fbd8e6d.mp3,klarweg-audio-cdn/audio/female/fe42c44b6fbd8e6d.mp3
klarweg-audio/public/audio/words/male/fe42c44b6fbd8e6d.mp3,klarweg-audio-cdn/audio/male/fe42c44b6fbd8e6d.mp3
klarweg-audio/public/audio/words/female/4f0f38d731bb679d.mp3,klarweg-audio-cdn/audio/female/4f0f38d731bb679d.mp3
klarweg-audio/public/audio/words/male/4f0f38d731bb679d.mp3,klarweg-audio-cdn/audio/male/4f0f38d731bb679d.mp3
klarweg-audio/public/audio/words/female/c34045c1a1db8d1b.mp3,klarweg-audio-cdn/audio/female/c34045c1a1db8d1b.mp3
klarweg-audio/public/audio/words/male/c34045c1a1db8d1b.mp3,klarweg-audio-cdn/audio/male/c34045c1a1db8d1b.mp3
klarweg-audio/public/audio/words/female/e1bc65583f85b6a1.mp3,klarweg-audio-cdn/audio/female/e1bc65583f85b6a1.mp3
klarweg-audio/public/audio/words/male/e1bc65583f85b6a1.mp3,klarweg-audio-cdn/audio/male/e1bc65583f85b6a1.mp3
klarweg-audio/public/audio/words/female/35e1e5079f06614c.mp3,klarweg-audio-cdn/audio/female/35e1e5079f06614c.mp3
klarweg-audio/public/audio/words/male/35e1e5079f06614c.mp3,klarweg-audio-cdn/audio/male/35e1e5079f06614c.mp3
klarweg-audio/public/audio/words/female/4a5f95e3aa0945db.mp3,klarweg-audio-cdn/audio/female/4a5f95e3aa0945db.mp3
klarweg-audio/public/audio/words/male/4a5f95e3aa0945db.mp3,klarweg-audio-cdn/audio/male/4a5f95e3aa0945db.mp3
klarweg-audio/public/audio/words/female/66089c05da7fd027.mp3,klarweg-audio-cdn/audio/female/66089c05da7fd027.mp3
klarweg-audio/public/audio/words/male/66089c05da7fd027.mp3,klarweg-audio-cdn/audio/male/66089c05da7fd027.mp3
klarweg-audio/public/audio/words/female/ff1fd0804def10ad.mp3,klarweg-audio-cdn/audio/female/ff1fd0804def10ad.mp3
klarweg-audio/public/audio/words/male/ff1fd0804def10ad.mp3,klarweg-audio-cdn/audio/male/ff1fd0804def10ad.mp3
klarweg-audio/public/audio/words/female/75bac524cc155e69.mp3,klarweg-audio-cdn/audio/female/75bac524cc155e69.mp3
klarweg-audio/public/audio/words/male/75bac524cc155e69.mp3,klarweg-audio-cdn/audio/male/75bac524cc155e69.mp3
klarweg-audio/public/audio/words/female/bf245a132fd20280.mp3,klarweg-audio-cdn/audio/female/bf245a132fd20280.mp3
klarweg-audio/public/audio/words/male/bf245a132fd20280.mp3,klarweg-audio-cdn/audio/male/bf245a132fd20280.mp3
klarweg-audio/public/audio/words/female/06cb6c291501e7d4.mp3,klarweg-audio-cdn/audio/female/06cb6c291501e7d4.mp3
klarweg-audio/public/audio/words/male/06cb6c291501e7d4.mp3,klarweg-audio-cdn/audio/male/06cb6c291501e7d4.mp3
klarweg-audio/public/audio/words/female/561039868827469f.mp3,klarweg-audio-cdn/audio/female/561039868827469f.mp3
klarweg-audio/public/audio/words/male/561039868827469f.mp3,klarweg-audio-cdn/audio/male/561039868827469f.mp3
klarweg-audio/public/audio/words/female/0a7cb27e52927eac.mp3,klarweg-audio-cdn/audio/female/0a7cb27e52927eac.mp3
klarweg-audio/public/audio/words/male/0a7cb27e52927eac.mp3,klarweg-audio-cdn/audio/male/0a7cb27e52927eac.mp3
klarweg-audio/public/audio/words/female/df58806603acd9d8.mp3,klarweg-audio-cdn/audio/female/df58806603acd9d8.mp3
klarweg-audio/public/audio/words/male/df58806603acd9d8.mp3,klarweg-audio-cdn/audio/male/df58806603acd9d8.mp3
klarweg-audio/public/audio/words/female/b8112108af62dd79.mp3,klarweg-audio-cdn/audio/female/b8112108af62dd79.mp3
klarweg-audio/public/audio/words/male/b8112108af62dd79.mp3,klarweg-audio-cdn/audio/male/b8112108af62dd79.mp3
klarweg-audio/public/audio/words/female/4b9ef592211f187c.mp3,klarweg-audio-cdn/audio/female/4b9ef592211f187c.mp3
klarweg-audio/public/audio/words/male/4b9ef592211f187c.mp3,klarweg-audio-cdn/audio/male/4b9ef592211f187c.mp3
klarweg-audio/public/audio/words/female/f9c202035068db9b.mp3,klarweg-audio-cdn/audio/female/f9c202035068db9b.mp3
klarweg-audio/public/audio/words/male/f9c202035068db9b.mp3,klarweg-audio-cdn/audio/male/f9c202035068db9b.mp3
klarweg-audio/public/audio/words/female/5b2ed0ef99d87da5.mp3,klarweg-audio-cdn/audio/female/5b2ed0ef99d87da5.mp3
klarweg-audio/public/audio/words/male/5b2ed0ef99d87da5.mp3,klarweg-audio-cdn/audio/male/5b2ed0ef99d87da5.mp3
klarweg-audio/public/audio/words/female/38de44eb55c11062.mp3,klarweg-audio-cdn/audio/female/38de44eb55c11062.mp3
klarweg-audio/public/audio/words/male/38de44eb55c11062.mp3,klarweg-audio-cdn/audio/male/38de44eb55c11062.mp3
klarweg-audio/public/audio/words/female/0df069921e40f375.mp3,klarweg-audio-cdn/audio/female/0df069921e40f375.mp3
klarweg-audio/public/audio/words/male/0df069921e40f375.mp3,klarweg-audio-cdn/audio/male/0df069921e40f375.mp3
klarweg-audio/public/audio/words/female/50b084789a58f6a7.mp3,klarweg-audio-cdn/audio/female/50b084789a58f6a7.mp3
klarweg-audio/public/audio/words/male/50b084789a58f6a7.mp3,klarweg-audio-cdn/audio/male/50b084789a58f6a7.mp3
klarweg-audio/public/audio/words/female/b8460049fb0b5b66.mp3,klarweg-audio-cdn/audio/female/b8460049fb0b5b66.mp3
klarweg-audio/public/audio/words/male/b8460049fb0b5b66.mp3,klarweg-audio-cdn/audio/male/b8460049fb0b5b66.mp3
klarweg-audio/public/audio/words/female/76d2d70d2f5c79e9.mp3,klarweg-audio-cdn/audio/female/76d2d70d2f5c79e9.mp3
klarweg-audio/public/audio/words/male/76d2d70d2f5c79e9.mp3,klarweg-audio-cdn/audio/male/76d2d70d2f5c79e9.mp3
klarweg-audio/public/audio/words/female/fda8d01242b5e13e.mp3,klarweg-audio-cdn/audio/female/fda8d01242b5e13e.mp3
klarweg-audio/public/audio/words/male/fda8d01242b5e13e.mp3,klarweg-audio-cdn/audio/male/fda8d01242b5e13e.mp3
klarweg-audio/public/audio/words/female/d35ca6d9665653ec.mp3,klarweg-audio-cdn/audio/female/d35ca6d9665653ec.mp3
klarweg-audio/public/audio/words/male/d35ca6d9665653ec.mp3,klarweg-audio-cdn/audio/male/d35ca6d9665653ec.mp3
klarweg-audio/public/audio/words/female/991b104f20ce85e4.mp3,klarweg-audio-cdn/audio/female/991b104f20ce85e4.mp3
klarweg-audio/public/audio/words/male/991b104f20ce85e4.mp3,klarweg-audio-cdn/audio/male/991b104f20ce85e4.mp3
klarweg-audio/public/audio/words/female/201d140cdf542f3b.mp3,klarweg-audio-cdn/audio/female/201d140cdf542f3b.mp3
klarweg-audio/public/audio/words/male/201d140cdf542f3b.mp3,klarweg-audio-cdn/audio/male/201d140cdf542f3b.mp3
klarweg-audio/public/audio/words/female/7af4e021a4939857.mp3,klarweg-audio-cdn/audio/female/7af4e021a4939857.mp3
klarweg-audio/public/audio/words/male/7af4e021a4939857.mp3,klarweg-audio-cdn/audio/male/7af4e021a4939857.mp3
klarweg-audio/public/audio/words/female/26317faf62d1010f.mp3,klarweg-audio-cdn/audio/female/26317faf62d1010f.mp3
klarweg-audio/public/audio/words/male/26317faf62d1010f.mp3,klarweg-audio-cdn/audio/male/26317faf62d1010f.mp3
klarweg-audio/public/audio/words/female/6643f2f410cea7dc.mp3,klarweg-audio-cdn/audio/female/6643f2f410cea7dc.mp3
klarweg-audio/public/audio/words/male/6643f2f410cea7dc.mp3,klarweg-audio-cdn/audio/male/6643f2f410cea7dc.mp3
klarweg-audio/public/audio/words/female/e883dbbcf4ccb674.mp3,klarweg-audio-cdn/audio/female/e883dbbcf4ccb674.mp3
klarweg-audio/public/audio/words/male/e883dbbcf4ccb674.mp3,klarweg-audio-cdn/audio/male/e883dbbcf4ccb674.mp3
klarweg-audio/public/audio/words/female/fa8e985dfea42293.mp3,klarweg-audio-cdn/audio/female/fa8e985dfea42293.mp3
klarweg-audio/public/audio/words/male/fa8e985dfea42293.mp3,klarweg-audio-cdn/audio/male/fa8e985dfea42293.mp3
klarweg-audio/public/audio/words/female/c55379daf165ad06.mp3,klarweg-audio-cdn/audio/female/c55379daf165ad06.mp3
klarweg-audio/public/audio/words/male/c55379daf165ad06.mp3,klarweg-audio-cdn/audio/male/c55379daf165ad06.mp3
klarweg-audio/public/audio/words/female/0ea46bc64a3fb426.mp3,klarweg-audio-cdn/audio/female/0ea46bc64a3fb426.mp3
klarweg-audio/public/audio/words/male/0ea46bc64a3fb426.mp3,klarweg-audio-cdn/audio/male/0ea46bc64a3fb426.mp3
klarweg-audio/public/audio/words/female/07db7b21189c5660.mp3,klarweg-audio-cdn/audio/female/07db7b21189c5660.mp3
klarweg-audio/public/audio/words/male/07db7b21189c5660.mp3,klarweg-audio-cdn/audio/male/07db7b21189c5660.mp3
klarweg-audio/public/audio/words/female/1298603e11beff1a.mp3,klarweg-audio-cdn/audio/female/1298603e11beff1a.mp3
klarweg-audio/public/audio/words/male/1298603e11beff1a.mp3,klarweg-audio-cdn/audio/male/1298603e11beff1a.mp3
klarweg-audio/public/audio/words/female/809ce68777a62c37.mp3,klarweg-audio-cdn/audio/female/809ce68777a62c37.mp3
klarweg-audio/public/audio/words/male/809ce68777a62c37.mp3,klarweg-audio-cdn/audio/male/809ce68777a62c37.mp3
klarweg-audio/public/audio/words/female/5e4d29cbf6f8fb47.mp3,klarweg-audio-cdn/audio/female/5e4d29cbf6f8fb47.mp3
klarweg-audio/public/audio/words/male/5e4d29cbf6f8fb47.mp3,klarweg-audio-cdn/audio/male/5e4d29cbf6f8fb47.mp3
klarweg-audio/public/audio/words/female/139f74d3470da3f0.mp3,klarweg-audio-cdn/audio/female/139f74d3470da3f0.mp3
klarweg-audio/public/audio/words/male/139f74d3470da3f0.mp3,klarweg-audio-cdn/audio/male/139f74d3470da3f0.mp3
klarweg-audio/public/audio/words/female/922eac89f7466447.mp3,klarweg-audio-cdn/audio/female/922eac89f7466447.mp3
klarweg-audio/public/audio/words/male/922eac89f7466447.mp3,klarweg-audio-cdn/audio/male/922eac89f7466447.mp3
klarweg-audio/public/audio/words/female/4b7e5d0cf1a33a76.mp3,klarweg-audio-cdn/audio/female/4b7e5d0cf1a33a76.mp3
klarweg-audio/public/audio/words/male/4b7e5d0cf1a33a76.mp3,klarweg-audio-cdn/audio/male/4b7e5d0cf1a33a76.mp3
klarweg-audio/public/audio/words/female/c23182f8e039bd40.mp3,klarweg-audio-cdn/audio/female/c23182f8e039bd40.mp3
klarweg-audio/public/audio/words/male/c23182f8e039bd40.mp3,klarweg-audio-cdn/audio/male/c23182f8e039bd40.mp3
klarweg-audio/public/audio/words/female/7f6a59abc2740868.mp3,klarweg-audio-cdn/audio/female/7f6a59abc2740868.mp3
klarweg-audio/public/audio/words/male/7f6a59abc2740868.mp3,klarweg-audio-cdn/audio/male/7f6a59abc2740868.mp3
klarweg-audio/public/audio/words/female/64030c3b0efc1712.mp3,klarweg-audio-cdn/audio/female/64030c3b0efc1712.mp3
klarweg-audio/public/audio/words/male/64030c3b0efc1712.mp3,klarweg-audio-cdn/audio/male/64030c3b0efc1712.mp3
klarweg-audio/public/audio/words/female/f7d7725651c7dcfb.mp3,klarweg-audio-cdn/audio/female/f7d7725651c7dcfb.mp3
klarweg-audio/public/audio/words/male/f7d7725651c7dcfb.mp3,klarweg-audio-cdn/audio/male/f7d7725651c7dcfb.mp3
klarweg-audio/public/audio/words/female/98371ba904192a04.mp3,klarweg-audio-cdn/audio/female/98371ba904192a04.mp3
klarweg-audio/public/audio/words/male/98371ba904192a04.mp3,klarweg-audio-cdn/audio/male/98371ba904192a04.mp3
klarweg-audio/public/audio/words/female/92cd4c1608705200.mp3,klarweg-audio-cdn/audio/female/92cd4c1608705200.mp3
klarweg-audio/public/audio/words/male/92cd4c1608705200.mp3,klarweg-audio-cdn/audio/male/92cd4c1608705200.mp3
klarweg-audio/public/audio/words/female/e6069579b2d686ca.mp3,klarweg-audio-cdn/audio/female/e6069579b2d686ca.mp3
klarweg-audio/public/audio/words/male/e6069579b2d686ca.mp3,klarweg-audio-cdn/audio/male/e6069579b2d686ca.mp3
klarweg-audio/public/audio/words/female/e0010dd737799c4e.mp3,klarweg-audio-cdn/audio/female/e0010dd737799c4e.mp3
klarweg-audio/public/audio/words/male/e0010dd737799c4e.mp3,klarweg-audio-cdn/audio/male/e0010dd737799c4e.mp3
klarweg-audio/public/audio/words/female/177915ebe849a9fb.mp3,klarweg-audio-cdn/audio/female/177915ebe849a9fb.mp3
klarweg-audio/public/audio/words/male/177915ebe849a9fb.mp3,klarweg-audio-cdn/audio/male/177915ebe849a9fb.mp3
klarweg-audio/public/audio/words/female/fdc86bc6b99ec0a7.mp3,klarweg-audio-cdn/audio/female/fdc86bc6b99ec0a7.mp3
klarweg-audio/public/audio/words/male/fdc86bc6b99ec0a7.mp3,klarweg-audio-cdn/audio/male/fdc86bc6b99ec0a7.mp3
klarweg-audio/public/audio/words/female/cf298cc2ac6cd0b5.mp3,klarweg-audio-cdn/audio/female/cf298cc2ac6cd0b5.mp3
klarweg-audio/public/audio/words/male/cf298cc2ac6cd0b5.mp3,klarweg-audio-cdn/audio/male/cf298cc2ac6cd0b5.mp3
klarweg-audio/public/audio/words/female/78e16973e3ecc7fe.mp3,klarweg-audio-cdn/audio/female/78e16973e3ecc7fe.mp3
klarweg-audio/public/audio/words/male/78e16973e3ecc7fe.mp3,klarweg-audio-cdn/audio/male/78e16973e3ecc7fe.mp3
klarweg-audio/public/audio/words/female/e1f80c7835a8ad8a.mp3,klarweg-audio-cdn/audio/female/e1f80c7835a8ad8a.mp3
klarweg-audio/public/audio/words/male/e1f80c7835a8ad8a.mp3,klarweg-audio-cdn/audio/male/e1f80c7835a8ad8a.mp3
klarweg-audio/public/audio/words/female/32578569cf9fbca7.mp3,klarweg-audio-cdn/audio/female/32578569cf9fbca7.mp3
klarweg-audio/public/audio/words/male/32578569cf9fbca7.mp3,klarweg-audio-cdn/audio/male/32578569cf9fbca7.mp3
klarweg-audio/public/audio/words/female/e69cbb9a57fd606f.mp3,klarweg-audio-cdn/audio/female/e69cbb9a57fd606f.mp3
klarweg-audio/public/audio/words/male/e69cbb9a57fd606f.mp3,klarweg-audio-cdn/audio/male/e69cbb9a57fd606f.mp3
klarweg-audio/public/audio/words/female/e78b513684d274df.mp3,klarweg-audio-cdn/audio/female/e78b513684d274df.mp3
klarweg-audio/public/audio/words/male/e78b513684d274df.mp3,klarweg-audio-cdn/audio/male/e78b513684d274df.mp3
klarweg-audio/public/audio/words/female/a06b42130cafef6e.mp3,klarweg-audio-cdn/audio/female/a06b42130cafef6e.mp3
klarweg-audio/public/audio/words/male/a06b42130cafef6e.mp3,klarweg-audio-cdn/audio/male/a06b42130cafef6e.mp3
klarweg-audio/public/audio/words/female/5f4044b1a0bf8942.mp3,klarweg-audio-cdn/audio/female/5f4044b1a0bf8942.mp3
klarweg-audio/public/audio/words/male/5f4044b1a0bf8942.mp3,klarweg-audio-cdn/audio/male/5f4044b1a0bf8942.mp3
klarweg-audio/public/audio/words/female/0203c420edab2fd1.mp3,klarweg-audio-cdn/audio/female/0203c420edab2fd1.mp3
klarweg-audio/public/audio/words/male/0203c420edab2fd1.mp3,klarweg-audio-cdn/audio/male/0203c420edab2fd1.mp3
klarweg-audio/public/audio/words/female/be606956cd6b9406.mp3,klarweg-audio-cdn/audio/female/be606956cd6b9406.mp3
klarweg-audio/public/audio/words/male/be606956cd6b9406.mp3,klarweg-audio-cdn/audio/male/be606956cd6b9406.mp3
klarweg-audio/public/audio/words/female/edd65eb052cf3af3.mp3,klarweg-audio-cdn/audio/female/edd65eb052cf3af3.mp3
klarweg-audio/public/audio/words/male/edd65eb052cf3af3.mp3,klarweg-audio-cdn/audio/male/edd65eb052cf3af3.mp3
klarweg-audio/public/audio/words/female/601ab18605afbc40.mp3,klarweg-audio-cdn/audio/female/601ab18605afbc40.mp3
klarweg-audio/public/audio/words/male/601ab18605afbc40.mp3,klarweg-audio-cdn/audio/male/601ab18605afbc40.mp3
klarweg-audio/public/audio/words/female/36d96491da314726.mp3,klarweg-audio-cdn/audio/female/36d96491da314726.mp3
klarweg-audio/public/audio/words/male/36d96491da314726.mp3,klarweg-audio-cdn/audio/male/36d96491da314726.mp3
klarweg-audio/public/audio/words/female/2c69f888ece6db63.mp3,klarweg-audio-cdn/audio/female/2c69f888ece6db63.mp3
klarweg-audio/public/audio/words/male/2c69f888ece6db63.mp3,klarweg-audio-cdn/audio/male/2c69f888ece6db63.mp3
klarweg-audio/public/audio/words/female/267c1070286c7e57.mp3,klarweg-audio-cdn/audio/female/267c1070286c7e57.mp3
klarweg-audio/public/audio/words/male/267c1070286c7e57.mp3,klarweg-audio-cdn/audio/male/267c1070286c7e57.mp3
klarweg-audio/public/audio/words/female/dd15e58d3e45a7b8.mp3,klarweg-audio-cdn/audio/female/dd15e58d3e45a7b8.mp3
klarweg-audio/public/audio/words/male/dd15e58d3e45a7b8.mp3,klarweg-audio-cdn/audio/male/dd15e58d3e45a7b8.mp3
klarweg-audio/public/audio/words/female/c1820e4af680eb3a.mp3,klarweg-audio-cdn/audio/female/c1820e4af680eb3a.mp3
klarweg-audio/public/audio/words/male/c1820e4af680eb3a.mp3,klarweg-audio-cdn/audio/male/c1820e4af680eb3a.mp3
klarweg-audio/public/audio/words/female/f694146d00735bba.mp3,klarweg-audio-cdn/audio/female/f694146d00735bba.mp3
klarweg-audio/public/audio/words/male/f694146d00735bba.mp3,klarweg-audio-cdn/audio/male/f694146d00735bba.mp3
klarweg-audio/public/audio/words/female/0cf3886ab6d0c8c9.mp3,klarweg-audio-cdn/audio/female/0cf3886ab6d0c8c9.mp3
klarweg-audio/public/audio/words/male/0cf3886ab6d0c8c9.mp3,klarweg-audio-cdn/audio/male/0cf3886ab6d0c8c9.mp3
klarweg-audio/public/audio/words/female/f07d1d03da2f8e99.mp3,klarweg-audio-cdn/audio/female/f07d1d03da2f8e99.mp3
klarweg-audio/public/audio/words/male/f07d1d03da2f8e99.mp3,klarweg-audio-cdn/audio/male/f07d1d03da2f8e99.mp3
klarweg-audio/public/audio/words/female/3be06435255f8845.mp3,klarweg-audio-cdn/audio/female/3be06435255f8845.mp3
klarweg-audio/public/audio/words/male/3be06435255f8845.mp3,klarweg-audio-cdn/audio/male/3be06435255f8845.mp3
klarweg-audio/public/audio/words/female/6f5ea7655e1565df.mp3,klarweg-audio-cdn/audio/female/6f5ea7655e1565df.mp3
klarweg-audio/public/audio/words/male/6f5ea7655e1565df.mp3,klarweg-audio-cdn/audio/male/6f5ea7655e1565df.mp3
klarweg-audio/public/audio/words/female/dc34c265441c1209.mp3,klarweg-audio-cdn/audio/female/dc34c265441c1209.mp3
klarweg-audio/public/audio/words/male/dc34c265441c1209.mp3,klarweg-audio-cdn/audio/male/dc34c265441c1209.mp3
klarweg-audio/public/audio/words/female/7465ff743bb81d46.mp3,klarweg-audio-cdn/audio/female/7465ff743bb81d46.mp3
klarweg-audio/public/audio/words/male/7465ff743bb81d46.mp3,klarweg-audio-cdn/audio/male/7465ff743bb81d46.mp3
klarweg-audio/public/audio/words/female/ada0d0df0bae9390.mp3,klarweg-audio-cdn/audio/female/ada0d0df0bae9390.mp3
klarweg-audio/public/audio/words/male/ada0d0df0bae9390.mp3,klarweg-audio-cdn/audio/male/ada0d0df0bae9390.mp3
klarweg-audio/public/audio/words/female/9833d8b6f081acab.mp3,klarweg-audio-cdn/audio/female/9833d8b6f081acab.mp3
klarweg-audio/public/audio/words/male/9833d8b6f081acab.mp3,klarweg-audio-cdn/audio/male/9833d8b6f081acab.mp3
klarweg-audio/public/audio/words/female/6e9f0e2dc5e9171f.mp3,klarweg-audio-cdn/audio/female/6e9f0e2dc5e9171f.mp3
klarweg-audio/public/audio/words/male/6e9f0e2dc5e9171f.mp3,klarweg-audio-cdn/audio/male/6e9f0e2dc5e9171f.mp3
klarweg-audio/public/audio/words/female/e9ffa076246d4092.mp3,klarweg-audio-cdn/audio/female/e9ffa076246d4092.mp3
klarweg-audio/public/audio/words/male/e9ffa076246d4092.mp3,klarweg-audio-cdn/audio/male/e9ffa076246d4092.mp3
klarweg-audio/public/audio/words/female/d12ec7dafe746d7c.mp3,klarweg-audio-cdn/audio/female/d12ec7dafe746d7c.mp3
klarweg-audio/public/audio/words/male/d12ec7dafe746d7c.mp3,klarweg-audio-cdn/audio/male/d12ec7dafe746d7c.mp3
klarweg-audio/public/audio/words/female/b3117c530394fa88.mp3,klarweg-audio-cdn/audio/female/b3117c530394fa88.mp3
klarweg-audio/public/audio/words/male/b3117c530394fa88.mp3,klarweg-audio-cdn/audio/male/b3117c530394fa88.mp3
klarweg-audio/public/audio/words/female/7b9f50b93ff35758.mp3,klarweg-audio-cdn/audio/female/7b9f50b93ff35758.mp3
klarweg-audio/public/audio/words/male/7b9f50b93ff35758.mp3,klarweg-audio-cdn/audio/male/7b9f50b93ff35758.mp3
klarweg-audio/public/audio/words/female/8fd090aeed722d5a.mp3,klarweg-audio-cdn/audio/female/8fd090aeed722d5a.mp3
klarweg-audio/public/audio/words/male/8fd090aeed722d5a.mp3,klarweg-audio-cdn/audio/male/8fd090aeed722d5a.mp3
klarweg-audio/public/audio/words/female/f8d3bdda23083820.mp3,klarweg-audio-cdn/audio/female/f8d3bdda23083820.mp3
klarweg-audio/public/audio/words/male/f8d3bdda23083820.mp3,klarweg-audio-cdn/audio/male/f8d3bdda23083820.mp3
klarweg-audio/public/audio/words/female/5d0b27b3d0486933.mp3,klarweg-audio-cdn/audio/female/5d0b27b3d0486933.mp3
klarweg-audio/public/audio/words/male/5d0b27b3d0486933.mp3,klarweg-audio-cdn/audio/male/5d0b27b3d0486933.mp3
klarweg-audio/public/audio/words/female/53c09f4666203c9f.mp3,klarweg-audio-cdn/audio/female/53c09f4666203c9f.mp3
klarweg-audio/public/audio/words/male/53c09f4666203c9f.mp3,klarweg-audio-cdn/audio/male/53c09f4666203c9f.mp3
klarweg-audio/public/audio/words/female/29c42674c164ecc6.mp3,klarweg-audio-cdn/audio/female/29c42674c164ecc6.mp3
klarweg-audio/public/audio/words/male/29c42674c164ecc6.mp3,klarweg-audio-cdn/audio/male/29c42674c164ecc6.mp3
klarweg-audio/public/audio/words/female/c432232bc573fdff.mp3,klarweg-audio-cdn/audio/female/c432232bc573fdff.mp3
klarweg-audio/public/audio/words/male/c432232bc573fdff.mp3,klarweg-audio-cdn/audio/male/c432232bc573fdff.mp3
klarweg-audio/public/audio/words/female/1ad6451b0334b674.mp3,klarweg-audio-cdn/audio/female/1ad6451b0334b674.mp3
klarweg-audio/public/audio/words/male/1ad6451b0334b674.mp3,klarweg-audio-cdn/audio/male/1ad6451b0334b674.mp3
klarweg-audio/public/audio/words/female/73d28731d3f782ed.mp3,klarweg-audio-cdn/audio/female/73d28731d3f782ed.mp3
klarweg-audio/public/audio/words/male/73d28731d3f782ed.mp3,klarweg-audio-cdn/audio/male/73d28731d3f782ed.mp3
klarweg-audio/public/audio/words/female/18a7f986c4387aa4.mp3,klarweg-audio-cdn/audio/female/18a7f986c4387aa4.mp3
klarweg-audio/public/audio/words/male/18a7f986c4387aa4.mp3,klarweg-audio-cdn/audio/male/18a7f986c4387aa4.mp3
klarweg-audio/public/audio/words/female/107430d9161e68aa.mp3,klarweg-audio-cdn/audio/female/107430d9161e68aa.mp3
klarweg-audio/public/audio/words/male/107430d9161e68aa.mp3,klarweg-audio-cdn/audio/male/107430d9161e68aa.mp3
klarweg-audio/public/audio/words/female/3ca50d4f14ceb104.mp3,klarweg-audio-cdn/audio/female/3ca50d4f14ceb104.mp3
klarweg-audio/public/audio/words/male/3ca50d4f14ceb104.mp3,klarweg-audio-cdn/audio/male/3ca50d4f14ceb104.mp3
klarweg-audio/public/audio/words/female/e537e289a34f5119.mp3,klarweg-audio-cdn/audio/female/e537e289a34f5119.mp3
klarweg-audio/public/audio/words/male/e537e289a34f5119.mp3,klarweg-audio-cdn/audio/male/e537e289a34f5119.mp3
klarweg-audio/public/audio/words/female/9d7934a447bffd45.mp3,klarweg-audio-cdn/audio/female/9d7934a447bffd45.mp3
klarweg-audio/public/audio/words/male/9d7934a447bffd45.mp3,klarweg-audio-cdn/audio/male/9d7934a447bffd45.mp3
klarweg-audio/public/audio/words/female/be2d6d4cb8d93226.mp3,klarweg-audio-cdn/audio/female/be2d6d4cb8d93226.mp3
klarweg-audio/public/audio/words/male/be2d6d4cb8d93226.mp3,klarweg-audio-cdn/audio/male/be2d6d4cb8d93226.mp3
klarweg-audio/public/audio/words/female/8d90f791a5c373db.mp3,klarweg-audio-cdn/audio/female/8d90f791a5c373db.mp3
klarweg-audio/public/audio/words/male/8d90f791a5c373db.mp3,klarweg-audio-cdn/audio/male/8d90f791a5c373db.mp3
klarweg-audio/public/audio/words/female/99c695a86a3d563f.mp3,klarweg-audio-cdn/audio/female/99c695a86a3d563f.mp3
klarweg-audio/public/audio/words/male/99c695a86a3d563f.mp3,klarweg-audio-cdn/audio/male/99c695a86a3d563f.mp3
klarweg-audio/public/audio/words/female/9e9fadec45376d66.mp3,klarweg-audio-cdn/audio/female/9e9fadec45376d66.mp3
klarweg-audio/public/audio/words/male/9e9fadec45376d66.mp3,klarweg-audio-cdn/audio/male/9e9fadec45376d66.mp3
klarweg-audio/public/audio/words/female/f4a438a00e1a6827.mp3,klarweg-audio-cdn/audio/female/f4a438a00e1a6827.mp3
klarweg-audio/public/audio/words/male/f4a438a00e1a6827.mp3,klarweg-audio-cdn/audio/male/f4a438a00e1a6827.mp3
klarweg-audio/public/audio/words/female/749cd78848dcd204.mp3,klarweg-audio-cdn/audio/female/749cd78848dcd204.mp3
klarweg-audio/public/audio/words/male/749cd78848dcd204.mp3,klarweg-audio-cdn/audio/male/749cd78848dcd204.mp3
klarweg-audio/public/audio/words/female/3514df498a8fd952.mp3,klarweg-audio-cdn/audio/female/3514df498a8fd952.mp3
klarweg-audio/public/audio/words/male/3514df498a8fd952.mp3,klarweg-audio-cdn/audio/male/3514df498a8fd952.mp3
klarweg-audio/public/audio/words/female/7b2f41bbe680e264.mp3,klarweg-audio-cdn/audio/female/7b2f41bbe680e264.mp3
klarweg-audio/public/audio/words/male/7b2f41bbe680e264.mp3,klarweg-audio-cdn/audio/male/7b2f41bbe680e264.mp3
klarweg-audio/public/audio/words/female/b3a46ddda46233a0.mp3,klarweg-audio-cdn/audio/female/b3a46ddda46233a0.mp3
klarweg-audio/public/audio/words/male/b3a46ddda46233a0.mp3,klarweg-audio-cdn/audio/male/b3a46ddda46233a0.mp3
klarweg-audio/public/audio/words/female/3bafbe8f6107f6ee.mp3,klarweg-audio-cdn/audio/female/3bafbe8f6107f6ee.mp3
klarweg-audio/public/audio/words/male/3bafbe8f6107f6ee.mp3,klarweg-audio-cdn/audio/male/3bafbe8f6107f6ee.mp3
klarweg-audio/public/audio/words/female/b67a885cc16b4c50.mp3,klarweg-audio-cdn/audio/female/b67a885cc16b4c50.mp3
klarweg-audio/public/audio/words/male/b67a885cc16b4c50.mp3,klarweg-audio-cdn/audio/male/b67a885cc16b4c50.mp3
klarweg-audio/public/audio/words/female/4ce5811477405c4d.mp3,klarweg-audio-cdn/audio/female/4ce5811477405c4d.mp3
klarweg-audio/public/audio/words/male/4ce5811477405c4d.mp3,klarweg-audio-cdn/audio/male/4ce5811477405c4d.mp3
klarweg-audio/public/audio/words/female/5ba33415a5ff9f23.mp3,klarweg-audio-cdn/audio/female/5ba33415a5ff9f23.mp3
klarweg-audio/public/audio/words/male/5ba33415a5ff9f23.mp3,klarweg-audio-cdn/audio/male/5ba33415a5ff9f23.mp3
klarweg-audio/public/audio/words/female/b6c698555d35df17.mp3,klarweg-audio-cdn/audio/female/b6c698555d35df17.mp3
klarweg-audio/public/audio/words/male/b6c698555d35df17.mp3,klarweg-audio-cdn/audio/male/b6c698555d35df17.mp3
klarweg-audio/public/audio/words/female/1bf9a16f327c342b.mp3,klarweg-audio-cdn/audio/female/1bf9a16f327c342b.mp3
klarweg-audio/public/audio/words/male/1bf9a16f327c342b.mp3,klarweg-audio-cdn/audio/male/1bf9a16f327c342b.mp3
klarweg-audio/public/audio/words/female/6c149157efd881cd.mp3,klarweg-audio-cdn/audio/female/6c149157efd881cd.mp3
klarweg-audio/public/audio/words/male/6c149157efd881cd.mp3,klarweg-audio-cdn/audio/male/6c149157efd881cd.mp3
klarweg-audio/public/audio/words/female/c5acfae3ff25a107.mp3,klarweg-audio-cdn/audio/female/c5acfae3ff25a107.mp3
klarweg-audio/public/audio/words/male/c5acfae3ff25a107.mp3,klarweg-audio-cdn/audio/male/c5acfae3ff25a107.mp3
klarweg-audio/public/audio/words/female/a546e8c2c8e7b15a.mp3,klarweg-audio-cdn/audio/female/a546e8c2c8e7b15a.mp3
klarweg-audio/public/audio/words/male/a546e8c2c8e7b15a.mp3,klarweg-audio-cdn/audio/male/a546e8c2c8e7b15a.mp3
klarweg-audio/public/audio/words/female/b9c031aae8d26210.mp3,klarweg-audio-cdn/audio/female/b9c031aae8d26210.mp3
klarweg-audio/public/audio/words/male/b9c031aae8d26210.mp3,klarweg-audio-cdn/audio/male/b9c031aae8d26210.mp3
klarweg-audio/public/audio/words/female/fa77dfe59546d182.mp3,klarweg-audio-cdn/audio/female/fa77dfe59546d182.mp3
klarweg-audio/public/audio/words/male/fa77dfe59546d182.mp3,klarweg-audio-cdn/audio/male/fa77dfe59546d182.mp3
klarweg-audio/public/audio/words/female/ac0478cf8864712f.mp3,klarweg-audio-cdn/audio/female/ac0478cf8864712f.mp3
klarweg-audio/public/audio/words/male/ac0478cf8864712f.mp3,klarweg-audio-cdn/audio/male/ac0478cf8864712f.mp3
klarweg-audio/public/audio/words/female/02bd0de32d413326.mp3,klarweg-audio-cdn/audio/female/02bd0de32d413326.mp3
klarweg-audio/public/audio/words/male/02bd0de32d413326.mp3,klarweg-audio-cdn/audio/male/02bd0de32d413326.mp3
klarweg-audio/public/audio/words/female/c0483f3882cf2a18.mp3,klarweg-audio-cdn/audio/female/c0483f3882cf2a18.mp3
klarweg-audio/public/audio/words/male/c0483f3882cf2a18.mp3,klarweg-audio-cdn/audio/male/c0483f3882cf2a18.mp3
klarweg-audio/public/audio/words/female/5fe359082bcf7b25.mp3,klarweg-audio-cdn/audio/female/5fe359082bcf7b25.mp3
klarweg-audio/public/audio/words/male/5fe359082bcf7b25.mp3,klarweg-audio-cdn/audio/male/5fe359082bcf7b25.mp3
klarweg-audio/public/audio/words/female/4c17066bd2e5ed1a.mp3,klarweg-audio-cdn/audio/female/4c17066bd2e5ed1a.mp3
klarweg-audio/public/audio/words/male/4c17066bd2e5ed1a.mp3,klarweg-audio-cdn/audio/male/4c17066bd2e5ed1a.mp3
klarweg-audio/public/audio/words/female/6b3ef9039cfe41e2.mp3,klarweg-audio-cdn/audio/female/6b3ef9039cfe41e2.mp3
klarweg-audio/public/audio/words/male/6b3ef9039cfe41e2.mp3,klarweg-audio-cdn/audio/male/6b3ef9039cfe41e2.mp3
klarweg-audio/public/audio/words/female/ea91ad895ecf6e01.mp3,klarweg-audio-cdn/audio/female/ea91ad895ecf6e01.mp3
klarweg-audio/public/audio/words/male/ea91ad895ecf6e01.mp3,klarweg-audio-cdn/audio/male/ea91ad895ecf6e01.mp3
klarweg-audio/public/audio/words/female/bae3a49b61b563ef.mp3,klarweg-audio-cdn/audio/female/bae3a49b61b563ef.mp3
klarweg-audio/public/audio/words/male/bae3a49b61b563ef.mp3,klarweg-audio-cdn/audio/male/bae3a49b61b563ef.mp3
klarweg-audio/public/audio/words/female/4b2b2cb30799a0ba.mp3,klarweg-audio-cdn/audio/female/4b2b2cb30799a0ba.mp3
klarweg-audio/public/audio/words/male/4b2b2cb30799a0ba.mp3,klarweg-audio-cdn/audio/male/4b2b2cb30799a0ba.mp3
klarweg-audio/public/audio/words/female/a8f6ec4a9d0af7de.mp3,klarweg-audio-cdn/audio/female/a8f6ec4a9d0af7de.mp3
klarweg-audio/public/audio/words/male/a8f6ec4a9d0af7de.mp3,klarweg-audio-cdn/audio/male/a8f6ec4a9d0af7de.mp3
klarweg-audio/public/audio/words/female/8a629178826e46f9.mp3,klarweg-audio-cdn/audio/female/8a629178826e46f9.mp3
klarweg-audio/public/audio/words/male/8a629178826e46f9.mp3,klarweg-audio-cdn/audio/male/8a629178826e46f9.mp3
klarweg-audio/public/audio/words/female/d3bd4a7d95164af1.mp3,klarweg-audio-cdn/audio/female/d3bd4a7d95164af1.mp3
klarweg-audio/public/audio/words/male/d3bd4a7d95164af1.mp3,klarweg-audio-cdn/audio/male/d3bd4a7d95164af1.mp3
klarweg-audio/public/audio/words/female/71e4040ef01e54d9.mp3,klarweg-audio-cdn/audio/female/71e4040ef01e54d9.mp3
klarweg-audio/public/audio/words/male/71e4040ef01e54d9.mp3,klarweg-audio-cdn/audio/male/71e4040ef01e54d9.mp3
klarweg-audio/public/audio/words/female/a11397b4d2c54c12.mp3,klarweg-audio-cdn/audio/female/a11397b4d2c54c12.mp3
klarweg-audio/public/audio/words/male/a11397b4d2c54c12.mp3,klarweg-audio-cdn/audio/male/a11397b4d2c54c12.mp3
klarweg-audio/public/audio/words/female/356482f8826aeb75.mp3,klarweg-audio-cdn/audio/female/356482f8826aeb75.mp3
klarweg-audio/public/audio/words/male/356482f8826aeb75.mp3,klarweg-audio-cdn/audio/male/356482f8826aeb75.mp3
klarweg-audio/public/audio/words/female/1f1dd25457c37beb.mp3,klarweg-audio-cdn/audio/female/1f1dd25457c37beb.mp3
klarweg-audio/public/audio/words/male/1f1dd25457c37beb.mp3,klarweg-audio-cdn/audio/male/1f1dd25457c37beb.mp3
klarweg-audio/public/audio/words/female/9402954f596f4ada.mp3,klarweg-audio-cdn/audio/female/9402954f596f4ada.mp3
klarweg-audio/public/audio/words/male/9402954f596f4ada.mp3,klarweg-audio-cdn/audio/male/9402954f596f4ada.mp3
klarweg-audio/public/audio/words/female/ead0a8f27df8e4ff.mp3,klarweg-audio-cdn/audio/female/ead0a8f27df8e4ff.mp3
klarweg-audio/public/audio/words/male/ead0a8f27df8e4ff.mp3,klarweg-audio-cdn/audio/male/ead0a8f27df8e4ff.mp3
klarweg-audio/public/audio/words/female/59a02eff00de1cde.mp3,klarweg-audio-cdn/audio/female/59a02eff00de1cde.mp3
klarweg-audio/public/audio/words/male/59a02eff00de1cde.mp3,klarweg-audio-cdn/audio/male/59a02eff00de1cde.mp3
klarweg-audio/public/audio/words/female/94bc43a670cb6d5e.mp3,klarweg-audio-cdn/audio/female/94bc43a670cb6d5e.mp3
klarweg-audio/public/audio/words/male/94bc43a670cb6d5e.mp3,klarweg-audio-cdn/audio/male/94bc43a670cb6d5e.mp3
klarweg-audio/public/audio/words/female/96670a540ec22296.mp3,klarweg-audio-cdn/audio/female/96670a540ec22296.mp3
klarweg-audio/public/audio/words/male/96670a540ec22296.mp3,klarweg-audio-cdn/audio/male/96670a540ec22296.mp3
klarweg-audio/public/audio/words/female/3de038da93184cc9.mp3,klarweg-audio-cdn/audio/female/3de038da93184cc9.mp3
klarweg-audio/public/audio/words/male/3de038da93184cc9.mp3,klarweg-audio-cdn/audio/male/3de038da93184cc9.mp3
klarweg-audio/public/audio/words/female/3d7784bc05349ff5.mp3,klarweg-audio-cdn/audio/female/3d7784bc05349ff5.mp3
klarweg-audio/public/audio/words/male/3d7784bc05349ff5.mp3,klarweg-audio-cdn/audio/male/3d7784bc05349ff5.mp3
klarweg-audio/public/audio/words/female/728ad30b83183fdf.mp3,klarweg-audio-cdn/audio/female/728ad30b83183fdf.mp3
klarweg-audio/public/audio/words/male/728ad30b83183fdf.mp3,klarweg-audio-cdn/audio/male/728ad30b83183fdf.mp3
klarweg-audio/public/audio/words/female/7afe2c65ab49ce11.mp3,klarweg-audio-cdn/audio/female/7afe2c65ab49ce11.mp3
klarweg-audio/public/audio/words/male/7afe2c65ab49ce11.mp3,klarweg-audio-cdn/audio/male/7afe2c65ab49ce11.mp3
klarweg-audio/public/audio/words/female/96f3a37e2058345b.mp3,klarweg-audio-cdn/audio/female/96f3a37e2058345b.mp3
klarweg-audio/public/audio/words/male/96f3a37e2058345b.mp3,klarweg-audio-cdn/audio/male/96f3a37e2058345b.mp3
klarweg-audio/public/audio/words/female/4c5f1f8551126ba2.mp3,klarweg-audio-cdn/audio/female/4c5f1f8551126ba2.mp3
klarweg-audio/public/audio/words/male/4c5f1f8551126ba2.mp3,klarweg-audio-cdn/audio/male/4c5f1f8551126ba2.mp3
klarweg-audio/public/audio/words/female/fe60c60f29af6b30.mp3,klarweg-audio-cdn/audio/female/fe60c60f29af6b30.mp3
klarweg-audio/public/audio/words/male/fe60c60f29af6b30.mp3,klarweg-audio-cdn/audio/male/fe60c60f29af6b30.mp3
klarweg-audio/public/audio/words/female/9756702619cf7f53.mp3,klarweg-audio-cdn/audio/female/9756702619cf7f53.mp3
klarweg-audio/public/audio/words/male/9756702619cf7f53.mp3,klarweg-audio-cdn/audio/male/9756702619cf7f53.mp3
klarweg-audio/public/audio/words/female/14362276d198a3fa.mp3,klarweg-audio-cdn/audio/female/14362276d198a3fa.mp3
klarweg-audio/public/audio/words/male/14362276d198a3fa.mp3,klarweg-audio-cdn/audio/male/14362276d198a3fa.mp3
klarweg-audio/public/audio/words/female/50d482d2690cff6c.mp3,klarweg-audio-cdn/audio/female/50d482d2690cff6c.mp3
klarweg-audio/public/audio/words/male/50d482d2690cff6c.mp3,klarweg-audio-cdn/audio/male/50d482d2690cff6c.mp3
klarweg-audio/public/audio/words/female/2e4427ab3383a5d5.mp3,klarweg-audio-cdn/audio/female/2e4427ab3383a5d5.mp3
klarweg-audio/public/audio/words/male/2e4427ab3383a5d5.mp3,klarweg-audio-cdn/audio/male/2e4427ab3383a5d5.mp3
klarweg-audio/public/audio/words/female/a4ebf8adcd99deec.mp3,klarweg-audio-cdn/audio/female/a4ebf8adcd99deec.mp3
klarweg-audio/public/audio/words/male/a4ebf8adcd99deec.mp3,klarweg-audio-cdn/audio/male/a4ebf8adcd99deec.mp3
klarweg-audio/public/audio/words/female/ae85a4f55a4fd20d.mp3,klarweg-audio-cdn/audio/female/ae85a4f55a4fd20d.mp3
klarweg-audio/public/audio/words/male/ae85a4f55a4fd20d.mp3,klarweg-audio-cdn/audio/male/ae85a4f55a4fd20d.mp3
klarweg-audio/public/audio/words/female/d6af595bce93f579.mp3,klarweg-audio-cdn/audio/female/d6af595bce93f579.mp3
klarweg-audio/public/audio/words/male/d6af595bce93f579.mp3,klarweg-audio-cdn/audio/male/d6af595bce93f579.mp3
klarweg-audio/public/audio/words/female/03484fb91f6e8f57.mp3,klarweg-audio-cdn/audio/female/03484fb91f6e8f57.mp3
klarweg-audio/public/audio/words/male/03484fb91f6e8f57.mp3,klarweg-audio-cdn/audio/male/03484fb91f6e8f57.mp3
klarweg-audio/public/audio/words/female/7d6de6d655059374.mp3,klarweg-audio-cdn/audio/female/7d6de6d655059374.mp3
klarweg-audio/public/audio/words/male/7d6de6d655059374.mp3,klarweg-audio-cdn/audio/male/7d6de6d655059374.mp3
klarweg-audio/public/audio/words/female/831568da6abbddf9.mp3,klarweg-audio-cdn/audio/female/831568da6abbddf9.mp3
klarweg-audio/public/audio/words/male/831568da6abbddf9.mp3,klarweg-audio-cdn/audio/male/831568da6abbddf9.mp3
klarweg-audio/public/audio/words/female/faabdb1eb27b7146.mp3,klarweg-audio-cdn/audio/female/faabdb1eb27b7146.mp3
klarweg-audio/public/audio/words/male/faabdb1eb27b7146.mp3,klarweg-audio-cdn/audio/male/faabdb1eb27b7146.mp3
klarweg-audio/public/audio/words/female/02741cebe7ae6446.mp3,klarweg-audio-cdn/audio/female/02741cebe7ae6446.mp3
klarweg-audio/public/audio/words/male/02741cebe7ae6446.mp3,klarweg-audio-cdn/audio/male/02741cebe7ae6446.mp3
klarweg-audio/public/audio/words/female/9064ee36a78081b3.mp3,klarweg-audio-cdn/audio/female/9064ee36a78081b3.mp3
klarweg-audio/public/audio/words/male/9064ee36a78081b3.mp3,klarweg-audio-cdn/audio/male/9064ee36a78081b3.mp3
klarweg-audio/public/audio/words/female/356200190f937205.mp3,klarweg-audio-cdn/audio/female/356200190f937205.mp3
klarweg-audio/public/audio/words/male/356200190f937205.mp3,klarweg-audio-cdn/audio/male/356200190f937205.mp3
klarweg-audio/public/audio/words/female/7d85cd154b8ae9bb.mp3,klarweg-audio-cdn/audio/female/7d85cd154b8ae9bb.mp3
klarweg-audio/public/audio/words/male/7d85cd154b8ae9bb.mp3,klarweg-audio-cdn/audio/male/7d85cd154b8ae9bb.mp3
klarweg-audio/public/audio/words/female/c214b63503939111.mp3,klarweg-audio-cdn/audio/female/c214b63503939111.mp3
klarweg-audio/public/audio/words/male/c214b63503939111.mp3,klarweg-audio-cdn/audio/male/c214b63503939111.mp3
klarweg-audio/public/audio/words/female/9a961949e057d18b.mp3,klarweg-audio-cdn/audio/female/9a961949e057d18b.mp3
klarweg-audio/public/audio/words/male/9a961949e057d18b.mp3,klarweg-audio-cdn/audio/male/9a961949e057d18b.mp3
klarweg-audio/public/audio/words/female/97dd6c846554c664.mp3,klarweg-audio-cdn/audio/female/97dd6c846554c664.mp3
klarweg-audio/public/audio/words/male/97dd6c846554c664.mp3,klarweg-audio-cdn/audio/male/97dd6c846554c664.mp3
klarweg-audio/public/audio/words/female/8372e42f5a9a923d.mp3,klarweg-audio-cdn/audio/female/8372e42f5a9a923d.mp3
klarweg-audio/public/audio/words/male/8372e42f5a9a923d.mp3,klarweg-audio-cdn/audio/male/8372e42f5a9a923d.mp3
klarweg-audio/public/audio/words/female/eb0db89d715fca16.mp3,klarweg-audio-cdn/audio/female/eb0db89d715fca16.mp3
klarweg-audio/public/audio/words/male/eb0db89d715fca16.mp3,klarweg-audio-cdn/audio/male/eb0db89d715fca16.mp3
klarweg-audio/public/audio/words/female/275082f3781b43bf.mp3,klarweg-audio-cdn/audio/female/275082f3781b43bf.mp3
klarweg-audio/public/audio/words/male/275082f3781b43bf.mp3,klarweg-audio-cdn/audio/male/275082f3781b43bf.mp3
klarweg-audio/public/audio/words/female/d5d6d90f00570d26.mp3,klarweg-audio-cdn/audio/female/d5d6d90f00570d26.mp3
klarweg-audio/public/audio/words/male/d5d6d90f00570d26.mp3,klarweg-audio-cdn/audio/male/d5d6d90f00570d26.mp3
klarweg-audio/public/audio/words/female/63f17d23ee350c87.mp3,klarweg-audio-cdn/audio/female/63f17d23ee350c87.mp3
klarweg-audio/public/audio/words/male/63f17d23ee350c87.mp3,klarweg-audio-cdn/audio/male/63f17d23ee350c87.mp3
klarweg-audio/public/audio/words/female/b21507da587083fa.mp3,klarweg-audio-cdn/audio/female/b21507da587083fa.mp3
klarweg-audio/public/audio/words/male/b21507da587083fa.mp3,klarweg-audio-cdn/audio/male/b21507da587083fa.mp3
klarweg-audio/public/audio/words/female/78ac8ce019993475.mp3,klarweg-audio-cdn/audio/female/78ac8ce019993475.mp3
klarweg-audio/public/audio/words/male/78ac8ce019993475.mp3,klarweg-audio-cdn/audio/male/78ac8ce019993475.mp3
klarweg-audio/public/audio/words/female/ed85e62b5a47e494.mp3,klarweg-audio-cdn/audio/female/ed85e62b5a47e494.mp3
klarweg-audio/public/audio/words/male/ed85e62b5a47e494.mp3,klarweg-audio-cdn/audio/male/ed85e62b5a47e494.mp3
klarweg-audio/public/audio/words/female/a0f90645c905e734.mp3,klarweg-audio-cdn/audio/female/a0f90645c905e734.mp3
klarweg-audio/public/audio/words/male/a0f90645c905e734.mp3,klarweg-audio-cdn/audio/male/a0f90645c905e734.mp3
klarweg-audio/public/audio/words/female/279721fc59fd46bc.mp3,klarweg-audio-cdn/audio/female/279721fc59fd46bc.mp3
klarweg-audio/public/audio/words/male/279721fc59fd46bc.mp3,klarweg-audio-cdn/audio/male/279721fc59fd46bc.mp3
klarweg-audio/public/audio/words/female/36c43db873bddfdb.mp3,klarweg-audio-cdn/audio/female/36c43db873bddfdb.mp3
klarweg-audio/public/audio/words/male/36c43db873bddfdb.mp3,klarweg-audio-cdn/audio/male/36c43db873bddfdb.mp3
klarweg-audio/public/audio/words/female/1f8995d109c345fc.mp3,klarweg-audio-cdn/audio/female/1f8995d109c345fc.mp3
klarweg-audio/public/audio/words/male/1f8995d109c345fc.mp3,klarweg-audio-cdn/audio/male/1f8995d109c345fc.mp3
klarweg-audio/public/audio/words/female/bd63a506f48ac0fe.mp3,klarweg-audio-cdn/audio/female/bd63a506f48ac0fe.mp3
klarweg-audio/public/audio/words/male/bd63a506f48ac0fe.mp3,klarweg-audio-cdn/audio/male/bd63a506f48ac0fe.mp3
klarweg-audio/public/audio/words/female/ced058d38697594b.mp3,klarweg-audio-cdn/audio/female/ced058d38697594b.mp3
klarweg-audio/public/audio/words/male/ced058d38697594b.mp3,klarweg-audio-cdn/audio/male/ced058d38697594b.mp3
klarweg-audio/public/audio/words/female/a12cfb976ab201fb.mp3,klarweg-audio-cdn/audio/female/a12cfb976ab201fb.mp3
klarweg-audio/public/audio/words/male/a12cfb976ab201fb.mp3,klarweg-audio-cdn/audio/male/a12cfb976ab201fb.mp3
klarweg-audio/public/audio/words/female/0eaefdd20969ebbe.mp3,klarweg-audio-cdn/audio/female/0eaefdd20969ebbe.mp3
klarweg-audio/public/audio/words/male/0eaefdd20969ebbe.mp3,klarweg-audio-cdn/audio/male/0eaefdd20969ebbe.mp3
klarweg-audio/public/audio/words/female/4e3880505c8d5d3d.mp3,klarweg-audio-cdn/audio/female/4e3880505c8d5d3d.mp3
klarweg-audio/public/audio/words/male/4e3880505c8d5d3d.mp3,klarweg-audio-cdn/audio/male/4e3880505c8d5d3d.mp3
klarweg-audio/public/audio/words/female/3c8ea74c4293c94d.mp3,klarweg-audio-cdn/audio/female/3c8ea74c4293c94d.mp3
klarweg-audio/public/audio/words/male/3c8ea74c4293c94d.mp3,klarweg-audio-cdn/audio/male/3c8ea74c4293c94d.mp3
klarweg-audio/public/audio/words/female/9c58240793dfe59d.mp3,klarweg-audio-cdn/audio/female/9c58240793dfe59d.mp3
klarweg-audio/public/audio/words/male/9c58240793dfe59d.mp3,klarweg-audio-cdn/audio/male/9c58240793dfe59d.mp3
klarweg-audio/public/audio/words/female/8d944077937d7697.mp3,klarweg-audio-cdn/audio/female/8d944077937d7697.mp3
klarweg-audio/public/audio/words/male/8d944077937d7697.mp3,klarweg-audio-cdn/audio/male/8d944077937d7697.mp3
klarweg-audio/public/audio/words/female/69ed3761c592d61b.mp3,klarweg-audio-cdn/audio/female/69ed3761c592d61b.mp3
klarweg-audio/public/audio/words/male/69ed3761c592d61b.mp3,klarweg-audio-cdn/audio/male/69ed3761c592d61b.mp3
klarweg-audio/public/audio/words/female/ae4a9151aab27c86.mp3,klarweg-audio-cdn/audio/female/ae4a9151aab27c86.mp3
klarweg-audio/public/audio/words/male/ae4a9151aab27c86.mp3,klarweg-audio-cdn/audio/male/ae4a9151aab27c86.mp3
klarweg-audio/public/audio/words/female/2193c991a692fd18.mp3,klarweg-audio-cdn/audio/female/2193c991a692fd18.mp3
klarweg-audio/public/audio/words/male/2193c991a692fd18.mp3,klarweg-audio-cdn/audio/male/2193c991a692fd18.mp3
klarweg-audio/public/audio/words/female/fce329e061c58350.mp3,klarweg-audio-cdn/audio/female/fce329e061c58350.mp3
klarweg-audio/public/audio/words/male/fce329e061c58350.mp3,klarweg-audio-cdn/audio/male/fce329e061c58350.mp3
klarweg-audio/public/audio/words/female/316b8b52384d35a9.mp3,klarweg-audio-cdn/audio/female/316b8b52384d35a9.mp3
klarweg-audio/public/audio/words/male/316b8b52384d35a9.mp3,klarweg-audio-cdn/audio/male/316b8b52384d35a9.mp3
klarweg-audio/public/audio/words/female/6cd2623028b5f5fc.mp3,klarweg-audio-cdn/audio/female/6cd2623028b5f5fc.mp3
klarweg-audio/public/audio/words/male/6cd2623028b5f5fc.mp3,klarweg-audio-cdn/audio/male/6cd2623028b5f5fc.mp3
klarweg-audio/public/audio/words/female/a4ac9fdb4df03c6f.mp3,klarweg-audio-cdn/audio/female/a4ac9fdb4df03c6f.mp3
klarweg-audio/public/audio/words/male/a4ac9fdb4df03c6f.mp3,klarweg-audio-cdn/audio/male/a4ac9fdb4df03c6f.mp3
klarweg-audio/public/audio/words/female/01a86ea047fb1706.mp3,klarweg-audio-cdn/audio/female/01a86ea047fb1706.mp3
klarweg-audio/public/audio/words/male/01a86ea047fb1706.mp3,klarweg-audio-cdn/audio/male/01a86ea047fb1706.mp3
klarweg-audio/public/audio/words/female/9c597424a433c2f8.mp3,klarweg-audio-cdn/audio/female/9c597424a433c2f8.mp3
klarweg-audio/public/audio/words/male/9c597424a433c2f8.mp3,klarweg-audio-cdn/audio/male/9c597424a433c2f8.mp3
klarweg-audio/public/audio/words/female/1731fcbe30c0df86.mp3,klarweg-audio-cdn/audio/female/1731fcbe30c0df86.mp3
klarweg-audio/public/audio/words/male/1731fcbe30c0df86.mp3,klarweg-audio-cdn/audio/male/1731fcbe30c0df86.mp3
klarweg-audio/public/audio/words/female/0c97664758d16c00.mp3,klarweg-audio-cdn/audio/female/0c97664758d16c00.mp3
klarweg-audio/public/audio/words/male/0c97664758d16c00.mp3,klarweg-audio-cdn/audio/male/0c97664758d16c00.mp3
klarweg-audio/public/audio/words/female/21f86efba0c17b9b.mp3,klarweg-audio-cdn/audio/female/21f86efba0c17b9b.mp3
klarweg-audio/public/audio/words/male/21f86efba0c17b9b.mp3,klarweg-audio-cdn/audio/male/21f86efba0c17b9b.mp3
klarweg-audio/public/audio/words/female/32366e97bd7a422b.mp3,klarweg-audio-cdn/audio/female/32366e97bd7a422b.mp3
klarweg-audio/public/audio/words/male/32366e97bd7a422b.mp3,klarweg-audio-cdn/audio/male/32366e97bd7a422b.mp3
klarweg-audio/public/audio/words/female/1d4b3b3c9d8a46a2.mp3,klarweg-audio-cdn/audio/female/1d4b3b3c9d8a46a2.mp3
klarweg-audio/public/audio/words/male/1d4b3b3c9d8a46a2.mp3,klarweg-audio-cdn/audio/male/1d4b3b3c9d8a46a2.mp3
klarweg-audio/public/audio/words/female/380cbcf49a6fafc6.mp3,klarweg-audio-cdn/audio/female/380cbcf49a6fafc6.mp3
klarweg-audio/public/audio/words/male/380cbcf49a6fafc6.mp3,klarweg-audio-cdn/audio/male/380cbcf49a6fafc6.mp3
klarweg-audio/public/audio/words/female/2427f96e9ac4135e.mp3,klarweg-audio-cdn/audio/female/2427f96e9ac4135e.mp3
klarweg-audio/public/audio/words/male/2427f96e9ac4135e.mp3,klarweg-audio-cdn/audio/male/2427f96e9ac4135e.mp3
klarweg-audio/public/audio/words/female/407c184a32974fe3.mp3,klarweg-audio-cdn/audio/female/407c184a32974fe3.mp3
klarweg-audio/public/audio/words/male/407c184a32974fe3.mp3,klarweg-audio-cdn/audio/male/407c184a32974fe3.mp3
klarweg-audio/public/audio/words/female/83110973e33c1e8a.mp3,klarweg-audio-cdn/audio/female/83110973e33c1e8a.mp3
klarweg-audio/public/audio/words/male/83110973e33c1e8a.mp3,klarweg-audio-cdn/audio/male/83110973e33c1e8a.mp3
klarweg-audio/public/audio/words/female/1989a5c98c03a343.mp3,klarweg-audio-cdn/audio/female/1989a5c98c03a343.mp3
klarweg-audio/public/audio/words/male/1989a5c98c03a343.mp3,klarweg-audio-cdn/audio/male/1989a5c98c03a343.mp3
klarweg-audio/public/audio/words/female/6eef6e5495e58955.mp3,klarweg-audio-cdn/audio/female/6eef6e5495e58955.mp3
klarweg-audio/public/audio/words/male/6eef6e5495e58955.mp3,klarweg-audio-cdn/audio/male/6eef6e5495e58955.mp3
klarweg-audio/public/audio/words/female/89ff07589a3a0190.mp3,klarweg-audio-cdn/audio/female/89ff07589a3a0190.mp3
klarweg-audio/public/audio/words/male/89ff07589a3a0190.mp3,klarweg-audio-cdn/audio/male/89ff07589a3a0190.mp3
klarweg-audio/public/audio/words/female/deb4489229dcefe2.mp3,klarweg-audio-cdn/audio/female/deb4489229dcefe2.mp3
klarweg-audio/public/audio/words/male/deb4489229dcefe2.mp3,klarweg-audio-cdn/audio/male/deb4489229dcefe2.mp3
klarweg-audio/public/audio/words/female/131f1f7a5fa94444.mp3,klarweg-audio-cdn/audio/female/131f1f7a5fa94444.mp3
klarweg-audio/public/audio/words/male/131f1f7a5fa94444.mp3,klarweg-audio-cdn/audio/male/131f1f7a5fa94444.mp3
klarweg-audio/public/audio/words/female/dd8019c9b51adcec.mp3,klarweg-audio-cdn/audio/female/dd8019c9b51adcec.mp3
klarweg-audio/public/audio/words/male/dd8019c9b51adcec.mp3,klarweg-audio-cdn/audio/male/dd8019c9b51adcec.mp3
klarweg-audio/public/audio/words/female/28aa63e28dfa2e52.mp3,klarweg-audio-cdn/audio/female/28aa63e28dfa2e52.mp3
klarweg-audio/public/audio/words/male/28aa63e28dfa2e52.mp3,klarweg-audio-cdn/audio/male/28aa63e28dfa2e52.mp3
klarweg-audio/public/audio/words/female/4ca6397b4bb6d4c7.mp3,klarweg-audio-cdn/audio/female/4ca6397b4bb6d4c7.mp3
klarweg-audio/public/audio/words/male/4ca6397b4bb6d4c7.mp3,klarweg-audio-cdn/audio/male/4ca6397b4bb6d4c7.mp3
klarweg-audio/public/audio/words/female/a152c1edf59a5ba6.mp3,klarweg-audio-cdn/audio/female/a152c1edf59a5ba6.mp3
klarweg-audio/public/audio/words/male/a152c1edf59a5ba6.mp3,klarweg-audio-cdn/audio/male/a152c1edf59a5ba6.mp3
klarweg-audio/public/audio/words/female/d3ba07c869bd17d4.mp3,klarweg-audio-cdn/audio/female/d3ba07c869bd17d4.mp3
klarweg-audio/public/audio/words/male/d3ba07c869bd17d4.mp3,klarweg-audio-cdn/audio/male/d3ba07c869bd17d4.mp3
klarweg-audio/public/audio/words/female/7a2ed73ffaba8f8c.mp3,klarweg-audio-cdn/audio/female/7a2ed73ffaba8f8c.mp3
klarweg-audio/public/audio/words/male/7a2ed73ffaba8f8c.mp3,klarweg-audio-cdn/audio/male/7a2ed73ffaba8f8c.mp3
klarweg-audio/public/audio/words/female/4c67149a1760cbf4.mp3,klarweg-audio-cdn/audio/female/4c67149a1760cbf4.mp3
klarweg-audio/public/audio/words/male/4c67149a1760cbf4.mp3,klarweg-audio-cdn/audio/male/4c67149a1760cbf4.mp3
klarweg-audio/public/audio/words/female/65120e5d301866e4.mp3,klarweg-audio-cdn/audio/female/65120e5d301866e4.mp3
klarweg-audio/public/audio/words/male/65120e5d301866e4.mp3,klarweg-audio-cdn/audio/male/65120e5d301866e4.mp3
klarweg-audio/public/audio/words/female/c836d2c07ffbd3cc.mp3,klarweg-audio-cdn/audio/female/c836d2c07ffbd3cc.mp3
klarweg-audio/public/audio/words/male/c836d2c07ffbd3cc.mp3,klarweg-audio-cdn/audio/male/c836d2c07ffbd3cc.mp3
klarweg-audio/public/audio/words/female/459e7d554a52cfd2.mp3,klarweg-audio-cdn/audio/female/459e7d554a52cfd2.mp3
klarweg-audio/public/audio/words/male/459e7d554a52cfd2.mp3,klarweg-audio-cdn/audio/male/459e7d554a52cfd2.mp3
klarweg-audio/public/audio/words/female/4189aa7038a28351.mp3,klarweg-audio-cdn/audio/female/4189aa7038a28351.mp3
klarweg-audio/public/audio/words/male/4189aa7038a28351.mp3,klarweg-audio-cdn/audio/male/4189aa7038a28351.mp3
klarweg-audio/public/audio/words/female/45abd87d11b2d0c2.mp3,klarweg-audio-cdn/audio/female/45abd87d11b2d0c2.mp3
klarweg-audio/public/audio/words/male/45abd87d11b2d0c2.mp3,klarweg-audio-cdn/audio/male/45abd87d11b2d0c2.mp3
klarweg-audio/public/audio/words/female/0dd2cde35fbf882c.mp3,klarweg-audio-cdn/audio/female/0dd2cde35fbf882c.mp3
klarweg-audio/public/audio/words/male/0dd2cde35fbf882c.mp3,klarweg-audio-cdn/audio/male/0dd2cde35fbf882c.mp3
klarweg-audio/public/audio/words/female/c7db9e88027111fe.mp3,klarweg-audio-cdn/audio/female/c7db9e88027111fe.mp3
klarweg-audio/public/audio/words/male/c7db9e88027111fe.mp3,klarweg-audio-cdn/audio/male/c7db9e88027111fe.mp3
klarweg-audio/public/audio/words/female/ed6e78ab28a16cb7.mp3,klarweg-audio-cdn/audio/female/ed6e78ab28a16cb7.mp3
klarweg-audio/public/audio/words/male/ed6e78ab28a16cb7.mp3,klarweg-audio-cdn/audio/male/ed6e78ab28a16cb7.mp3
klarweg-audio/public/audio/words/female/35bbff8c859a478d.mp3,klarweg-audio-cdn/audio/female/35bbff8c859a478d.mp3
klarweg-audio/public/audio/words/male/35bbff8c859a478d.mp3,klarweg-audio-cdn/audio/male/35bbff8c859a478d.mp3
klarweg-audio/public/audio/words/female/1daf198f08d93247.mp3,klarweg-audio-cdn/audio/female/1daf198f08d93247.mp3
klarweg-audio/public/audio/words/male/1daf198f08d93247.mp3,klarweg-audio-cdn/audio/male/1daf198f08d93247.mp3
klarweg-audio/public/audio/words/female/915acd2f8c6b28bb.mp3,klarweg-audio-cdn/audio/female/915acd2f8c6b28bb.mp3
klarweg-audio/public/audio/words/male/915acd2f8c6b28bb.mp3,klarweg-audio-cdn/audio/male/915acd2f8c6b28bb.mp3
klarweg-audio/public/audio/words/female/e1a11a731fd460d0.mp3,klarweg-audio-cdn/audio/female/e1a11a731fd460d0.mp3
klarweg-audio/public/audio/words/male/e1a11a731fd460d0.mp3,klarweg-audio-cdn/audio/male/e1a11a731fd460d0.mp3
klarweg-audio/public/audio/words/female/f578ef29eaf1515c.mp3,klarweg-audio-cdn/audio/female/f578ef29eaf1515c.mp3
klarweg-audio/public/audio/words/male/f578ef29eaf1515c.mp3,klarweg-audio-cdn/audio/male/f578ef29eaf1515c.mp3
klarweg-audio/public/audio/words/female/6399c331925b5ff5.mp3,klarweg-audio-cdn/audio/female/6399c331925b5ff5.mp3
klarweg-audio/public/audio/words/male/6399c331925b5ff5.mp3,klarweg-audio-cdn/audio/male/6399c331925b5ff5.mp3
klarweg-audio/public/audio/words/female/d54223d4831a5a31.mp3,klarweg-audio-cdn/audio/female/d54223d4831a5a31.mp3
klarweg-audio/public/audio/words/male/d54223d4831a5a31.mp3,klarweg-audio-cdn/audio/male/d54223d4831a5a31.mp3
klarweg-audio/public/audio/words/female/49133ad903cabf0b.mp3,klarweg-audio-cdn/audio/female/49133ad903cabf0b.mp3
klarweg-audio/public/audio/words/male/49133ad903cabf0b.mp3,klarweg-audio-cdn/audio/male/49133ad903cabf0b.mp3
klarweg-audio/public/audio/words/female/5bd1269b11fc4c7c.mp3,klarweg-audio-cdn/audio/female/5bd1269b11fc4c7c.mp3
klarweg-audio/public/audio/words/male/5bd1269b11fc4c7c.mp3,klarweg-audio-cdn/audio/male/5bd1269b11fc4c7c.mp3
klarweg-audio/public/audio/words/female/8a8a1a9fe8565d64.mp3,klarweg-audio-cdn/audio/female/8a8a1a9fe8565d64.mp3
klarweg-audio/public/audio/words/male/8a8a1a9fe8565d64.mp3,klarweg-audio-cdn/audio/male/8a8a1a9fe8565d64.mp3
klarweg-audio/public/audio/words/female/39088faee2f1d10f.mp3,klarweg-audio-cdn/audio/female/39088faee2f1d10f.mp3
klarweg-audio/public/audio/words/male/39088faee2f1d10f.mp3,klarweg-audio-cdn/audio/male/39088faee2f1d10f.mp3
klarweg-audio/public/audio/words/female/aee14cfdd6607818.mp3,klarweg-audio-cdn/audio/female/aee14cfdd6607818.mp3
klarweg-audio/public/audio/words/male/aee14cfdd6607818.mp3,klarweg-audio-cdn/audio/male/aee14cfdd6607818.mp3
klarweg-audio/public/audio/words/female/e9132a44a4d26ac7.mp3,klarweg-audio-cdn/audio/female/e9132a44a4d26ac7.mp3
klarweg-audio/public/audio/words/male/e9132a44a4d26ac7.mp3,klarweg-audio-cdn/audio/male/e9132a44a4d26ac7.mp3
klarweg-audio/public/audio/words/female/0aa2674635249a83.mp3,klarweg-audio-cdn/audio/female/0aa2674635249a83.mp3
klarweg-audio/public/audio/words/male/0aa2674635249a83.mp3,klarweg-audio-cdn/audio/male/0aa2674635249a83.mp3
klarweg-audio/public/audio/words/female/8627ced1ee2354c2.mp3,klarweg-audio-cdn/audio/female/8627ced1ee2354c2.mp3
klarweg-audio/public/audio/words/male/8627ced1ee2354c2.mp3,klarweg-audio-cdn/audio/male/8627ced1ee2354c2.mp3
klarweg-audio/public/audio/words/female/0b69c91a8b8bb992.mp3,klarweg-audio-cdn/audio/female/0b69c91a8b8bb992.mp3
klarweg-audio/public/audio/words/male/0b69c91a8b8bb992.mp3,klarweg-audio-cdn/audio/male/0b69c91a8b8bb992.mp3
klarweg-audio/public/audio/words/female/e54b8253ed8dac0a.mp3,klarweg-audio-cdn/audio/female/e54b8253ed8dac0a.mp3
klarweg-audio/public/audio/words/male/e54b8253ed8dac0a.mp3,klarweg-audio-cdn/audio/male/e54b8253ed8dac0a.mp3
klarweg-audio/public/audio/words/female/98f3edc9aa8ba1d1.mp3,klarweg-audio-cdn/audio/female/98f3edc9aa8ba1d1.mp3
klarweg-audio/public/audio/words/male/98f3edc9aa8ba1d1.mp3,klarweg-audio-cdn/audio/male/98f3edc9aa8ba1d1.mp3
klarweg-audio/public/audio/words/female/c271cb91fb39be3b.mp3,klarweg-audio-cdn/audio/female/c271cb91fb39be3b.mp3
klarweg-audio/public/audio/words/male/c271cb91fb39be3b.mp3,klarweg-audio-cdn/audio/male/c271cb91fb39be3b.mp3
klarweg-audio/public/audio/words/female/ffb93ae3703c904b.mp3,klarweg-audio-cdn/audio/female/ffb93ae3703c904b.mp3
klarweg-audio/public/audio/words/male/ffb93ae3703c904b.mp3,klarweg-audio-cdn/audio/male/ffb93ae3703c904b.mp3
klarweg-audio/public/audio/words/female/7424596521f86c37.mp3,klarweg-audio-cdn/audio/female/7424596521f86c37.mp3
klarweg-audio/public/audio/words/male/7424596521f86c37.mp3,klarweg-audio-cdn/audio/male/7424596521f86c37.mp3
klarweg-audio/public/audio/words/female/82b5882152c6c4ad.mp3,klarweg-audio-cdn/audio/female/82b5882152c6c4ad.mp3
klarweg-audio/public/audio/words/male/82b5882152c6c4ad.mp3,klarweg-audio-cdn/audio/male/82b5882152c6c4ad.mp3
klarweg-audio/public/audio/words/female/4234e8a4a7a5a8e2.mp3,klarweg-audio-cdn/audio/female/4234e8a4a7a5a8e2.mp3
klarweg-audio/public/audio/words/male/4234e8a4a7a5a8e2.mp3,klarweg-audio-cdn/audio/male/4234e8a4a7a5a8e2.mp3
klarweg-audio/public/audio/words/female/ad91abb7dcc3531d.mp3,klarweg-audio-cdn/audio/female/ad91abb7dcc3531d.mp3
klarweg-audio/public/audio/words/male/ad91abb7dcc3531d.mp3,klarweg-audio-cdn/audio/male/ad91abb7dcc3531d.mp3
klarweg-audio/public/audio/words/female/62dc09ce76149784.mp3,klarweg-audio-cdn/audio/female/62dc09ce76149784.mp3
klarweg-audio/public/audio/words/male/62dc09ce76149784.mp3,klarweg-audio-cdn/audio/male/62dc09ce76149784.mp3
klarweg-audio/public/audio/words/female/ffec361fd651430d.mp3,klarweg-audio-cdn/audio/female/ffec361fd651430d.mp3
klarweg-audio/public/audio/words/male/ffec361fd651430d.mp3,klarweg-audio-cdn/audio/male/ffec361fd651430d.mp3
klarweg-audio/public/audio/words/female/e90fad889a3bb2f3.mp3,klarweg-audio-cdn/audio/female/e90fad889a3bb2f3.mp3
klarweg-audio/public/audio/words/male/e90fad889a3bb2f3.mp3,klarweg-audio-cdn/audio/male/e90fad889a3bb2f3.mp3
klarweg-audio/public/audio/words/female/2128ffb48d81a189.mp3,klarweg-audio-cdn/audio/female/2128ffb48d81a189.mp3
klarweg-audio/public/audio/words/male/2128ffb48d81a189.mp3,klarweg-audio-cdn/audio/male/2128ffb48d81a189.mp3
klarweg-audio/public/audio/words/female/7b9080124c76386f.mp3,klarweg-audio-cdn/audio/female/7b9080124c76386f.mp3
klarweg-audio/public/audio/words/male/7b9080124c76386f.mp3,klarweg-audio-cdn/audio/male/7b9080124c76386f.mp3
klarweg-audio/public/audio/words/female/8a64856981ee41fc.mp3,klarweg-audio-cdn/audio/female/8a64856981ee41fc.mp3
klarweg-audio/public/audio/words/male/8a64856981ee41fc.mp3,klarweg-audio-cdn/audio/male/8a64856981ee41fc.mp3
klarweg-audio/public/audio/words/female/6e3465427fdeff44.mp3,klarweg-audio-cdn/audio/female/6e3465427fdeff44.mp3
klarweg-audio/public/audio/words/male/6e3465427fdeff44.mp3,klarweg-audio-cdn/audio/male/6e3465427fdeff44.mp3
klarweg-audio/public/audio/words/female/88d65ec8f6e63e57.mp3,klarweg-audio-cdn/audio/female/88d65ec8f6e63e57.mp3
klarweg-audio/public/audio/words/male/88d65ec8f6e63e57.mp3,klarweg-audio-cdn/audio/male/88d65ec8f6e63e57.mp3
klarweg-audio/public/audio/words/female/f37141f429de79a8.mp3,klarweg-audio-cdn/audio/female/f37141f429de79a8.mp3
klarweg-audio/public/audio/words/male/f37141f429de79a8.mp3,klarweg-audio-cdn/audio/male/f37141f429de79a8.mp3
klarweg-audio/public/audio/words/female/f8d568b1f021885c.mp3,klarweg-audio-cdn/audio/female/f8d568b1f021885c.mp3
klarweg-audio/public/audio/words/male/f8d568b1f021885c.mp3,klarweg-audio-cdn/audio/male/f8d568b1f021885c.mp3
klarweg-audio/public/audio/words/female/a953f460dfddf168.mp3,klarweg-audio-cdn/audio/female/a953f460dfddf168.mp3
klarweg-audio/public/audio/words/male/a953f460dfddf168.mp3,klarweg-audio-cdn/audio/male/a953f460dfddf168.mp3
klarweg-audio/public/audio/words/female/83680e7d8ca6339f.mp3,klarweg-audio-cdn/audio/female/83680e7d8ca6339f.mp3
klarweg-audio/public/audio/words/male/83680e7d8ca6339f.mp3,klarweg-audio-cdn/audio/male/83680e7d8ca6339f.mp3
klarweg-audio/public/audio/words/female/cafc1de0fa2189c5.mp3,klarweg-audio-cdn/audio/female/cafc1de0fa2189c5.mp3
klarweg-audio/public/audio/words/male/cafc1de0fa2189c5.mp3,klarweg-audio-cdn/audio/male/cafc1de0fa2189c5.mp3
klarweg-audio/public/audio/words/female/65873134655143f5.mp3,klarweg-audio-cdn/audio/female/65873134655143f5.mp3
klarweg-audio/public/audio/words/male/65873134655143f5.mp3,klarweg-audio-cdn/audio/male/65873134655143f5.mp3
klarweg-audio/public/audio/words/female/c9daa2847c88f974.mp3,klarweg-audio-cdn/audio/female/c9daa2847c88f974.mp3
klarweg-audio/public/audio/words/male/c9daa2847c88f974.mp3,klarweg-audio-cdn/audio/male/c9daa2847c88f974.mp3
klarweg-audio/public/audio/words/female/13b9eb09e7e91d8d.mp3,klarweg-audio-cdn/audio/female/13b9eb09e7e91d8d.mp3
klarweg-audio/public/audio/words/male/13b9eb09e7e91d8d.mp3,klarweg-audio-cdn/audio/male/13b9eb09e7e91d8d.mp3
klarweg-audio/public/audio/words/female/ff29981f98a81bfc.mp3,klarweg-audio-cdn/audio/female/ff29981f98a81bfc.mp3
klarweg-audio/public/audio/words/male/ff29981f98a81bfc.mp3,klarweg-audio-cdn/audio/male/ff29981f98a81bfc.mp3
klarweg-audio/public/audio/words/female/b8599348b16a3a35.mp3,klarweg-audio-cdn/audio/female/b8599348b16a3a35.mp3
klarweg-audio/public/audio/words/male/b8599348b16a3a35.mp3,klarweg-audio-cdn/audio/male/b8599348b16a3a35.mp3
klarweg-audio/public/audio/words/female/d860a4c469bab7ae.mp3,klarweg-audio-cdn/audio/female/d860a4c469bab7ae.mp3
klarweg-audio/public/audio/words/male/d860a4c469bab7ae.mp3,klarweg-audio-cdn/audio/male/d860a4c469bab7ae.mp3
klarweg-audio/public/audio/words/female/9a88dc4fcb40f756.mp3,klarweg-audio-cdn/audio/female/9a88dc4fcb40f756.mp3
klarweg-audio/public/audio/words/male/9a88dc4fcb40f756.mp3,klarweg-audio-cdn/audio/male/9a88dc4fcb40f756.mp3
klarweg-audio/public/audio/words/female/a6bb28330916bb92.mp3,klarweg-audio-cdn/audio/female/a6bb28330916bb92.mp3
klarweg-audio/public/audio/words/male/a6bb28330916bb92.mp3,klarweg-audio-cdn/audio/male/a6bb28330916bb92.mp3
klarweg-audio/public/audio/words/female/33570f12e2363ed6.mp3,klarweg-audio-cdn/audio/female/33570f12e2363ed6.mp3
klarweg-audio/public/audio/words/male/33570f12e2363ed6.mp3,klarweg-audio-cdn/audio/male/33570f12e2363ed6.mp3
klarweg-audio/public/audio/words/female/4645d1633e8ec9bf.mp3,klarweg-audio-cdn/audio/female/4645d1633e8ec9bf.mp3
klarweg-audio/public/audio/words/male/4645d1633e8ec9bf.mp3,klarweg-audio-cdn/audio/male/4645d1633e8ec9bf.mp3
klarweg-audio/public/audio/words/female/bfaed596d3bab9f8.mp3,klarweg-audio-cdn/audio/female/bfaed596d3bab9f8.mp3
klarweg-audio/public/audio/words/male/bfaed596d3bab9f8.mp3,klarweg-audio-cdn/audio/male/bfaed596d3bab9f8.mp3
klarweg-audio/public/audio/words/female/fc36cfa52180bcca.mp3,klarweg-audio-cdn/audio/female/fc36cfa52180bcca.mp3
klarweg-audio/public/audio/words/male/fc36cfa52180bcca.mp3,klarweg-audio-cdn/audio/male/fc36cfa52180bcca.mp3
klarweg-audio/public/audio/words/female/1cb0dff9fae2d1f3.mp3,klarweg-audio-cdn/audio/female/1cb0dff9fae2d1f3.mp3
klarweg-audio/public/audio/words/male/1cb0dff9fae2d1f3.mp3,klarweg-audio-cdn/audio/male/1cb0dff9fae2d1f3.mp3
klarweg-audio/public/audio/words/female/115b8d0251e8020f.mp3,klarweg-audio-cdn/audio/female/115b8d0251e8020f.mp3
klarweg-audio/public/audio/words/male/115b8d0251e8020f.mp3,klarweg-audio-cdn/audio/male/115b8d0251e8020f.mp3
klarweg-audio/public/audio/words/female/18663cdcaed6b7fa.mp3,klarweg-audio-cdn/audio/female/18663cdcaed6b7fa.mp3
klarweg-audio/public/audio/words/male/18663cdcaed6b7fa.mp3,klarweg-audio-cdn/audio/male/18663cdcaed6b7fa.mp3
klarweg-audio/public/audio/words/female/95cd97d1e9cb6f95.mp3,klarweg-audio-cdn/audio/female/95cd97d1e9cb6f95.mp3
klarweg-audio/public/audio/words/male/95cd97d1e9cb6f95.mp3,klarweg-audio-cdn/audio/male/95cd97d1e9cb6f95.mp3
klarweg-audio/public/audio/words/female/8308e61a66f864dd.mp3,klarweg-audio-cdn/audio/female/8308e61a66f864dd.mp3
klarweg-audio/public/audio/words/male/8308e61a66f864dd.mp3,klarweg-audio-cdn/audio/male/8308e61a66f864dd.mp3
klarweg-audio/public/audio/words/female/01173071c3dded72.mp3,klarweg-audio-cdn/audio/female/01173071c3dded72.mp3
klarweg-audio/public/audio/words/male/01173071c3dded72.mp3,klarweg-audio-cdn/audio/male/01173071c3dded72.mp3
klarweg-audio/public/audio/words/female/d87955493c5c0bf8.mp3,klarweg-audio-cdn/audio/female/d87955493c5c0bf8.mp3
klarweg-audio/public/audio/words/male/d87955493c5c0bf8.mp3,klarweg-audio-cdn/audio/male/d87955493c5c0bf8.mp3
klarweg-audio/public/audio/words/female/dbe3cd3d00aa8f8e.mp3,klarweg-audio-cdn/audio/female/dbe3cd3d00aa8f8e.mp3
klarweg-audio/public/audio/words/male/dbe3cd3d00aa8f8e.mp3,klarweg-audio-cdn/audio/male/dbe3cd3d00aa8f8e.mp3
klarweg-audio/public/audio/words/female/e6dda6d1456e9ab2.mp3,klarweg-audio-cdn/audio/female/e6dda6d1456e9ab2.mp3
klarweg-audio/public/audio/words/male/e6dda6d1456e9ab2.mp3,klarweg-audio-cdn/audio/male/e6dda6d1456e9ab2.mp3
klarweg-audio/public/audio/words/female/9f4c4318d078c8c7.mp3,klarweg-audio-cdn/audio/female/9f4c4318d078c8c7.mp3
klarweg-audio/public/audio/words/male/9f4c4318d078c8c7.mp3,klarweg-audio-cdn/audio/male/9f4c4318d078c8c7.mp3
klarweg-audio/public/audio/words/female/3c5451701061fb5d.mp3,klarweg-audio-cdn/audio/female/3c5451701061fb5d.mp3
klarweg-audio/public/audio/words/male/3c5451701061fb5d.mp3,klarweg-audio-cdn/audio/male/3c5451701061fb5d.mp3
klarweg-audio/public/audio/words/female/fb3e25f5e2e7c976.mp3,klarweg-audio-cdn/audio/female/fb3e25f5e2e7c976.mp3
klarweg-audio/public/audio/words/male/fb3e25f5e2e7c976.mp3,klarweg-audio-cdn/audio/male/fb3e25f5e2e7c976.mp3
klarweg-audio/public/audio/words/female/cc508257127f7298.mp3,klarweg-audio-cdn/audio/female/cc508257127f7298.mp3
klarweg-audio/public/audio/words/male/cc508257127f7298.mp3,klarweg-audio-cdn/audio/male/cc508257127f7298.mp3
klarweg-audio/public/audio/words/female/c23236b3e890ffae.mp3,klarweg-audio-cdn/audio/female/c23236b3e890ffae.mp3
klarweg-audio/public/audio/words/male/c23236b3e890ffae.mp3,klarweg-audio-cdn/audio/male/c23236b3e890ffae.mp3
klarweg-audio/public/audio/words/female/f170ea75acd7419f.mp3,klarweg-audio-cdn/audio/female/f170ea75acd7419f.mp3
klarweg-audio/public/audio/words/male/f170ea75acd7419f.mp3,klarweg-audio-cdn/audio/male/f170ea75acd7419f.mp3
klarweg-audio/public/audio/words/female/8cd097272209e46d.mp3,klarweg-audio-cdn/audio/female/8cd097272209e46d.mp3
klarweg-audio/public/audio/words/male/8cd097272209e46d.mp3,klarweg-audio-cdn/audio/male/8cd097272209e46d.mp3
klarweg-audio/public/audio/words/female/22bf025864d6d39a.mp3,klarweg-audio-cdn/audio/female/22bf025864d6d39a.mp3
klarweg-audio/public/audio/words/male/22bf025864d6d39a.mp3,klarweg-audio-cdn/audio/male/22bf025864d6d39a.mp3
klarweg-audio/public/audio/words/female/1baf128f456cd680.mp3,klarweg-audio-cdn/audio/female/1baf128f456cd680.mp3
klarweg-audio/public/audio/words/male/1baf128f456cd680.mp3,klarweg-audio-cdn/audio/male/1baf128f456cd680.mp3
klarweg-audio/public/audio/words/female/4d0defe675b425c2.mp3,klarweg-audio-cdn/audio/female/4d0defe675b425c2.mp3
klarweg-audio/public/audio/words/male/4d0defe675b425c2.mp3,klarweg-audio-cdn/audio/male/4d0defe675b425c2.mp3
klarweg-audio/public/audio/words/female/f0514d6812ed5fd5.mp3,klarweg-audio-cdn/audio/female/f0514d6812ed5fd5.mp3
klarweg-audio/public/audio/words/male/f0514d6812ed5fd5.mp3,klarweg-audio-cdn/audio/male/f0514d6812ed5fd5.mp3
klarweg-audio/public/audio/words/female/5eb08af4c81a4a55.mp3,klarweg-audio-cdn/audio/female/5eb08af4c81a4a55.mp3
klarweg-audio/public/audio/words/male/5eb08af4c81a4a55.mp3,klarweg-audio-cdn/audio/male/5eb08af4c81a4a55.mp3
klarweg-audio/public/audio/words/female/52d81fa5d231cb0d.mp3,klarweg-audio-cdn/audio/female/52d81fa5d231cb0d.mp3
klarweg-audio/public/audio/words/male/52d81fa5d231cb0d.mp3,klarweg-audio-cdn/audio/male/52d81fa5d231cb0d.mp3
klarweg-audio/public/audio/words/female/3d499736ea39562c.mp3,klarweg-audio-cdn/audio/female/3d499736ea39562c.mp3
klarweg-audio/public/audio/words/male/3d499736ea39562c.mp3,klarweg-audio-cdn/audio/male/3d499736ea39562c.mp3
klarweg-audio/public/audio/words/female/7bd0e3eed1e69c5e.mp3,klarweg-audio-cdn/audio/female/7bd0e3eed1e69c5e.mp3
klarweg-audio/public/audio/words/male/7bd0e3eed1e69c5e.mp3,klarweg-audio-cdn/audio/male/7bd0e3eed1e69c5e.mp3
klarweg-audio/public/audio/words/female/3d21bcd1d2cd6025.mp3,klarweg-audio-cdn/audio/female/3d21bcd1d2cd6025.mp3
klarweg-audio/public/audio/words/male/3d21bcd1d2cd6025.mp3,klarweg-audio-cdn/audio/male/3d21bcd1d2cd6025.mp3
klarweg-audio/public/audio/words/female/c2f728ff26c5bcc8.mp3,klarweg-audio-cdn/audio/female/c2f728ff26c5bcc8.mp3
klarweg-audio/public/audio/words/male/c2f728ff26c5bcc8.mp3,klarweg-audio-cdn/audio/male/c2f728ff26c5bcc8.mp3
klarweg-audio/public/audio/words/female/a4e2bd1d4b5617dc.mp3,klarweg-audio-cdn/audio/female/a4e2bd1d4b5617dc.mp3
klarweg-audio/public/audio/words/male/a4e2bd1d4b5617dc.mp3,klarweg-audio-cdn/audio/male/a4e2bd1d4b5617dc.mp3
klarweg-audio/public/audio/words/female/f37472f652a196be.mp3,klarweg-audio-cdn/audio/female/f37472f652a196be.mp3
klarweg-audio/public/audio/words/male/f37472f652a196be.mp3,klarweg-audio-cdn/audio/male/f37472f652a196be.mp3
klarweg-audio/public/audio/words/female/0fce373ecd7807b6.mp3,klarweg-audio-cdn/audio/female/0fce373ecd7807b6.mp3
klarweg-audio/public/audio/words/male/0fce373ecd7807b6.mp3,klarweg-audio-cdn/audio/male/0fce373ecd7807b6.mp3
klarweg-audio/public/audio/words/female/283cde4172e88bb5.mp3,klarweg-audio-cdn/audio/female/283cde4172e88bb5.mp3
klarweg-audio/public/audio/words/male/283cde4172e88bb5.mp3,klarweg-audio-cdn/audio/male/283cde4172e88bb5.mp3
klarweg-audio/public/audio/words/female/845722cc2ce4766c.mp3,klarweg-audio-cdn/audio/female/845722cc2ce4766c.mp3
klarweg-audio/public/audio/words/male/845722cc2ce4766c.mp3,klarweg-audio-cdn/audio/male/845722cc2ce4766c.mp3
klarweg-audio/public/audio/words/female/9f73bb0ac30e83c8.mp3,klarweg-audio-cdn/audio/female/9f73bb0ac30e83c8.mp3
klarweg-audio/public/audio/words/male/9f73bb0ac30e83c8.mp3,klarweg-audio-cdn/audio/male/9f73bb0ac30e83c8.mp3
klarweg-audio/public/audio/words/female/d3f1eaee753fa7ca.mp3,klarweg-audio-cdn/audio/female/d3f1eaee753fa7ca.mp3
klarweg-audio/public/audio/words/male/d3f1eaee753fa7ca.mp3,klarweg-audio-cdn/audio/male/d3f1eaee753fa7ca.mp3
klarweg-audio/public/audio/words/female/06625e956fa0e468.mp3,klarweg-audio-cdn/audio/female/06625e956fa0e468.mp3
klarweg-audio/public/audio/words/male/06625e956fa0e468.mp3,klarweg-audio-cdn/audio/male/06625e956fa0e468.mp3
klarweg-audio/public/audio/words/female/ce15bfbffb301994.mp3,klarweg-audio-cdn/audio/female/ce15bfbffb301994.mp3
klarweg-audio/public/audio/words/male/ce15bfbffb301994.mp3,klarweg-audio-cdn/audio/male/ce15bfbffb301994.mp3
klarweg-audio/public/audio/words/female/d48131e2bd9e6eef.mp3,klarweg-audio-cdn/audio/female/d48131e2bd9e6eef.mp3
klarweg-audio/public/audio/words/male/d48131e2bd9e6eef.mp3,klarweg-audio-cdn/audio/male/d48131e2bd9e6eef.mp3
klarweg-audio/public/audio/words/female/1208b9a0f2e81e87.mp3,klarweg-audio-cdn/audio/female/1208b9a0f2e81e87.mp3
klarweg-audio/public/audio/words/male/1208b9a0f2e81e87.mp3,klarweg-audio-cdn/audio/male/1208b9a0f2e81e87.mp3
klarweg-audio/public/audio/words/female/2427cdcde3cfd19b.mp3,klarweg-audio-cdn/audio/female/2427cdcde3cfd19b.mp3
klarweg-audio/public/audio/words/male/2427cdcde3cfd19b.mp3,klarweg-audio-cdn/audio/male/2427cdcde3cfd19b.mp3
klarweg-audio/public/audio/words/female/0e60fd1e8b4fb627.mp3,klarweg-audio-cdn/audio/female/0e60fd1e8b4fb627.mp3
klarweg-audio/public/audio/words/male/0e60fd1e8b4fb627.mp3,klarweg-audio-cdn/audio/male/0e60fd1e8b4fb627.mp3
klarweg-audio/public/audio/words/female/e060a1815cf2b688.mp3,klarweg-audio-cdn/audio/female/e060a1815cf2b688.mp3
klarweg-audio/public/audio/words/male/e060a1815cf2b688.mp3,klarweg-audio-cdn/audio/male/e060a1815cf2b688.mp3
klarweg-audio/public/audio/words/female/23f9097e8f731acd.mp3,klarweg-audio-cdn/audio/female/23f9097e8f731acd.mp3
klarweg-audio/public/audio/words/male/23f9097e8f731acd.mp3,klarweg-audio-cdn/audio/male/23f9097e8f731acd.mp3
klarweg-audio/public/audio/words/female/227b23266582aaf2.mp3,klarweg-audio-cdn/audio/female/227b23266582aaf2.mp3
klarweg-audio/public/audio/words/male/227b23266582aaf2.mp3,klarweg-audio-cdn/audio/male/227b23266582aaf2.mp3
klarweg-audio/public/audio/words/female/e55f535f9bc032b5.mp3,klarweg-audio-cdn/audio/female/e55f535f9bc032b5.mp3
klarweg-audio/public/audio/words/male/e55f535f9bc032b5.mp3,klarweg-audio-cdn/audio/male/e55f535f9bc032b5.mp3
klarweg-audio/public/audio/words/female/afc0a13106f43f4e.mp3,klarweg-audio-cdn/audio/female/afc0a13106f43f4e.mp3
klarweg-audio/public/audio/words/male/afc0a13106f43f4e.mp3,klarweg-audio-cdn/audio/male/afc0a13106f43f4e.mp3
klarweg-audio/public/audio/words/female/b3d957f8d02da761.mp3,klarweg-audio-cdn/audio/female/b3d957f8d02da761.mp3
klarweg-audio/public/audio/words/male/b3d957f8d02da761.mp3,klarweg-audio-cdn/audio/male/b3d957f8d02da761.mp3
klarweg-audio/public/audio/words/female/16e34b0c5aec84c4.mp3,klarweg-audio-cdn/audio/female/16e34b0c5aec84c4.mp3
klarweg-audio/public/audio/words/male/16e34b0c5aec84c4.mp3,klarweg-audio-cdn/audio/male/16e34b0c5aec84c4.mp3
klarweg-audio/public/audio/words/female/17ab7fd7fd6987ee.mp3,klarweg-audio-cdn/audio/female/17ab7fd7fd6987ee.mp3
klarweg-audio/public/audio/words/male/17ab7fd7fd6987ee.mp3,klarweg-audio-cdn/audio/male/17ab7fd7fd6987ee.mp3
klarweg-audio/public/audio/words/female/756ca78b63dc3be1.mp3,klarweg-audio-cdn/audio/female/756ca78b63dc3be1.mp3
klarweg-audio/public/audio/words/male/756ca78b63dc3be1.mp3,klarweg-audio-cdn/audio/male/756ca78b63dc3be1.mp3
klarweg-audio/public/audio/words/female/bc44a97eb730aeeb.mp3,klarweg-audio-cdn/audio/female/bc44a97eb730aeeb.mp3
klarweg-audio/public/audio/words/male/bc44a97eb730aeeb.mp3,klarweg-audio-cdn/audio/male/bc44a97eb730aeeb.mp3
klarweg-audio/public/audio/words/female/91aa78dc617a686e.mp3,klarweg-audio-cdn/audio/female/91aa78dc617a686e.mp3
klarweg-audio/public/audio/words/male/91aa78dc617a686e.mp3,klarweg-audio-cdn/audio/male/91aa78dc617a686e.mp3
klarweg-audio/public/audio/words/female/2f0ec747beed8288.mp3,klarweg-audio-cdn/audio/female/2f0ec747beed8288.mp3
klarweg-audio/public/audio/words/male/2f0ec747beed8288.mp3,klarweg-audio-cdn/audio/male/2f0ec747beed8288.mp3
klarweg-audio/public/audio/words/female/82d963892c49569d.mp3,klarweg-audio-cdn/audio/female/82d963892c49569d.mp3
klarweg-audio/public/audio/words/male/82d963892c49569d.mp3,klarweg-audio-cdn/audio/male/82d963892c49569d.mp3
klarweg-audio/public/audio/words/female/89fa4893b82f4795.mp3,klarweg-audio-cdn/audio/female/89fa4893b82f4795.mp3
klarweg-audio/public/audio/words/male/89fa4893b82f4795.mp3,klarweg-audio-cdn/audio/male/89fa4893b82f4795.mp3
klarweg-audio/public/audio/words/female/31fa197389b57128.mp3,klarweg-audio-cdn/audio/female/31fa197389b57128.mp3
klarweg-audio/public/audio/words/male/31fa197389b57128.mp3,klarweg-audio-cdn/audio/male/31fa197389b57128.mp3
klarweg-audio/public/audio/words/female/a8284ed3642dae30.mp3,klarweg-audio-cdn/audio/female/a8284ed3642dae30.mp3
klarweg-audio/public/audio/words/male/a8284ed3642dae30.mp3,klarweg-audio-cdn/audio/male/a8284ed3642dae30.mp3
klarweg-audio/public/audio/words/female/ca9eb8a9641a28c9.mp3,klarweg-audio-cdn/audio/female/ca9eb8a9641a28c9.mp3
klarweg-audio/public/audio/words/male/ca9eb8a9641a28c9.mp3,klarweg-audio-cdn/audio/male/ca9eb8a9641a28c9.mp3
klarweg-audio/public/audio/words/female/c043e33ec85c4506.mp3,klarweg-audio-cdn/audio/female/c043e33ec85c4506.mp3
klarweg-audio/public/audio/words/male/c043e33ec85c4506.mp3,klarweg-audio-cdn/audio/male/c043e33ec85c4506.mp3
klarweg-audio/public/audio/words/female/0daaac155cf1995f.mp3,klarweg-audio-cdn/audio/female/0daaac155cf1995f.mp3
klarweg-audio/public/audio/words/male/0daaac155cf1995f.mp3,klarweg-audio-cdn/audio/male/0daaac155cf1995f.mp3
klarweg-audio/public/audio/words/female/aa3ed50ceb9bc2bd.mp3,klarweg-audio-cdn/audio/female/aa3ed50ceb9bc2bd.mp3
klarweg-audio/public/audio/words/male/aa3ed50ceb9bc2bd.mp3,klarweg-audio-cdn/audio/male/aa3ed50ceb9bc2bd.mp3
klarweg-audio/public/audio/words/female/4274d7f3110fbdd7.mp3,klarweg-audio-cdn/audio/female/4274d7f3110fbdd7.mp3
klarweg-audio/public/audio/words/male/4274d7f3110fbdd7.mp3,klarweg-audio-cdn/audio/male/4274d7f3110fbdd7.mp3
klarweg-audio/public/audio/words/female/30a72541fc4f5caf.mp3,klarweg-audio-cdn/audio/female/30a72541fc4f5caf.mp3
klarweg-audio/public/audio/words/male/30a72541fc4f5caf.mp3,klarweg-audio-cdn/audio/male/30a72541fc4f5caf.mp3
klarweg-audio/public/audio/words/female/7b955928c0ba41a5.mp3,klarweg-audio-cdn/audio/female/7b955928c0ba41a5.mp3
klarweg-audio/public/audio/words/male/7b955928c0ba41a5.mp3,klarweg-audio-cdn/audio/male/7b955928c0ba41a5.mp3
klarweg-audio/public/audio/words/female/4b884bf3a973c02a.mp3,klarweg-audio-cdn/audio/female/4b884bf3a973c02a.mp3
klarweg-audio/public/audio/words/male/4b884bf3a973c02a.mp3,klarweg-audio-cdn/audio/male/4b884bf3a973c02a.mp3
klarweg-audio/public/audio/words/female/5f9319941cc9793b.mp3,klarweg-audio-cdn/audio/female/5f9319941cc9793b.mp3
klarweg-audio/public/audio/words/male/5f9319941cc9793b.mp3,klarweg-audio-cdn/audio/male/5f9319941cc9793b.mp3
klarweg-audio/public/audio/words/female/b0973baaa66a4f70.mp3,klarweg-audio-cdn/audio/female/b0973baaa66a4f70.mp3
klarweg-audio/public/audio/words/male/b0973baaa66a4f70.mp3,klarweg-audio-cdn/audio/male/b0973baaa66a4f70.mp3
klarweg-audio/public/audio/words/female/af03a3f0d76e1558.mp3,klarweg-audio-cdn/audio/female/af03a3f0d76e1558.mp3
klarweg-audio/public/audio/words/male/af03a3f0d76e1558.mp3,klarweg-audio-cdn/audio/male/af03a3f0d76e1558.mp3
klarweg-audio/public/audio/words/female/b6cb1e23f27c18c8.mp3,klarweg-audio-cdn/audio/female/b6cb1e23f27c18c8.mp3
klarweg-audio/public/audio/words/male/b6cb1e23f27c18c8.mp3,klarweg-audio-cdn/audio/male/b6cb1e23f27c18c8.mp3
klarweg-audio/public/audio/words/female/125461ed839e53ee.mp3,klarweg-audio-cdn/audio/female/125461ed839e53ee.mp3
klarweg-audio/public/audio/words/male/125461ed839e53ee.mp3,klarweg-audio-cdn/audio/male/125461ed839e53ee.mp3
klarweg-audio/public/audio/words/female/95531b08b01f3cc0.mp3,klarweg-audio-cdn/audio/female/95531b08b01f3cc0.mp3
klarweg-audio/public/audio/words/male/95531b08b01f3cc0.mp3,klarweg-audio-cdn/audio/male/95531b08b01f3cc0.mp3
klarweg-audio/public/audio/words/female/dc73ebb1bc602ced.mp3,klarweg-audio-cdn/audio/female/dc73ebb1bc602ced.mp3
klarweg-audio/public/audio/words/male/dc73ebb1bc602ced.mp3,klarweg-audio-cdn/audio/male/dc73ebb1bc602ced.mp3
klarweg-audio/public/audio/words/female/868a73d768e663e1.mp3,klarweg-audio-cdn/audio/female/868a73d768e663e1.mp3
klarweg-audio/public/audio/words/male/868a73d768e663e1.mp3,klarweg-audio-cdn/audio/male/868a73d768e663e1.mp3
klarweg-audio/public/audio/words/female/3b1a2fb62bc44e25.mp3,klarweg-audio-cdn/audio/female/3b1a2fb62bc44e25.mp3
klarweg-audio/public/audio/words/male/3b1a2fb62bc44e25.mp3,klarweg-audio-cdn/audio/male/3b1a2fb62bc44e25.mp3
klarweg-audio/public/audio/words/female/c50405119f65e527.mp3,klarweg-audio-cdn/audio/female/c50405119f65e527.mp3
klarweg-audio/public/audio/words/male/c50405119f65e527.mp3,klarweg-audio-cdn/audio/male/c50405119f65e527.mp3
klarweg-audio/public/audio/words/female/c7baaffeb75df237.mp3,klarweg-audio-cdn/audio/female/c7baaffeb75df237.mp3
klarweg-audio/public/audio/words/male/c7baaffeb75df237.mp3,klarweg-audio-cdn/audio/male/c7baaffeb75df237.mp3
klarweg-audio/public/audio/words/female/fec19092b5657ffb.mp3,klarweg-audio-cdn/audio/female/fec19092b5657ffb.mp3
klarweg-audio/public/audio/words/male/fec19092b5657ffb.mp3,klarweg-audio-cdn/audio/male/fec19092b5657ffb.mp3
klarweg-audio/public/audio/words/female/9443deffc0eed078.mp3,klarweg-audio-cdn/audio/female/9443deffc0eed078.mp3
klarweg-audio/public/audio/words/male/9443deffc0eed078.mp3,klarweg-audio-cdn/audio/male/9443deffc0eed078.mp3
klarweg-audio/public/audio/words/female/9159041ff46638f3.mp3,klarweg-audio-cdn/audio/female/9159041ff46638f3.mp3
klarweg-audio/public/audio/words/male/9159041ff46638f3.mp3,klarweg-audio-cdn/audio/male/9159041ff46638f3.mp3
klarweg-audio/public/audio/words/female/64f023b6399557bd.mp3,klarweg-audio-cdn/audio/female/64f023b6399557bd.mp3
klarweg-audio/public/audio/words/male/64f023b6399557bd.mp3,klarweg-audio-cdn/audio/male/64f023b6399557bd.mp3
klarweg-audio/public/audio/words/female/bde0dcfc2664f591.mp3,klarweg-audio-cdn/audio/female/bde0dcfc2664f591.mp3
klarweg-audio/public/audio/words/male/bde0dcfc2664f591.mp3,klarweg-audio-cdn/audio/male/bde0dcfc2664f591.mp3
klarweg-audio/public/audio/words/female/ed1a69afc9edbaf6.mp3,klarweg-audio-cdn/audio/female/ed1a69afc9edbaf6.mp3
klarweg-audio/public/audio/words/male/ed1a69afc9edbaf6.mp3,klarweg-audio-cdn/audio/male/ed1a69afc9edbaf6.mp3
klarweg-audio/public/audio/words/female/2dfc91fa49c93886.mp3,klarweg-audio-cdn/audio/female/2dfc91fa49c93886.mp3
klarweg-audio/public/audio/words/male/2dfc91fa49c93886.mp3,klarweg-audio-cdn/audio/male/2dfc91fa49c93886.mp3
klarweg-audio/public/audio/words/female/909b871949a740cc.mp3,klarweg-audio-cdn/audio/female/909b871949a740cc.mp3
klarweg-audio/public/audio/words/male/909b871949a740cc.mp3,klarweg-audio-cdn/audio/male/909b871949a740cc.mp3
klarweg-audio/public/audio/words/female/99ba05664be4b559.mp3,klarweg-audio-cdn/audio/female/99ba05664be4b559.mp3
klarweg-audio/public/audio/words/male/99ba05664be4b559.mp3,klarweg-audio-cdn/audio/male/99ba05664be4b559.mp3
klarweg-audio/public/audio/words/female/257dd1215239502b.mp3,klarweg-audio-cdn/audio/female/257dd1215239502b.mp3
klarweg-audio/public/audio/words/male/257dd1215239502b.mp3,klarweg-audio-cdn/audio/male/257dd1215239502b.mp3
klarweg-audio/public/audio/words/female/2ea2872ba3e2a7db.mp3,klarweg-audio-cdn/audio/female/2ea2872ba3e2a7db.mp3
klarweg-audio/public/audio/words/male/2ea2872ba3e2a7db.mp3,klarweg-audio-cdn/audio/male/2ea2872ba3e2a7db.mp3
klarweg-audio/public/audio/words/female/0c27505e78919ad1.mp3,klarweg-audio-cdn/audio/female/0c27505e78919ad1.mp3
klarweg-audio/public/audio/words/male/0c27505e78919ad1.mp3,klarweg-audio-cdn/audio/male/0c27505e78919ad1.mp3
klarweg-audio/public/audio/words/female/826fb83e12ffc62b.mp3,klarweg-audio-cdn/audio/female/826fb83e12ffc62b.mp3
klarweg-audio/public/audio/words/male/826fb83e12ffc62b.mp3,klarweg-audio-cdn/audio/male/826fb83e12ffc62b.mp3
klarweg-audio/public/audio/words/female/09b8049323b251b1.mp3,klarweg-audio-cdn/audio/female/09b8049323b251b1.mp3
klarweg-audio/public/audio/words/male/09b8049323b251b1.mp3,klarweg-audio-cdn/audio/male/09b8049323b251b1.mp3
klarweg-audio/public/audio/words/female/6d4e8debe201ead7.mp3,klarweg-audio-cdn/audio/female/6d4e8debe201ead7.mp3
klarweg-audio/public/audio/words/male/6d4e8debe201ead7.mp3,klarweg-audio-cdn/audio/male/6d4e8debe201ead7.mp3
klarweg-audio/public/audio/words/female/10359aa7636b5280.mp3,klarweg-audio-cdn/audio/female/10359aa7636b5280.mp3
klarweg-audio/public/audio/words/male/10359aa7636b5280.mp3,klarweg-audio-cdn/audio/male/10359aa7636b5280.mp3
klarweg-audio/public/audio/words/female/e0e2b65257dc561f.mp3,klarweg-audio-cdn/audio/female/e0e2b65257dc561f.mp3
klarweg-audio/public/audio/words/male/e0e2b65257dc561f.mp3,klarweg-audio-cdn/audio/male/e0e2b65257dc561f.mp3
klarweg-audio/public/audio/words/female/b1a620f2e36a60a8.mp3,klarweg-audio-cdn/audio/female/b1a620f2e36a60a8.mp3
klarweg-audio/public/audio/words/male/b1a620f2e36a60a8.mp3,klarweg-audio-cdn/audio/male/b1a620f2e36a60a8.mp3
klarweg-audio/public/audio/words/female/52f4244a7de1a78e.mp3,klarweg-audio-cdn/audio/female/52f4244a7de1a78e.mp3
klarweg-audio/public/audio/words/male/52f4244a7de1a78e.mp3,klarweg-audio-cdn/audio/male/52f4244a7de1a78e.mp3
klarweg-audio/public/audio/words/female/ecd1bad46451ef24.mp3,klarweg-audio-cdn/audio/female/ecd1bad46451ef24.mp3
klarweg-audio/public/audio/words/male/ecd1bad46451ef24.mp3,klarweg-audio-cdn/audio/male/ecd1bad46451ef24.mp3
klarweg-audio/public/audio/words/female/d188246ac9107f77.mp3,klarweg-audio-cdn/audio/female/d188246ac9107f77.mp3
klarweg-audio/public/audio/words/male/d188246ac9107f77.mp3,klarweg-audio-cdn/audio/male/d188246ac9107f77.mp3
klarweg-audio/public/audio/words/female/b3fccc7ffb482f7d.mp3,klarweg-audio-cdn/audio/female/b3fccc7ffb482f7d.mp3
klarweg-audio/public/audio/words/male/b3fccc7ffb482f7d.mp3,klarweg-audio-cdn/audio/male/b3fccc7ffb482f7d.mp3
klarweg-audio/public/audio/words/female/7aa5c929a6674f7c.mp3,klarweg-audio-cdn/audio/female/7aa5c929a6674f7c.mp3
klarweg-audio/public/audio/words/male/7aa5c929a6674f7c.mp3,klarweg-audio-cdn/audio/male/7aa5c929a6674f7c.mp3
klarweg-audio/public/audio/words/female/ee3a8a035409f220.mp3,klarweg-audio-cdn/audio/female/ee3a8a035409f220.mp3
klarweg-audio/public/audio/words/male/ee3a8a035409f220.mp3,klarweg-audio-cdn/audio/male/ee3a8a035409f220.mp3
klarweg-audio/public/audio/words/female/e35c3d3e17dd4e01.mp3,klarweg-audio-cdn/audio/female/e35c3d3e17dd4e01.mp3
klarweg-audio/public/audio/words/male/e35c3d3e17dd4e01.mp3,klarweg-audio-cdn/audio/male/e35c3d3e17dd4e01.mp3
klarweg-audio/public/audio/words/female/7bc708013ce4aa6c.mp3,klarweg-audio-cdn/audio/female/7bc708013ce4aa6c.mp3
klarweg-audio/public/audio/words/male/7bc708013ce4aa6c.mp3,klarweg-audio-cdn/audio/male/7bc708013ce4aa6c.mp3
klarweg-audio/public/audio/words/female/bdfa5c3949759cb9.mp3,klarweg-audio-cdn/audio/female/bdfa5c3949759cb9.mp3
klarweg-audio/public/audio/words/male/bdfa5c3949759cb9.mp3,klarweg-audio-cdn/audio/male/bdfa5c3949759cb9.mp3
klarweg-audio/public/audio/words/female/5e6de63d3048f8f6.mp3,klarweg-audio-cdn/audio/female/5e6de63d3048f8f6.mp3
klarweg-audio/public/audio/words/male/5e6de63d3048f8f6.mp3,klarweg-audio-cdn/audio/male/5e6de63d3048f8f6.mp3
klarweg-audio/public/audio/words/female/4cd7e46f13f8c723.mp3,klarweg-audio-cdn/audio/female/4cd7e46f13f8c723.mp3
klarweg-audio/public/audio/words/male/4cd7e46f13f8c723.mp3,klarweg-audio-cdn/audio/male/4cd7e46f13f8c723.mp3
klarweg-audio/public/audio/words/female/8ff476ef25a85760.mp3,klarweg-audio-cdn/audio/female/8ff476ef25a85760.mp3
klarweg-audio/public/audio/words/male/8ff476ef25a85760.mp3,klarweg-audio-cdn/audio/male/8ff476ef25a85760.mp3
klarweg-audio/public/audio/words/female/75c9561d41a7e4d0.mp3,klarweg-audio-cdn/audio/female/75c9561d41a7e4d0.mp3
klarweg-audio/public/audio/words/male/75c9561d41a7e4d0.mp3,klarweg-audio-cdn/audio/male/75c9561d41a7e4d0.mp3
klarweg-audio/public/audio/words/female/024e4d5bb888be9b.mp3,klarweg-audio-cdn/audio/female/024e4d5bb888be9b.mp3
klarweg-audio/public/audio/words/male/024e4d5bb888be9b.mp3,klarweg-audio-cdn/audio/male/024e4d5bb888be9b.mp3
klarweg-audio/public/audio/words/female/1b9d6fce807975e1.mp3,klarweg-audio-cdn/audio/female/1b9d6fce807975e1.mp3
klarweg-audio/public/audio/words/male/1b9d6fce807975e1.mp3,klarweg-audio-cdn/audio/male/1b9d6fce807975e1.mp3
klarweg-audio/public/audio/words/female/284b3bd955bb8e64.mp3,klarweg-audio-cdn/audio/female/284b3bd955bb8e64.mp3
klarweg-audio/public/audio/words/male/284b3bd955bb8e64.mp3,klarweg-audio-cdn/audio/male/284b3bd955bb8e64.mp3
klarweg-audio/public/audio/words/female/2be34a39f1387a9c.mp3,klarweg-audio-cdn/audio/female/2be34a39f1387a9c.mp3
klarweg-audio/public/audio/words/male/2be34a39f1387a9c.mp3,klarweg-audio-cdn/audio/male/2be34a39f1387a9c.mp3
klarweg-audio/public/audio/words/female/50b3e3d5d6ecb37d.mp3,klarweg-audio-cdn/audio/female/50b3e3d5d6ecb37d.mp3
klarweg-audio/public/audio/words/male/50b3e3d5d6ecb37d.mp3,klarweg-audio-cdn/audio/male/50b3e3d5d6ecb37d.mp3
klarweg-audio/public/audio/words/female/a6d065526d9f35b4.mp3,klarweg-audio-cdn/audio/female/a6d065526d9f35b4.mp3
klarweg-audio/public/audio/words/male/a6d065526d9f35b4.mp3,klarweg-audio-cdn/audio/male/a6d065526d9f35b4.mp3
klarweg-audio/public/audio/words/female/923a2b14be5ca8a1.mp3,klarweg-audio-cdn/audio/female/923a2b14be5ca8a1.mp3
klarweg-audio/public/audio/words/male/923a2b14be5ca8a1.mp3,klarweg-audio-cdn/audio/male/923a2b14be5ca8a1.mp3
klarweg-audio/public/audio/words/female/b08f395e043d77b1.mp3,klarweg-audio-cdn/audio/female/b08f395e043d77b1.mp3
klarweg-audio/public/audio/words/male/b08f395e043d77b1.mp3,klarweg-audio-cdn/audio/male/b08f395e043d77b1.mp3
klarweg-audio/public/audio/words/female/2e23404ffca2c901.mp3,klarweg-audio-cdn/audio/female/2e23404ffca2c901.mp3
klarweg-audio/public/audio/words/male/2e23404ffca2c901.mp3,klarweg-audio-cdn/audio/male/2e23404ffca2c901.mp3
klarweg-audio/public/audio/words/female/73df6acd8b91c5dd.mp3,klarweg-audio-cdn/audio/female/73df6acd8b91c5dd.mp3
klarweg-audio/public/audio/words/male/73df6acd8b91c5dd.mp3,klarweg-audio-cdn/audio/male/73df6acd8b91c5dd.mp3
klarweg-audio/public/audio/words/female/885bc5d72912f506.mp3,klarweg-audio-cdn/audio/female/885bc5d72912f506.mp3
klarweg-audio/public/audio/words/male/885bc5d72912f506.mp3,klarweg-audio-cdn/audio/male/885bc5d72912f506.mp3
klarweg-audio/public/audio/words/female/ca9751d307272469.mp3,klarweg-audio-cdn/audio/female/ca9751d307272469.mp3
klarweg-audio/public/audio/words/male/ca9751d307272469.mp3,klarweg-audio-cdn/audio/male/ca9751d307272469.mp3
klarweg-audio/public/audio/words/female/ff44f385e0f6a27f.mp3,klarweg-audio-cdn/audio/female/ff44f385e0f6a27f.mp3
klarweg-audio/public/audio/words/male/ff44f385e0f6a27f.mp3,klarweg-audio-cdn/audio/male/ff44f385e0f6a27f.mp3
klarweg-audio/public/audio/words/female/fb77f1584204f8a6.mp3,klarweg-audio-cdn/audio/female/fb77f1584204f8a6.mp3
klarweg-audio/public/audio/words/male/fb77f1584204f8a6.mp3,klarweg-audio-cdn/audio/male/fb77f1584204f8a6.mp3
klarweg-audio/public/audio/words/female/8d76dec7ecb6691d.mp3,klarweg-audio-cdn/audio/female/8d76dec7ecb6691d.mp3
klarweg-audio/public/audio/words/male/8d76dec7ecb6691d.mp3,klarweg-audio-cdn/audio/male/8d76dec7ecb6691d.mp3
klarweg-audio/public/audio/words/female/e5cbc121dae6d382.mp3,klarweg-audio-cdn/audio/female/e5cbc121dae6d382.mp3
klarweg-audio/public/audio/words/male/e5cbc121dae6d382.mp3,klarweg-audio-cdn/audio/male/e5cbc121dae6d382.mp3
klarweg-audio/public/audio/words/female/7d489b72cecb52aa.mp3,klarweg-audio-cdn/audio/female/7d489b72cecb52aa.mp3
klarweg-audio/public/audio/words/male/7d489b72cecb52aa.mp3,klarweg-audio-cdn/audio/male/7d489b72cecb52aa.mp3
klarweg-audio/public/audio/words/female/6a960928bf2245ef.mp3,klarweg-audio-cdn/audio/female/6a960928bf2245ef.mp3
klarweg-audio/public/audio/words/male/6a960928bf2245ef.mp3,klarweg-audio-cdn/audio/male/6a960928bf2245ef.mp3
klarweg-audio/public/audio/words/female/44b8340f22bc206d.mp3,klarweg-audio-cdn/audio/female/44b8340f22bc206d.mp3
klarweg-audio/public/audio/words/male/44b8340f22bc206d.mp3,klarweg-audio-cdn/audio/male/44b8340f22bc206d.mp3
klarweg-audio/public/audio/words/female/c2d561cb6a5b4b25.mp3,klarweg-audio-cdn/audio/female/c2d561cb6a5b4b25.mp3
klarweg-audio/public/audio/words/male/c2d561cb6a5b4b25.mp3,klarweg-audio-cdn/audio/male/c2d561cb6a5b4b25.mp3
klarweg-audio/public/audio/words/female/e2c9b75b13ad2ecd.mp3,klarweg-audio-cdn/audio/female/e2c9b75b13ad2ecd.mp3
klarweg-audio/public/audio/words/male/e2c9b75b13ad2ecd.mp3,klarweg-audio-cdn/audio/male/e2c9b75b13ad2ecd.mp3
klarweg-audio/public/audio/words/female/0863d60d12e12311.mp3,klarweg-audio-cdn/audio/female/0863d60d12e12311.mp3
klarweg-audio/public/audio/words/male/0863d60d12e12311.mp3,klarweg-audio-cdn/audio/male/0863d60d12e12311.mp3
klarweg-audio/public/audio/words/female/f0f4ae77233999cc.mp3,klarweg-audio-cdn/audio/female/f0f4ae77233999cc.mp3
klarweg-audio/public/audio/words/male/f0f4ae77233999cc.mp3,klarweg-audio-cdn/audio/male/f0f4ae77233999cc.mp3
klarweg-audio/public/audio/words/female/e11444a1f1101ab4.mp3,klarweg-audio-cdn/audio/female/e11444a1f1101ab4.mp3
klarweg-audio/public/audio/words/male/e11444a1f1101ab4.mp3,klarweg-audio-cdn/audio/male/e11444a1f1101ab4.mp3
klarweg-audio/public/audio/words/female/ee2ee169b2f6c7b8.mp3,klarweg-audio-cdn/audio/female/ee2ee169b2f6c7b8.mp3
klarweg-audio/public/audio/words/male/ee2ee169b2f6c7b8.mp3,klarweg-audio-cdn/audio/male/ee2ee169b2f6c7b8.mp3
klarweg-audio/public/audio/words/female/64dd858c9556406d.mp3,klarweg-audio-cdn/audio/female/64dd858c9556406d.mp3
klarweg-audio/public/audio/words/male/64dd858c9556406d.mp3,klarweg-audio-cdn/audio/male/64dd858c9556406d.mp3
klarweg-audio/public/audio/words/female/1747e3d4597143d6.mp3,klarweg-audio-cdn/audio/female/1747e3d4597143d6.mp3
klarweg-audio/public/audio/words/male/1747e3d4597143d6.mp3,klarweg-audio-cdn/audio/male/1747e3d4597143d6.mp3
klarweg-audio/public/audio/words/female/1793f53190c3d4d5.mp3,klarweg-audio-cdn/audio/female/1793f53190c3d4d5.mp3
klarweg-audio/public/audio/words/male/1793f53190c3d4d5.mp3,klarweg-audio-cdn/audio/male/1793f53190c3d4d5.mp3
klarweg-audio/public/audio/words/female/c8441a220f1885c4.mp3,klarweg-audio-cdn/audio/female/c8441a220f1885c4.mp3
klarweg-audio/public/audio/words/male/c8441a220f1885c4.mp3,klarweg-audio-cdn/audio/male/c8441a220f1885c4.mp3
klarweg-audio/public/audio/words/female/108439034c15cd32.mp3,klarweg-audio-cdn/audio/female/108439034c15cd32.mp3
klarweg-audio/public/audio/words/male/108439034c15cd32.mp3,klarweg-audio-cdn/audio/male/108439034c15cd32.mp3
klarweg-audio/public/audio/words/female/c8c3576e9fbd39ff.mp3,klarweg-audio-cdn/audio/female/c8c3576e9fbd39ff.mp3
klarweg-audio/public/audio/words/male/c8c3576e9fbd39ff.mp3,klarweg-audio-cdn/audio/male/c8c3576e9fbd39ff.mp3
klarweg-audio/public/audio/words/female/d6a4bfc77fb0d5be.mp3,klarweg-audio-cdn/audio/female/d6a4bfc77fb0d5be.mp3
klarweg-audio/public/audio/words/male/d6a4bfc77fb0d5be.mp3,klarweg-audio-cdn/audio/male/d6a4bfc77fb0d5be.mp3
klarweg-audio/public/audio/words/female/960319c2066b0186.mp3,klarweg-audio-cdn/audio/female/960319c2066b0186.mp3
klarweg-audio/public/audio/words/male/960319c2066b0186.mp3,klarweg-audio-cdn/audio/male/960319c2066b0186.mp3
klarweg-audio/public/audio/words/female/825520701ce7b3dc.mp3,klarweg-audio-cdn/audio/female/825520701ce7b3dc.mp3
klarweg-audio/public/audio/words/male/825520701ce7b3dc.mp3,klarweg-audio-cdn/audio/male/825520701ce7b3dc.mp3
klarweg-audio/public/audio/words/female/68230e34a7568358.mp3,klarweg-audio-cdn/audio/female/68230e34a7568358.mp3
klarweg-audio/public/audio/words/male/68230e34a7568358.mp3,klarweg-audio-cdn/audio/male/68230e34a7568358.mp3
klarweg-audio/public/audio/words/female/bb8e7e13b424936c.mp3,klarweg-audio-cdn/audio/female/bb8e7e13b424936c.mp3
klarweg-audio/public/audio/words/male/bb8e7e13b424936c.mp3,klarweg-audio-cdn/audio/male/bb8e7e13b424936c.mp3
klarweg-audio/public/audio/words/female/75b728dbda372f40.mp3,klarweg-audio-cdn/audio/female/75b728dbda372f40.mp3
klarweg-audio/public/audio/words/male/75b728dbda372f40.mp3,klarweg-audio-cdn/audio/male/75b728dbda372f40.mp3
klarweg-audio/public/audio/words/female/05d5f842296e77f3.mp3,klarweg-audio-cdn/audio/female/05d5f842296e77f3.mp3
klarweg-audio/public/audio/words/male/05d5f842296e77f3.mp3,klarweg-audio-cdn/audio/male/05d5f842296e77f3.mp3
klarweg-audio/public/audio/words/female/f06828123bf65c9f.mp3,klarweg-audio-cdn/audio/female/f06828123bf65c9f.mp3
klarweg-audio/public/audio/words/male/f06828123bf65c9f.mp3,klarweg-audio-cdn/audio/male/f06828123bf65c9f.mp3
klarweg-audio/public/audio/words/female/da6197a536718384.mp3,klarweg-audio-cdn/audio/female/da6197a536718384.mp3
klarweg-audio/public/audio/words/male/da6197a536718384.mp3,klarweg-audio-cdn/audio/male/da6197a536718384.mp3
klarweg-audio/public/audio/words/female/95246e55b3a4dfae.mp3,klarweg-audio-cdn/audio/female/95246e55b3a4dfae.mp3
klarweg-audio/public/audio/words/male/95246e55b3a4dfae.mp3,klarweg-audio-cdn/audio/male/95246e55b3a4dfae.mp3
klarweg-audio/public/audio/words/female/0ecab9c9bda830c6.mp3,klarweg-audio-cdn/audio/female/0ecab9c9bda830c6.mp3
klarweg-audio/public/audio/words/male/0ecab9c9bda830c6.mp3,klarweg-audio-cdn/audio/male/0ecab9c9bda830c6.mp3
klarweg-audio/public/audio/words/female/017328b0ed091507.mp3,klarweg-audio-cdn/audio/female/017328b0ed091507.mp3
klarweg-audio/public/audio/words/male/017328b0ed091507.mp3,klarweg-audio-cdn/audio/male/017328b0ed091507.mp3
klarweg-audio/public/audio/words/female/22a8c6686770882c.mp3,klarweg-audio-cdn/audio/female/22a8c6686770882c.mp3
klarweg-audio/public/audio/words/male/22a8c6686770882c.mp3,klarweg-audio-cdn/audio/male/22a8c6686770882c.mp3
klarweg-audio/public/audio/words/female/7f1c9ec5cf2b767d.mp3,klarweg-audio-cdn/audio/female/7f1c9ec5cf2b767d.mp3
klarweg-audio/public/audio/words/male/7f1c9ec5cf2b767d.mp3,klarweg-audio-cdn/audio/male/7f1c9ec5cf2b767d.mp3
klarweg-audio/public/audio/words/female/2549c2db1a753a0f.mp3,klarweg-audio-cdn/audio/female/2549c2db1a753a0f.mp3
klarweg-audio/public/audio/words/male/2549c2db1a753a0f.mp3,klarweg-audio-cdn/audio/male/2549c2db1a753a0f.mp3
klarweg-audio/public/audio/words/female/fa0847bb76310e00.mp3,klarweg-audio-cdn/audio/female/fa0847bb76310e00.mp3
klarweg-audio/public/audio/words/male/fa0847bb76310e00.mp3,klarweg-audio-cdn/audio/male/fa0847bb76310e00.mp3
klarweg-audio/public/audio/words/female/3db7ce96809e88e0.mp3,klarweg-audio-cdn/audio/female/3db7ce96809e88e0.mp3
klarweg-audio/public/audio/words/male/3db7ce96809e88e0.mp3,klarweg-audio-cdn/audio/male/3db7ce96809e88e0.mp3
klarweg-audio/public/audio/words/female/43f91cba68c8b84d.mp3,klarweg-audio-cdn/audio/female/43f91cba68c8b84d.mp3
klarweg-audio/public/audio/words/male/43f91cba68c8b84d.mp3,klarweg-audio-cdn/audio/male/43f91cba68c8b84d.mp3
klarweg-audio/public/audio/words/female/125ce63cbee52b1d.mp3,klarweg-audio-cdn/audio/female/125ce63cbee52b1d.mp3
klarweg-audio/public/audio/words/male/125ce63cbee52b1d.mp3,klarweg-audio-cdn/audio/male/125ce63cbee52b1d.mp3
klarweg-audio/public/audio/words/female/02579ca483598689.mp3,klarweg-audio-cdn/audio/female/02579ca483598689.mp3
klarweg-audio/public/audio/words/male/02579ca483598689.mp3,klarweg-audio-cdn/audio/male/02579ca483598689.mp3
klarweg-audio/public/audio/words/female/0590a122703557be.mp3,klarweg-audio-cdn/audio/female/0590a122703557be.mp3
klarweg-audio/public/audio/words/male/0590a122703557be.mp3,klarweg-audio-cdn/audio/male/0590a122703557be.mp3
klarweg-audio/public/audio/words/female/841ff4d4dfcc19bd.mp3,klarweg-audio-cdn/audio/female/841ff4d4dfcc19bd.mp3
klarweg-audio/public/audio/words/male/841ff4d4dfcc19bd.mp3,klarweg-audio-cdn/audio/male/841ff4d4dfcc19bd.mp3
klarweg-audio/public/audio/words/female/72947770da98be42.mp3,klarweg-audio-cdn/audio/female/72947770da98be42.mp3
klarweg-audio/public/audio/words/male/72947770da98be42.mp3,klarweg-audio-cdn/audio/male/72947770da98be42.mp3
klarweg-audio/public/audio/words/female/9d483109ff969dbe.mp3,klarweg-audio-cdn/audio/female/9d483109ff969dbe.mp3
klarweg-audio/public/audio/words/male/9d483109ff969dbe.mp3,klarweg-audio-cdn/audio/male/9d483109ff969dbe.mp3
klarweg-audio/public/audio/words/female/4b3f425fc598e7a2.mp3,klarweg-audio-cdn/audio/female/4b3f425fc598e7a2.mp3
klarweg-audio/public/audio/words/male/4b3f425fc598e7a2.mp3,klarweg-audio-cdn/audio/male/4b3f425fc598e7a2.mp3
klarweg-audio/public/audio/words/female/06046aea7aaee7ee.mp3,klarweg-audio-cdn/audio/female/06046aea7aaee7ee.mp3
klarweg-audio/public/audio/words/male/06046aea7aaee7ee.mp3,klarweg-audio-cdn/audio/male/06046aea7aaee7ee.mp3
klarweg-audio/public/audio/words/female/42464e0eb612b794.mp3,klarweg-audio-cdn/audio/female/42464e0eb612b794.mp3
klarweg-audio/public/audio/words/male/42464e0eb612b794.mp3,klarweg-audio-cdn/audio/male/42464e0eb612b794.mp3
klarweg-audio/public/audio/words/female/dfbef7017aec5501.mp3,klarweg-audio-cdn/audio/female/dfbef7017aec5501.mp3
klarweg-audio/public/audio/words/male/dfbef7017aec5501.mp3,klarweg-audio-cdn/audio/male/dfbef7017aec5501.mp3
klarweg-audio/public/audio/words/female/6aaabbb4e83790ca.mp3,klarweg-audio-cdn/audio/female/6aaabbb4e83790ca.mp3
klarweg-audio/public/audio/words/male/6aaabbb4e83790ca.mp3,klarweg-audio-cdn/audio/male/6aaabbb4e83790ca.mp3
klarweg-audio/public/audio/words/female/55029d3bd3784af9.mp3,klarweg-audio-cdn/audio/female/55029d3bd3784af9.mp3
klarweg-audio/public/audio/words/male/55029d3bd3784af9.mp3,klarweg-audio-cdn/audio/male/55029d3bd3784af9.mp3
klarweg-audio/public/audio/words/female/5542c63d314fca66.mp3,klarweg-audio-cdn/audio/female/5542c63d314fca66.mp3
klarweg-audio/public/audio/words/male/5542c63d314fca66.mp3,klarweg-audio-cdn/audio/male/5542c63d314fca66.mp3
klarweg-audio/public/audio/words/female/8636f0b3e5f2142e.mp3,klarweg-audio-cdn/audio/female/8636f0b3e5f2142e.mp3
klarweg-audio/public/audio/words/male/8636f0b3e5f2142e.mp3,klarweg-audio-cdn/audio/male/8636f0b3e5f2142e.mp3
klarweg-audio/public/audio/words/female/26c5a2e88642c928.mp3,klarweg-audio-cdn/audio/female/26c5a2e88642c928.mp3
klarweg-audio/public/audio/words/male/26c5a2e88642c928.mp3,klarweg-audio-cdn/audio/male/26c5a2e88642c928.mp3
klarweg-audio/public/audio/words/female/b05f70788d868244.mp3,klarweg-audio-cdn/audio/female/b05f70788d868244.mp3
klarweg-audio/public/audio/words/male/b05f70788d868244.mp3,klarweg-audio-cdn/audio/male/b05f70788d868244.mp3
klarweg-audio/public/audio/words/female/2f9c8e6cee0a563f.mp3,klarweg-audio-cdn/audio/female/2f9c8e6cee0a563f.mp3
klarweg-audio/public/audio/words/male/2f9c8e6cee0a563f.mp3,klarweg-audio-cdn/audio/male/2f9c8e6cee0a563f.mp3
klarweg-audio/public/audio/words/female/cc2ddd75671aa87f.mp3,klarweg-audio-cdn/audio/female/cc2ddd75671aa87f.mp3
klarweg-audio/public/audio/words/male/cc2ddd75671aa87f.mp3,klarweg-audio-cdn/audio/male/cc2ddd75671aa87f.mp3
klarweg-audio/public/audio/words/female/0ed04351b321a368.mp3,klarweg-audio-cdn/audio/female/0ed04351b321a368.mp3
klarweg-audio/public/audio/words/male/0ed04351b321a368.mp3,klarweg-audio-cdn/audio/male/0ed04351b321a368.mp3
klarweg-audio/public/audio/words/female/ed398b78231006f4.mp3,klarweg-audio-cdn/audio/female/ed398b78231006f4.mp3
klarweg-audio/public/audio/words/male/ed398b78231006f4.mp3,klarweg-audio-cdn/audio/male/ed398b78231006f4.mp3
klarweg-audio/public/audio/words/female/812ce2c9dfb9d0e8.mp3,klarweg-audio-cdn/audio/female/812ce2c9dfb9d0e8.mp3
klarweg-audio/public/audio/words/male/812ce2c9dfb9d0e8.mp3,klarweg-audio-cdn/audio/male/812ce2c9dfb9d0e8.mp3
klarweg-audio/public/audio/words/female/cf6166a7f4479bec.mp3,klarweg-audio-cdn/audio/female/cf6166a7f4479bec.mp3
klarweg-audio/public/audio/words/male/cf6166a7f4479bec.mp3,klarweg-audio-cdn/audio/male/cf6166a7f4479bec.mp3
klarweg-audio/public/audio/words/female/189272f9402eeb01.mp3,klarweg-audio-cdn/audio/female/189272f9402eeb01.mp3
klarweg-audio/public/audio/words/male/189272f9402eeb01.mp3,klarweg-audio-cdn/audio/male/189272f9402eeb01.mp3
klarweg-audio/public/audio/words/female/779d3f3fa9cd94fc.mp3,klarweg-audio-cdn/audio/female/779d3f3fa9cd94fc.mp3
klarweg-audio/public/audio/words/male/779d3f3fa9cd94fc.mp3,klarweg-audio-cdn/audio/male/779d3f3fa9cd94fc.mp3
klarweg-audio/public/audio/words/female/a92fe33069967600.mp3,klarweg-audio-cdn/audio/female/a92fe33069967600.mp3
klarweg-audio/public/audio/words/male/a92fe33069967600.mp3,klarweg-audio-cdn/audio/male/a92fe33069967600.mp3
klarweg-audio/public/audio/words/female/9c286b9f26c03d33.mp3,klarweg-audio-cdn/audio/female/9c286b9f26c03d33.mp3
klarweg-audio/public/audio/words/male/9c286b9f26c03d33.mp3,klarweg-audio-cdn/audio/male/9c286b9f26c03d33.mp3
klarweg-audio/public/audio/words/female/4956acd4dc782c38.mp3,klarweg-audio-cdn/audio/female/4956acd4dc782c38.mp3
klarweg-audio/public/audio/words/male/4956acd4dc782c38.mp3,klarweg-audio-cdn/audio/male/4956acd4dc782c38.mp3
klarweg-audio/public/audio/words/female/423987cbbb274a56.mp3,klarweg-audio-cdn/audio/female/423987cbbb274a56.mp3
klarweg-audio/public/audio/words/male/423987cbbb274a56.mp3,klarweg-audio-cdn/audio/male/423987cbbb274a56.mp3
klarweg-audio/public/audio/words/female/dd89a6c67a34d33d.mp3,klarweg-audio-cdn/audio/female/dd89a6c67a34d33d.mp3
klarweg-audio/public/audio/words/male/dd89a6c67a34d33d.mp3,klarweg-audio-cdn/audio/male/dd89a6c67a34d33d.mp3
klarweg-audio/public/audio/words/female/3e1bb91f1c961112.mp3,klarweg-audio-cdn/audio/female/3e1bb91f1c961112.mp3
klarweg-audio/public/audio/words/male/3e1bb91f1c961112.mp3,klarweg-audio-cdn/audio/male/3e1bb91f1c961112.mp3
klarweg-audio/public/audio/words/female/126bbed0e480356e.mp3,klarweg-audio-cdn/audio/female/126bbed0e480356e.mp3
klarweg-audio/public/audio/words/male/126bbed0e480356e.mp3,klarweg-audio-cdn/audio/male/126bbed0e480356e.mp3
klarweg-audio/public/audio/words/female/a6f6bbb81b2e8e59.mp3,klarweg-audio-cdn/audio/female/a6f6bbb81b2e8e59.mp3
klarweg-audio/public/audio/words/male/a6f6bbb81b2e8e59.mp3,klarweg-audio-cdn/audio/male/a6f6bbb81b2e8e59.mp3
klarweg-audio/public/audio/words/female/ba2c3f3d4bb40a63.mp3,klarweg-audio-cdn/audio/female/ba2c3f3d4bb40a63.mp3
klarweg-audio/public/audio/words/male/ba2c3f3d4bb40a63.mp3,klarweg-audio-cdn/audio/male/ba2c3f3d4bb40a63.mp3
klarweg-audio/public/audio/words/female/f1a36b4c02d8e507.mp3,klarweg-audio-cdn/audio/female/f1a36b4c02d8e507.mp3
klarweg-audio/public/audio/words/male/f1a36b4c02d8e507.mp3,klarweg-audio-cdn/audio/male/f1a36b4c02d8e507.mp3
klarweg-audio/public/audio/words/female/4c370fe7537ba30f.mp3,klarweg-audio-cdn/audio/female/4c370fe7537ba30f.mp3
klarweg-audio/public/audio/words/male/4c370fe7537ba30f.mp3,klarweg-audio-cdn/audio/male/4c370fe7537ba30f.mp3
klarweg-audio/public/audio/words/female/e3a72ef505696e09.mp3,klarweg-audio-cdn/audio/female/e3a72ef505696e09.mp3
klarweg-audio/public/audio/words/male/e3a72ef505696e09.mp3,klarweg-audio-cdn/audio/male/e3a72ef505696e09.mp3
klarweg-audio/public/audio/words/female/185e23dc6d5a646c.mp3,klarweg-audio-cdn/audio/female/185e23dc6d5a646c.mp3
klarweg-audio/public/audio/words/male/185e23dc6d5a646c.mp3,klarweg-audio-cdn/audio/male/185e23dc6d5a646c.mp3
klarweg-audio/public/audio/words/female/0a52def79ba3d6ce.mp3,klarweg-audio-cdn/audio/female/0a52def79ba3d6ce.mp3
klarweg-audio/public/audio/words/male/0a52def79ba3d6ce.mp3,klarweg-audio-cdn/audio/male/0a52def79ba3d6ce.mp3
klarweg-audio/public/audio/words/female/5dc73a1c41e908a6.mp3,klarweg-audio-cdn/audio/female/5dc73a1c41e908a6.mp3
klarweg-audio/public/audio/words/male/5dc73a1c41e908a6.mp3,klarweg-audio-cdn/audio/male/5dc73a1c41e908a6.mp3
klarweg-audio/public/audio/words/female/2ffafc1a6f578299.mp3,klarweg-audio-cdn/audio/female/2ffafc1a6f578299.mp3
klarweg-audio/public/audio/words/male/2ffafc1a6f578299.mp3,klarweg-audio-cdn/audio/male/2ffafc1a6f578299.mp3
klarweg-audio/public/audio/words/female/2c21c78aea689f35.mp3,klarweg-audio-cdn/audio/female/2c21c78aea689f35.mp3
klarweg-audio/public/audio/words/male/2c21c78aea689f35.mp3,klarweg-audio-cdn/audio/male/2c21c78aea689f35.mp3
klarweg-audio/public/audio/words/female/b598e73e3e6679cd.mp3,klarweg-audio-cdn/audio/female/b598e73e3e6679cd.mp3
klarweg-audio/public/audio/words/male/b598e73e3e6679cd.mp3,klarweg-audio-cdn/audio/male/b598e73e3e6679cd.mp3
klarweg-audio/public/audio/words/female/a1c06ee4e258d8a8.mp3,klarweg-audio-cdn/audio/female/a1c06ee4e258d8a8.mp3
klarweg-audio/public/audio/words/male/a1c06ee4e258d8a8.mp3,klarweg-audio-cdn/audio/male/a1c06ee4e258d8a8.mp3
klarweg-audio/public/audio/words/female/f8ad8e9d83d73f61.mp3,klarweg-audio-cdn/audio/female/f8ad8e9d83d73f61.mp3
klarweg-audio/public/audio/words/male/f8ad8e9d83d73f61.mp3,klarweg-audio-cdn/audio/male/f8ad8e9d83d73f61.mp3
klarweg-audio/public/audio/words/female/5c2d7f22e01429e3.mp3,klarweg-audio-cdn/audio/female/5c2d7f22e01429e3.mp3
klarweg-audio/public/audio/words/male/5c2d7f22e01429e3.mp3,klarweg-audio-cdn/audio/male/5c2d7f22e01429e3.mp3
klarweg-audio/public/audio/words/female/eddbd308f420e98a.mp3,klarweg-audio-cdn/audio/female/eddbd308f420e98a.mp3
klarweg-audio/public/audio/words/male/eddbd308f420e98a.mp3,klarweg-audio-cdn/audio/male/eddbd308f420e98a.mp3
klarweg-audio/public/audio/words/female/684f0bf9563c95b8.mp3,klarweg-audio-cdn/audio/female/684f0bf9563c95b8.mp3
klarweg-audio/public/audio/words/male/684f0bf9563c95b8.mp3,klarweg-audio-cdn/audio/male/684f0bf9563c95b8.mp3
klarweg-audio/public/audio/words/female/631c23bf13e330ca.mp3,klarweg-audio-cdn/audio/female/631c23bf13e330ca.mp3
klarweg-audio/public/audio/words/male/631c23bf13e330ca.mp3,klarweg-audio-cdn/audio/male/631c23bf13e330ca.mp3
klarweg-audio/public/audio/words/female/2fe096282c7a1589.mp3,klarweg-audio-cdn/audio/female/2fe096282c7a1589.mp3
klarweg-audio/public/audio/words/male/2fe096282c7a1589.mp3,klarweg-audio-cdn/audio/male/2fe096282c7a1589.mp3
klarweg-audio/public/audio/words/female/79b17190fb5a4351.mp3,klarweg-audio-cdn/audio/female/79b17190fb5a4351.mp3
klarweg-audio/public/audio/words/male/79b17190fb5a4351.mp3,klarweg-audio-cdn/audio/male/79b17190fb5a4351.mp3
klarweg-audio/public/audio/words/female/7f7e512eb9a077cd.mp3,klarweg-audio-cdn/audio/female/7f7e512eb9a077cd.mp3
klarweg-audio/public/audio/words/male/7f7e512eb9a077cd.mp3,klarweg-audio-cdn/audio/male/7f7e512eb9a077cd.mp3
klarweg-audio/public/audio/words/female/7dd10eab892bcb9f.mp3,klarweg-audio-cdn/audio/female/7dd10eab892bcb9f.mp3
klarweg-audio/public/audio/words/male/7dd10eab892bcb9f.mp3,klarweg-audio-cdn/audio/male/7dd10eab892bcb9f.mp3
klarweg-audio/public/audio/words/female/4cda494c0acf5618.mp3,klarweg-audio-cdn/audio/female/4cda494c0acf5618.mp3
klarweg-audio/public/audio/words/male/4cda494c0acf5618.mp3,klarweg-audio-cdn/audio/male/4cda494c0acf5618.mp3
klarweg-audio/public/audio/words/female/2c8cc6dbe885749d.mp3,klarweg-audio-cdn/audio/female/2c8cc6dbe885749d.mp3
klarweg-audio/public/audio/words/male/2c8cc6dbe885749d.mp3,klarweg-audio-cdn/audio/male/2c8cc6dbe885749d.mp3
klarweg-audio/public/audio/words/female/5d15a2ff3b931669.mp3,klarweg-audio-cdn/audio/female/5d15a2ff3b931669.mp3
klarweg-audio/public/audio/words/male/5d15a2ff3b931669.mp3,klarweg-audio-cdn/audio/male/5d15a2ff3b931669.mp3
klarweg-audio/public/audio/words/female/76ac13077433c3b6.mp3,klarweg-audio-cdn/audio/female/76ac13077433c3b6.mp3
klarweg-audio/public/audio/words/male/76ac13077433c3b6.mp3,klarweg-audio-cdn/audio/male/76ac13077433c3b6.mp3
klarweg-audio/public/audio/words/female/174452af113d90e7.mp3,klarweg-audio-cdn/audio/female/174452af113d90e7.mp3
klarweg-audio/public/audio/words/male/174452af113d90e7.mp3,klarweg-audio-cdn/audio/male/174452af113d90e7.mp3
klarweg-audio/public/audio/words/female/aa6a724f640353d7.mp3,klarweg-audio-cdn/audio/female/aa6a724f640353d7.mp3
klarweg-audio/public/audio/words/male/aa6a724f640353d7.mp3,klarweg-audio-cdn/audio/male/aa6a724f640353d7.mp3
klarweg-audio/public/audio/words/female/effd3597334fc463.mp3,klarweg-audio-cdn/audio/female/effd3597334fc463.mp3
klarweg-audio/public/audio/words/male/effd3597334fc463.mp3,klarweg-audio-cdn/audio/male/effd3597334fc463.mp3
klarweg-audio/public/audio/words/female/ee712a12c4af1d6f.mp3,klarweg-audio-cdn/audio/female/ee712a12c4af1d6f.mp3
klarweg-audio/public/audio/words/male/ee712a12c4af1d6f.mp3,klarweg-audio-cdn/audio/male/ee712a12c4af1d6f.mp3
klarweg-audio/public/audio/words/female/5d843ca2637bb682.mp3,klarweg-audio-cdn/audio/female/5d843ca2637bb682.mp3
klarweg-audio/public/audio/words/male/5d843ca2637bb682.mp3,klarweg-audio-cdn/audio/male/5d843ca2637bb682.mp3
klarweg-audio/public/audio/words/female/ec2e1f4ce02d8a0d.mp3,klarweg-audio-cdn/audio/female/ec2e1f4ce02d8a0d.mp3
klarweg-audio/public/audio/words/male/ec2e1f4ce02d8a0d.mp3,klarweg-audio-cdn/audio/male/ec2e1f4ce02d8a0d.mp3
klarweg-audio/public/audio/words/female/2f0fb32e9b112d6e.mp3,klarweg-audio-cdn/audio/female/2f0fb32e9b112d6e.mp3
klarweg-audio/public/audio/words/male/2f0fb32e9b112d6e.mp3,klarweg-audio-cdn/audio/male/2f0fb32e9b112d6e.mp3
klarweg-audio/public/audio/words/female/47945b8c24b6a3f1.mp3,klarweg-audio-cdn/audio/female/47945b8c24b6a3f1.mp3
klarweg-audio/public/audio/words/male/47945b8c24b6a3f1.mp3,klarweg-audio-cdn/audio/male/47945b8c24b6a3f1.mp3
klarweg-audio/public/audio/words/female/bffc5916976639a0.mp3,klarweg-audio-cdn/audio/female/bffc5916976639a0.mp3
klarweg-audio/public/audio/words/male/bffc5916976639a0.mp3,klarweg-audio-cdn/audio/male/bffc5916976639a0.mp3
klarweg-audio/public/audio/words/female/592fe1238c90d782.mp3,klarweg-audio-cdn/audio/female/592fe1238c90d782.mp3
klarweg-audio/public/audio/words/male/592fe1238c90d782.mp3,klarweg-audio-cdn/audio/male/592fe1238c90d782.mp3
klarweg-audio/public/audio/words/female/599ad6577e1e3271.mp3,klarweg-audio-cdn/audio/female/599ad6577e1e3271.mp3
klarweg-audio/public/audio/words/male/599ad6577e1e3271.mp3,klarweg-audio-cdn/audio/male/599ad6577e1e3271.mp3
klarweg-audio/public/audio/words/female/0cf851d2a1b51ce1.mp3,klarweg-audio-cdn/audio/female/0cf851d2a1b51ce1.mp3
klarweg-audio/public/audio/words/male/0cf851d2a1b51ce1.mp3,klarweg-audio-cdn/audio/male/0cf851d2a1b51ce1.mp3
klarweg-audio/public/audio/words/female/7a6f01cd9380a523.mp3,klarweg-audio-cdn/audio/female/7a6f01cd9380a523.mp3
klarweg-audio/public/audio/words/male/7a6f01cd9380a523.mp3,klarweg-audio-cdn/audio/male/7a6f01cd9380a523.mp3
klarweg-audio/public/audio/words/female/7add3a6b6f8fdd25.mp3,klarweg-audio-cdn/audio/female/7add3a6b6f8fdd25.mp3
klarweg-audio/public/audio/words/male/7add3a6b6f8fdd25.mp3,klarweg-audio-cdn/audio/male/7add3a6b6f8fdd25.mp3
klarweg-audio/public/audio/words/female/3c58036cc7f280a5.mp3,klarweg-audio-cdn/audio/female/3c58036cc7f280a5.mp3
klarweg-audio/public/audio/words/male/3c58036cc7f280a5.mp3,klarweg-audio-cdn/audio/male/3c58036cc7f280a5.mp3
klarweg-audio/public/audio/words/female/aca5c95d07322fb0.mp3,klarweg-audio-cdn/audio/female/aca5c95d07322fb0.mp3
klarweg-audio/public/audio/words/male/aca5c95d07322fb0.mp3,klarweg-audio-cdn/audio/male/aca5c95d07322fb0.mp3
klarweg-audio/public/audio/words/female/06f50e239cdd074d.mp3,klarweg-audio-cdn/audio/female/06f50e239cdd074d.mp3
klarweg-audio/public/audio/words/male/06f50e239cdd074d.mp3,klarweg-audio-cdn/audio/male/06f50e239cdd074d.mp3
klarweg-audio/public/audio/words/female/6f3bdd3e0a23077f.mp3,klarweg-audio-cdn/audio/female/6f3bdd3e0a23077f.mp3
klarweg-audio/public/audio/words/male/6f3bdd3e0a23077f.mp3,klarweg-audio-cdn/audio/male/6f3bdd3e0a23077f.mp3
klarweg-audio/public/audio/words/female/d0e50ed238208fd5.mp3,klarweg-audio-cdn/audio/female/d0e50ed238208fd5.mp3
klarweg-audio/public/audio/words/male/d0e50ed238208fd5.mp3,klarweg-audio-cdn/audio/male/d0e50ed238208fd5.mp3
klarweg-audio/public/audio/words/female/0f73b072202f79ee.mp3,klarweg-audio-cdn/audio/female/0f73b072202f79ee.mp3
klarweg-audio/public/audio/words/male/0f73b072202f79ee.mp3,klarweg-audio-cdn/audio/male/0f73b072202f79ee.mp3
klarweg-audio/public/audio/words/female/7ab14c2add6cbf3a.mp3,klarweg-audio-cdn/audio/female/7ab14c2add6cbf3a.mp3
klarweg-audio/public/audio/words/male/7ab14c2add6cbf3a.mp3,klarweg-audio-cdn/audio/male/7ab14c2add6cbf3a.mp3
klarweg-audio/public/audio/words/female/d58114b685ba2a6a.mp3,klarweg-audio-cdn/audio/female/d58114b685ba2a6a.mp3
klarweg-audio/public/audio/words/male/d58114b685ba2a6a.mp3,klarweg-audio-cdn/audio/male/d58114b685ba2a6a.mp3
klarweg-audio/public/audio/words/female/942d24a8653de917.mp3,klarweg-audio-cdn/audio/female/942d24a8653de917.mp3
klarweg-audio/public/audio/words/male/942d24a8653de917.mp3,klarweg-audio-cdn/audio/male/942d24a8653de917.mp3
klarweg-audio/public/audio/words/female/71b2764a633df662.mp3,klarweg-audio-cdn/audio/female/71b2764a633df662.mp3
klarweg-audio/public/audio/words/male/71b2764a633df662.mp3,klarweg-audio-cdn/audio/male/71b2764a633df662.mp3
klarweg-audio/public/audio/words/female/992639f5d29020dd.mp3,klarweg-audio-cdn/audio/female/992639f5d29020dd.mp3
klarweg-audio/public/audio/words/male/992639f5d29020dd.mp3,klarweg-audio-cdn/audio/male/992639f5d29020dd.mp3
klarweg-audio/public/audio/words/female/6fe29a06dae314d2.mp3,klarweg-audio-cdn/audio/female/6fe29a06dae314d2.mp3
klarweg-audio/public/audio/words/male/6fe29a06dae314d2.mp3,klarweg-audio-cdn/audio/male/6fe29a06dae314d2.mp3
klarweg-audio/public/audio/words/female/40dfa339e73864c8.mp3,klarweg-audio-cdn/audio/female/40dfa339e73864c8.mp3
klarweg-audio/public/audio/words/male/40dfa339e73864c8.mp3,klarweg-audio-cdn/audio/male/40dfa339e73864c8.mp3
klarweg-audio/public/audio/words/female/8007365060835884.mp3,klarweg-audio-cdn/audio/female/8007365060835884.mp3
klarweg-audio/public/audio/words/male/8007365060835884.mp3,klarweg-audio-cdn/audio/male/8007365060835884.mp3
klarweg-audio/public/audio/words/female/56282dd8df85761a.mp3,klarweg-audio-cdn/audio/female/56282dd8df85761a.mp3
klarweg-audio/public/audio/words/male/56282dd8df85761a.mp3,klarweg-audio-cdn/audio/male/56282dd8df85761a.mp3
klarweg-audio/public/audio/words/female/55199c2f8bf093c4.mp3,klarweg-audio-cdn/audio/female/55199c2f8bf093c4.mp3
klarweg-audio/public/audio/words/male/55199c2f8bf093c4.mp3,klarweg-audio-cdn/audio/male/55199c2f8bf093c4.mp3
klarweg-audio/public/audio/words/female/8f8935fe62db0570.mp3,klarweg-audio-cdn/audio/female/8f8935fe62db0570.mp3
klarweg-audio/public/audio/words/male/8f8935fe62db0570.mp3,klarweg-audio-cdn/audio/male/8f8935fe62db0570.mp3
klarweg-audio/public/audio/words/female/f29da62668f62710.mp3,klarweg-audio-cdn/audio/female/f29da62668f62710.mp3
klarweg-audio/public/audio/words/male/f29da62668f62710.mp3,klarweg-audio-cdn/audio/male/f29da62668f62710.mp3
klarweg-audio/public/audio/words/female/cd81056decb4660e.mp3,klarweg-audio-cdn/audio/female/cd81056decb4660e.mp3
klarweg-audio/public/audio/words/male/cd81056decb4660e.mp3,klarweg-audio-cdn/audio/male/cd81056decb4660e.mp3
klarweg-audio/public/audio/words/female/0a90ad0b9f3b996d.mp3,klarweg-audio-cdn/audio/female/0a90ad0b9f3b996d.mp3
klarweg-audio/public/audio/words/male/0a90ad0b9f3b996d.mp3,klarweg-audio-cdn/audio/male/0a90ad0b9f3b996d.mp3
klarweg-audio/public/audio/words/female/b9f1d265c1e6f942.mp3,klarweg-audio-cdn/audio/female/b9f1d265c1e6f942.mp3
klarweg-audio/public/audio/words/male/b9f1d265c1e6f942.mp3,klarweg-audio-cdn/audio/male/b9f1d265c1e6f942.mp3
klarweg-audio/public/audio/words/female/cfc39aa69310df7c.mp3,klarweg-audio-cdn/audio/female/cfc39aa69310df7c.mp3
klarweg-audio/public/audio/words/male/cfc39aa69310df7c.mp3,klarweg-audio-cdn/audio/male/cfc39aa69310df7c.mp3
klarweg-audio/public/audio/words/female/eae941dbbaf35e00.mp3,klarweg-audio-cdn/audio/female/eae941dbbaf35e00.mp3
klarweg-audio/public/audio/words/male/eae941dbbaf35e00.mp3,klarweg-audio-cdn/audio/male/eae941dbbaf35e00.mp3
klarweg-audio/public/audio/words/female/6e36dbf7e2bbb1bb.mp3,klarweg-audio-cdn/audio/female/6e36dbf7e2bbb1bb.mp3
klarweg-audio/public/audio/words/male/6e36dbf7e2bbb1bb.mp3,klarweg-audio-cdn/audio/male/6e36dbf7e2bbb1bb.mp3
klarweg-audio/public/audio/words/female/778434ae67f9eb6a.mp3,klarweg-audio-cdn/audio/female/778434ae67f9eb6a.mp3
klarweg-audio/public/audio/words/male/778434ae67f9eb6a.mp3,klarweg-audio-cdn/audio/male/778434ae67f9eb6a.mp3
klarweg-audio/public/audio/words/female/84b28eadb0a4c6c6.mp3,klarweg-audio-cdn/audio/female/84b28eadb0a4c6c6.mp3
klarweg-audio/public/audio/words/male/84b28eadb0a4c6c6.mp3,klarweg-audio-cdn/audio/male/84b28eadb0a4c6c6.mp3
klarweg-audio/public/audio/words/female/8bcc5190957a83cf.mp3,klarweg-audio-cdn/audio/female/8bcc5190957a83cf.mp3
klarweg-audio/public/audio/words/male/8bcc5190957a83cf.mp3,klarweg-audio-cdn/audio/male/8bcc5190957a83cf.mp3
klarweg-audio/public/audio/words/female/e1b0fde12e937002.mp3,klarweg-audio-cdn/audio/female/e1b0fde12e937002.mp3
klarweg-audio/public/audio/words/male/e1b0fde12e937002.mp3,klarweg-audio-cdn/audio/male/e1b0fde12e937002.mp3
klarweg-audio/public/audio/words/female/0bc3d512ba27fc05.mp3,klarweg-audio-cdn/audio/female/0bc3d512ba27fc05.mp3
klarweg-audio/public/audio/words/male/0bc3d512ba27fc05.mp3,klarweg-audio-cdn/audio/male/0bc3d512ba27fc05.mp3
klarweg-audio/public/audio/words/female/4fa272d3bcb0fff8.mp3,klarweg-audio-cdn/audio/female/4fa272d3bcb0fff8.mp3
klarweg-audio/public/audio/words/male/4fa272d3bcb0fff8.mp3,klarweg-audio-cdn/audio/male/4fa272d3bcb0fff8.mp3
klarweg-audio/public/audio/words/female/daa4f63b5a30ddba.mp3,klarweg-audio-cdn/audio/female/daa4f63b5a30ddba.mp3
klarweg-audio/public/audio/words/male/daa4f63b5a30ddba.mp3,klarweg-audio-cdn/audio/male/daa4f63b5a30ddba.mp3
klarweg-audio/public/audio/words/female/2b3632e12ff9311a.mp3,klarweg-audio-cdn/audio/female/2b3632e12ff9311a.mp3
klarweg-audio/public/audio/words/male/2b3632e12ff9311a.mp3,klarweg-audio-cdn/audio/male/2b3632e12ff9311a.mp3
klarweg-audio/public/audio/words/female/721adbe100b749c4.mp3,klarweg-audio-cdn/audio/female/721adbe100b749c4.mp3
klarweg-audio/public/audio/words/male/721adbe100b749c4.mp3,klarweg-audio-cdn/audio/male/721adbe100b749c4.mp3
klarweg-audio/public/audio/words/female/2af31194c294b7fa.mp3,klarweg-audio-cdn/audio/female/2af31194c294b7fa.mp3
klarweg-audio/public/audio/words/male/2af31194c294b7fa.mp3,klarweg-audio-cdn/audio/male/2af31194c294b7fa.mp3
klarweg-audio/public/audio/words/female/2eb4ea5c4d3b416a.mp3,klarweg-audio-cdn/audio/female/2eb4ea5c4d3b416a.mp3
klarweg-audio/public/audio/words/male/2eb4ea5c4d3b416a.mp3,klarweg-audio-cdn/audio/male/2eb4ea5c4d3b416a.mp3
klarweg-audio/public/audio/words/female/6220a7cf1f514baa.mp3,klarweg-audio-cdn/audio/female/6220a7cf1f514baa.mp3
klarweg-audio/public/audio/words/male/6220a7cf1f514baa.mp3,klarweg-audio-cdn/audio/male/6220a7cf1f514baa.mp3
klarweg-audio/public/audio/words/female/dd193dec1c3f2503.mp3,klarweg-audio-cdn/audio/female/dd193dec1c3f2503.mp3
klarweg-audio/public/audio/words/male/dd193dec1c3f2503.mp3,klarweg-audio-cdn/audio/male/dd193dec1c3f2503.mp3
klarweg-audio/public/audio/words/female/792fe88d70c54159.mp3,klarweg-audio-cdn/audio/female/792fe88d70c54159.mp3
klarweg-audio/public/audio/words/male/792fe88d70c54159.mp3,klarweg-audio-cdn/audio/male/792fe88d70c54159.mp3
klarweg-audio/public/audio/words/female/376ecf0cb11faa5b.mp3,klarweg-audio-cdn/audio/female/376ecf0cb11faa5b.mp3
klarweg-audio/public/audio/words/male/376ecf0cb11faa5b.mp3,klarweg-audio-cdn/audio/male/376ecf0cb11faa5b.mp3
klarweg-audio/public/audio/words/female/8c24b99dfaaabd82.mp3,klarweg-audio-cdn/audio/female/8c24b99dfaaabd82.mp3
klarweg-audio/public/audio/words/male/8c24b99dfaaabd82.mp3,klarweg-audio-cdn/audio/male/8c24b99dfaaabd82.mp3
klarweg-audio/public/audio/words/female/6d6894fb6936d972.mp3,klarweg-audio-cdn/audio/female/6d6894fb6936d972.mp3
klarweg-audio/public/audio/words/male/6d6894fb6936d972.mp3,klarweg-audio-cdn/audio/male/6d6894fb6936d972.mp3
klarweg-audio/public/audio/words/female/1c4db3c28b650208.mp3,klarweg-audio-cdn/audio/female/1c4db3c28b650208.mp3
klarweg-audio/public/audio/words/male/1c4db3c28b650208.mp3,klarweg-audio-cdn/audio/male/1c4db3c28b650208.mp3
klarweg-audio/public/audio/words/female/f7fef61f83e6b355.mp3,klarweg-audio-cdn/audio/female/f7fef61f83e6b355.mp3
klarweg-audio/public/audio/words/male/f7fef61f83e6b355.mp3,klarweg-audio-cdn/audio/male/f7fef61f83e6b355.mp3
klarweg-audio/public/audio/words/female/362d014e816e62ec.mp3,klarweg-audio-cdn/audio/female/362d014e816e62ec.mp3
klarweg-audio/public/audio/words/male/362d014e816e62ec.mp3,klarweg-audio-cdn/audio/male/362d014e816e62ec.mp3
klarweg-audio/public/audio/words/female/4f801a6958b7136a.mp3,klarweg-audio-cdn/audio/female/4f801a6958b7136a.mp3
klarweg-audio/public/audio/words/male/4f801a6958b7136a.mp3,klarweg-audio-cdn/audio/male/4f801a6958b7136a.mp3
klarweg-audio/public/audio/words/female/8b5e2bf0ee9ff0c8.mp3,klarweg-audio-cdn/audio/female/8b5e2bf0ee9ff0c8.mp3
klarweg-audio/public/audio/words/male/8b5e2bf0ee9ff0c8.mp3,klarweg-audio-cdn/audio/male/8b5e2bf0ee9ff0c8.mp3
klarweg-audio/public/audio/words/female/76bf813730ec97cb.mp3,klarweg-audio-cdn/audio/female/76bf813730ec97cb.mp3
klarweg-audio/public/audio/words/male/76bf813730ec97cb.mp3,klarweg-audio-cdn/audio/male/76bf813730ec97cb.mp3
klarweg-audio/public/audio/words/female/a3cabad6f6188167.mp3,klarweg-audio-cdn/audio/female/a3cabad6f6188167.mp3
klarweg-audio/public/audio/words/male/a3cabad6f6188167.mp3,klarweg-audio-cdn/audio/male/a3cabad6f6188167.mp3
klarweg-audio/public/audio/words/female/5b156c105b1684c4.mp3,klarweg-audio-cdn/audio/female/5b156c105b1684c4.mp3
klarweg-audio/public/audio/words/male/5b156c105b1684c4.mp3,klarweg-audio-cdn/audio/male/5b156c105b1684c4.mp3
klarweg-audio/public/audio/words/female/5cf2fba2ffe8af0a.mp3,klarweg-audio-cdn/audio/female/5cf2fba2ffe8af0a.mp3
klarweg-audio/public/audio/words/male/5cf2fba2ffe8af0a.mp3,klarweg-audio-cdn/audio/male/5cf2fba2ffe8af0a.mp3
klarweg-audio/public/audio/words/female/aea632e2cc02cf42.mp3,klarweg-audio-cdn/audio/female/aea632e2cc02cf42.mp3
klarweg-audio/public/audio/words/male/aea632e2cc02cf42.mp3,klarweg-audio-cdn/audio/male/aea632e2cc02cf42.mp3
klarweg-audio/public/audio/words/female/3019a849adbc0035.mp3,klarweg-audio-cdn/audio/female/3019a849adbc0035.mp3
klarweg-audio/public/audio/words/male/3019a849adbc0035.mp3,klarweg-audio-cdn/audio/male/3019a849adbc0035.mp3
klarweg-audio/public/audio/words/female/50011d279252d72a.mp3,klarweg-audio-cdn/audio/female/50011d279252d72a.mp3
klarweg-audio/public/audio/words/male/50011d279252d72a.mp3,klarweg-audio-cdn/audio/male/50011d279252d72a.mp3
klarweg-audio/public/audio/words/female/9acd86ca737f0636.mp3,klarweg-audio-cdn/audio/female/9acd86ca737f0636.mp3
klarweg-audio/public/audio/words/male/9acd86ca737f0636.mp3,klarweg-audio-cdn/audio/male/9acd86ca737f0636.mp3
klarweg-audio/public/audio/words/female/1eef944af79e4ac3.mp3,klarweg-audio-cdn/audio/female/1eef944af79e4ac3.mp3
klarweg-audio/public/audio/words/male/1eef944af79e4ac3.mp3,klarweg-audio-cdn/audio/male/1eef944af79e4ac3.mp3
klarweg-audio/public/audio/words/female/b50e2fd68e23882c.mp3,klarweg-audio-cdn/audio/female/b50e2fd68e23882c.mp3
klarweg-audio/public/audio/words/male/b50e2fd68e23882c.mp3,klarweg-audio-cdn/audio/male/b50e2fd68e23882c.mp3
klarweg-audio/public/audio/words/female/f0bebc52f137cc60.mp3,klarweg-audio-cdn/audio/female/f0bebc52f137cc60.mp3
klarweg-audio/public/audio/words/male/f0bebc52f137cc60.mp3,klarweg-audio-cdn/audio/male/f0bebc52f137cc60.mp3
klarweg-audio/public/audio/words/female/37e9232f1fbf9743.mp3,klarweg-audio-cdn/audio/female/37e9232f1fbf9743.mp3
klarweg-audio/public/audio/words/male/37e9232f1fbf9743.mp3,klarweg-audio-cdn/audio/male/37e9232f1fbf9743.mp3
klarweg-audio/public/audio/words/female/2f70c269dc94cdf4.mp3,klarweg-audio-cdn/audio/female/2f70c269dc94cdf4.mp3
klarweg-audio/public/audio/words/male/2f70c269dc94cdf4.mp3,klarweg-audio-cdn/audio/male/2f70c269dc94cdf4.mp3
klarweg-audio/public/audio/words/female/99e33c36b3d77cd7.mp3,klarweg-audio-cdn/audio/female/99e33c36b3d77cd7.mp3
klarweg-audio/public/audio/words/male/99e33c36b3d77cd7.mp3,klarweg-audio-cdn/audio/male/99e33c36b3d77cd7.mp3
klarweg-audio/public/audio/words/female/874cb8b0c5fddeda.mp3,klarweg-audio-cdn/audio/female/874cb8b0c5fddeda.mp3
klarweg-audio/public/audio/words/male/874cb8b0c5fddeda.mp3,klarweg-audio-cdn/audio/male/874cb8b0c5fddeda.mp3
klarweg-audio/public/audio/words/female/28f6a41588129154.mp3,klarweg-audio-cdn/audio/female/28f6a41588129154.mp3
klarweg-audio/public/audio/words/male/28f6a41588129154.mp3,klarweg-audio-cdn/audio/male/28f6a41588129154.mp3
klarweg-audio/public/audio/words/female/ea30e996b5e54668.mp3,klarweg-audio-cdn/audio/female/ea30e996b5e54668.mp3
klarweg-audio/public/audio/words/male/ea30e996b5e54668.mp3,klarweg-audio-cdn/audio/male/ea30e996b5e54668.mp3
klarweg-audio/public/audio/words/female/0446502b1d1b2ba0.mp3,klarweg-audio-cdn/audio/female/0446502b1d1b2ba0.mp3
klarweg-audio/public/audio/words/male/0446502b1d1b2ba0.mp3,klarweg-audio-cdn/audio/male/0446502b1d1b2ba0.mp3
klarweg-audio/public/audio/words/female/c3507b438a04efd2.mp3,klarweg-audio-cdn/audio/female/c3507b438a04efd2.mp3
klarweg-audio/public/audio/words/male/c3507b438a04efd2.mp3,klarweg-audio-cdn/audio/male/c3507b438a04efd2.mp3
klarweg-audio/public/audio/words/female/d8b13dd5fc34b04e.mp3,klarweg-audio-cdn/audio/female/d8b13dd5fc34b04e.mp3
klarweg-audio/public/audio/words/male/d8b13dd5fc34b04e.mp3,klarweg-audio-cdn/audio/male/d8b13dd5fc34b04e.mp3
klarweg-audio/public/audio/words/female/3fe8289360ae2c10.mp3,klarweg-audio-cdn/audio/female/3fe8289360ae2c10.mp3
klarweg-audio/public/audio/words/male/3fe8289360ae2c10.mp3,klarweg-audio-cdn/audio/male/3fe8289360ae2c10.mp3
klarweg-audio/public/audio/words/female/86882b4920e721d5.mp3,klarweg-audio-cdn/audio/female/86882b4920e721d5.mp3
klarweg-audio/public/audio/words/male/86882b4920e721d5.mp3,klarweg-audio-cdn/audio/male/86882b4920e721d5.mp3
klarweg-audio/public/audio/words/female/35886b8ad1f94af3.mp3,klarweg-audio-cdn/audio/female/35886b8ad1f94af3.mp3
klarweg-audio/public/audio/words/male/35886b8ad1f94af3.mp3,klarweg-audio-cdn/audio/male/35886b8ad1f94af3.mp3
klarweg-audio/public/audio/words/female/c9fc6c577e157747.mp3,klarweg-audio-cdn/audio/female/c9fc6c577e157747.mp3
klarweg-audio/public/audio/words/male/c9fc6c577e157747.mp3,klarweg-audio-cdn/audio/male/c9fc6c577e157747.mp3
klarweg-audio/public/audio/words/female/9bbcf2b313fd3756.mp3,klarweg-audio-cdn/audio/female/9bbcf2b313fd3756.mp3
klarweg-audio/public/audio/words/male/9bbcf2b313fd3756.mp3,klarweg-audio-cdn/audio/male/9bbcf2b313fd3756.mp3
klarweg-audio/public/audio/words/female/fe629efce1b4ea75.mp3,klarweg-audio-cdn/audio/female/fe629efce1b4ea75.mp3
klarweg-audio/public/audio/words/male/fe629efce1b4ea75.mp3,klarweg-audio-cdn/audio/male/fe629efce1b4ea75.mp3
klarweg-audio/public/audio/words/female/f80ef0e8c46c8e2d.mp3,klarweg-audio-cdn/audio/female/f80ef0e8c46c8e2d.mp3
klarweg-audio/public/audio/words/male/f80ef0e8c46c8e2d.mp3,klarweg-audio-cdn/audio/male/f80ef0e8c46c8e2d.mp3
klarweg-audio/public/audio/words/female/1500a69c9e8ebb72.mp3,klarweg-audio-cdn/audio/female/1500a69c9e8ebb72.mp3
klarweg-audio/public/audio/words/male/1500a69c9e8ebb72.mp3,klarweg-audio-cdn/audio/male/1500a69c9e8ebb72.mp3
klarweg-audio/public/audio/words/female/9a8317fdcc3cd4c2.mp3,klarweg-audio-cdn/audio/female/9a8317fdcc3cd4c2.mp3
klarweg-audio/public/audio/words/male/9a8317fdcc3cd4c2.mp3,klarweg-audio-cdn/audio/male/9a8317fdcc3cd4c2.mp3
klarweg-audio/public/audio/words/female/506482a9a9341f48.mp3,klarweg-audio-cdn/audio/female/506482a9a9341f48.mp3
klarweg-audio/public/audio/words/male/506482a9a9341f48.mp3,klarweg-audio-cdn/audio/male/506482a9a9341f48.mp3
klarweg-audio/public/audio/words/female/e406616e8e961b3f.mp3,klarweg-audio-cdn/audio/female/e406616e8e961b3f.mp3
klarweg-audio/public/audio/words/male/e406616e8e961b3f.mp3,klarweg-audio-cdn/audio/male/e406616e8e961b3f.mp3
klarweg-audio/public/audio/words/female/94bcb4fce848f774.mp3,klarweg-audio-cdn/audio/female/94bcb4fce848f774.mp3
klarweg-audio/public/audio/words/male/94bcb4fce848f774.mp3,klarweg-audio-cdn/audio/male/94bcb4fce848f774.mp3
klarweg-audio/public/audio/words/female/c15e8e45ab962d8a.mp3,klarweg-audio-cdn/audio/female/c15e8e45ab962d8a.mp3
klarweg-audio/public/audio/words/male/c15e8e45ab962d8a.mp3,klarweg-audio-cdn/audio/male/c15e8e45ab962d8a.mp3
klarweg-audio/public/audio/words/female/3d2136e3539b4600.mp3,klarweg-audio-cdn/audio/female/3d2136e3539b4600.mp3
klarweg-audio/public/audio/words/male/3d2136e3539b4600.mp3,klarweg-audio-cdn/audio/male/3d2136e3539b4600.mp3
klarweg-audio/public/audio/words/female/ebb969e5c1a8c139.mp3,klarweg-audio-cdn/audio/female/ebb969e5c1a8c139.mp3
klarweg-audio/public/audio/words/male/ebb969e5c1a8c139.mp3,klarweg-audio-cdn/audio/male/ebb969e5c1a8c139.mp3
klarweg-audio/public/audio/words/female/25e202ca6d20c964.mp3,klarweg-audio-cdn/audio/female/25e202ca6d20c964.mp3
klarweg-audio/public/audio/words/male/25e202ca6d20c964.mp3,klarweg-audio-cdn/audio/male/25e202ca6d20c964.mp3
klarweg-audio/public/audio/words/female/51fa1404967512e6.mp3,klarweg-audio-cdn/audio/female/51fa1404967512e6.mp3
klarweg-audio/public/audio/words/male/51fa1404967512e6.mp3,klarweg-audio-cdn/audio/male/51fa1404967512e6.mp3
klarweg-audio/public/audio/words/female/862616f5b4403e0e.mp3,klarweg-audio-cdn/audio/female/862616f5b4403e0e.mp3
klarweg-audio/public/audio/words/male/862616f5b4403e0e.mp3,klarweg-audio-cdn/audio/male/862616f5b4403e0e.mp3
klarweg-audio/public/audio/words/female/6ae00ca2ae356cc9.mp3,klarweg-audio-cdn/audio/female/6ae00ca2ae356cc9.mp3
klarweg-audio/public/audio/words/male/6ae00ca2ae356cc9.mp3,klarweg-audio-cdn/audio/male/6ae00ca2ae356cc9.mp3
klarweg-audio/public/audio/words/female/a4354dd14c89c17f.mp3,klarweg-audio-cdn/audio/female/a4354dd14c89c17f.mp3
klarweg-audio/public/audio/words/male/a4354dd14c89c17f.mp3,klarweg-audio-cdn/audio/male/a4354dd14c89c17f.mp3
klarweg-audio/public/audio/words/female/4d0c53b4506f28f7.mp3,klarweg-audio-cdn/audio/female/4d0c53b4506f28f7.mp3
klarweg-audio/public/audio/words/male/4d0c53b4506f28f7.mp3,klarweg-audio-cdn/audio/male/4d0c53b4506f28f7.mp3
klarweg-audio/public/audio/words/female/801cfe0fa1182664.mp3,klarweg-audio-cdn/audio/female/801cfe0fa1182664.mp3
klarweg-audio/public/audio/words/male/801cfe0fa1182664.mp3,klarweg-audio-cdn/audio/male/801cfe0fa1182664.mp3
klarweg-audio/public/audio/words/female/af6e56aacd8097c3.mp3,klarweg-audio-cdn/audio/female/af6e56aacd8097c3.mp3
klarweg-audio/public/audio/words/male/af6e56aacd8097c3.mp3,klarweg-audio-cdn/audio/male/af6e56aacd8097c3.mp3
klarweg-audio/public/audio/words/female/de4ef1ec9fc446b0.mp3,klarweg-audio-cdn/audio/female/de4ef1ec9fc446b0.mp3
klarweg-audio/public/audio/words/male/de4ef1ec9fc446b0.mp3,klarweg-audio-cdn/audio/male/de4ef1ec9fc446b0.mp3
klarweg-audio/public/audio/words/female/30ee9c81e22076a1.mp3,klarweg-audio-cdn/audio/female/30ee9c81e22076a1.mp3
klarweg-audio/public/audio/words/male/30ee9c81e22076a1.mp3,klarweg-audio-cdn/audio/male/30ee9c81e22076a1.mp3
klarweg-audio/public/audio/words/female/a8d79f40ddb79de5.mp3,klarweg-audio-cdn/audio/female/a8d79f40ddb79de5.mp3
klarweg-audio/public/audio/words/male/a8d79f40ddb79de5.mp3,klarweg-audio-cdn/audio/male/a8d79f40ddb79de5.mp3
klarweg-audio/public/audio/words/female/13fb5716b4c7a1a9.mp3,klarweg-audio-cdn/audio/female/13fb5716b4c7a1a9.mp3
klarweg-audio/public/audio/words/male/13fb5716b4c7a1a9.mp3,klarweg-audio-cdn/audio/male/13fb5716b4c7a1a9.mp3
klarweg-audio/public/audio/words/female/eebb297f1504018b.mp3,klarweg-audio-cdn/audio/female/eebb297f1504018b.mp3
klarweg-audio/public/audio/words/male/eebb297f1504018b.mp3,klarweg-audio-cdn/audio/male/eebb297f1504018b.mp3
klarweg-audio/public/audio/words/female/3835cc66ee88049b.mp3,klarweg-audio-cdn/audio/female/3835cc66ee88049b.mp3
klarweg-audio/public/audio/words/male/3835cc66ee88049b.mp3,klarweg-audio-cdn/audio/male/3835cc66ee88049b.mp3
klarweg-audio/public/audio/words/female/7836de4c854349cd.mp3,klarweg-audio-cdn/audio/female/7836de4c854349cd.mp3
klarweg-audio/public/audio/words/male/7836de4c854349cd.mp3,klarweg-audio-cdn/audio/male/7836de4c854349cd.mp3
klarweg-audio/public/audio/words/female/d2dadbacb97d490b.mp3,klarweg-audio-cdn/audio/female/d2dadbacb97d490b.mp3
klarweg-audio/public/audio/words/male/d2dadbacb97d490b.mp3,klarweg-audio-cdn/audio/male/d2dadbacb97d490b.mp3
klarweg-audio/public/audio/words/female/edbcf07a1838fae9.mp3,klarweg-audio-cdn/audio/female/edbcf07a1838fae9.mp3
klarweg-audio/public/audio/words/male/edbcf07a1838fae9.mp3,klarweg-audio-cdn/audio/male/edbcf07a1838fae9.mp3
klarweg-audio/public/audio/words/female/e0e3b6cfbbcfe319.mp3,klarweg-audio-cdn/audio/female/e0e3b6cfbbcfe319.mp3
klarweg-audio/public/audio/words/male/e0e3b6cfbbcfe319.mp3,klarweg-audio-cdn/audio/male/e0e3b6cfbbcfe319.mp3
klarweg-audio/public/audio/words/female/7c1c941a97df7076.mp3,klarweg-audio-cdn/audio/female/7c1c941a97df7076.mp3
klarweg-audio/public/audio/words/male/7c1c941a97df7076.mp3,klarweg-audio-cdn/audio/male/7c1c941a97df7076.mp3
klarweg-audio/public/audio/words/female/4a6b3c06e322441a.mp3,klarweg-audio-cdn/audio/female/4a6b3c06e322441a.mp3
klarweg-audio/public/audio/words/male/4a6b3c06e322441a.mp3,klarweg-audio-cdn/audio/male/4a6b3c06e322441a.mp3
klarweg-audio/public/audio/words/female/cdeded6db6248c75.mp3,klarweg-audio-cdn/audio/female/cdeded6db6248c75.mp3
klarweg-audio/public/audio/words/male/cdeded6db6248c75.mp3,klarweg-audio-cdn/audio/male/cdeded6db6248c75.mp3
klarweg-audio/public/audio/words/female/9a2bd9dd3d6885ae.mp3,klarweg-audio-cdn/audio/female/9a2bd9dd3d6885ae.mp3
klarweg-audio/public/audio/words/male/9a2bd9dd3d6885ae.mp3,klarweg-audio-cdn/audio/male/9a2bd9dd3d6885ae.mp3
klarweg-audio/public/audio/words/female/6f4d2b25e00b640f.mp3,klarweg-audio-cdn/audio/female/6f4d2b25e00b640f.mp3
klarweg-audio/public/audio/words/male/6f4d2b25e00b640f.mp3,klarweg-audio-cdn/audio/male/6f4d2b25e00b640f.mp3
klarweg-audio/public/audio/words/female/2b3056e8307181fb.mp3,klarweg-audio-cdn/audio/female/2b3056e8307181fb.mp3
klarweg-audio/public/audio/words/male/2b3056e8307181fb.mp3,klarweg-audio-cdn/audio/male/2b3056e8307181fb.mp3
klarweg-audio/public/audio/words/female/9501705a77b489f6.mp3,klarweg-audio-cdn/audio/female/9501705a77b489f6.mp3
klarweg-audio/public/audio/words/male/9501705a77b489f6.mp3,klarweg-audio-cdn/audio/male/9501705a77b489f6.mp3
klarweg-audio/public/audio/words/female/6515a708b173313b.mp3,klarweg-audio-cdn/audio/female/6515a708b173313b.mp3
klarweg-audio/public/audio/words/male/6515a708b173313b.mp3,klarweg-audio-cdn/audio/male/6515a708b173313b.mp3
klarweg-audio/public/audio/words/female/33a6bea5346a049b.mp3,klarweg-audio-cdn/audio/female/33a6bea5346a049b.mp3
klarweg-audio/public/audio/words/male/33a6bea5346a049b.mp3,klarweg-audio-cdn/audio/male/33a6bea5346a049b.mp3
klarweg-audio/public/audio/words/female/db53ef3e5e48c42e.mp3,klarweg-audio-cdn/audio/female/db53ef3e5e48c42e.mp3
klarweg-audio/public/audio/words/male/db53ef3e5e48c42e.mp3,klarweg-audio-cdn/audio/male/db53ef3e5e48c42e.mp3
klarweg-audio/public/audio/words/female/bab366a7e6e4166e.mp3,klarweg-audio-cdn/audio/female/bab366a7e6e4166e.mp3
klarweg-audio/public/audio/words/male/bab366a7e6e4166e.mp3,klarweg-audio-cdn/audio/male/bab366a7e6e4166e.mp3
klarweg-audio/public/audio/words/female/74ee8a36e7b01cfb.mp3,klarweg-audio-cdn/audio/female/74ee8a36e7b01cfb.mp3
klarweg-audio/public/audio/words/male/74ee8a36e7b01cfb.mp3,klarweg-audio-cdn/audio/male/74ee8a36e7b01cfb.mp3
klarweg-audio/public/audio/words/female/fd02c33b6c79b915.mp3,klarweg-audio-cdn/audio/female/fd02c33b6c79b915.mp3
klarweg-audio/public/audio/words/male/fd02c33b6c79b915.mp3,klarweg-audio-cdn/audio/male/fd02c33b6c79b915.mp3
klarweg-audio/public/audio/words/female/8e68ea2cac85850b.mp3,klarweg-audio-cdn/audio/female/8e68ea2cac85850b.mp3
klarweg-audio/public/audio/words/male/8e68ea2cac85850b.mp3,klarweg-audio-cdn/audio/male/8e68ea2cac85850b.mp3
klarweg-audio/public/audio/words/female/29ec3ec9bc0c5720.mp3,klarweg-audio-cdn/audio/female/29ec3ec9bc0c5720.mp3
klarweg-audio/public/audio/words/male/29ec3ec9bc0c5720.mp3,klarweg-audio-cdn/audio/male/29ec3ec9bc0c5720.mp3
klarweg-audio/public/audio/words/female/30d45f925fcd63ab.mp3,klarweg-audio-cdn/audio/female/30d45f925fcd63ab.mp3
klarweg-audio/public/audio/words/male/30d45f925fcd63ab.mp3,klarweg-audio-cdn/audio/male/30d45f925fcd63ab.mp3
klarweg-audio/public/audio/words/female/17efd1fe82fc28fc.mp3,klarweg-audio-cdn/audio/female/17efd1fe82fc28fc.mp3
klarweg-audio/public/audio/words/male/17efd1fe82fc28fc.mp3,klarweg-audio-cdn/audio/male/17efd1fe82fc28fc.mp3
klarweg-audio/public/audio/words/female/c1efde65f122c4ee.mp3,klarweg-audio-cdn/audio/female/c1efde65f122c4ee.mp3
klarweg-audio/public/audio/words/male/c1efde65f122c4ee.mp3,klarweg-audio-cdn/audio/male/c1efde65f122c4ee.mp3
klarweg-audio/public/audio/words/female/58547608ff540ed8.mp3,klarweg-audio-cdn/audio/female/58547608ff540ed8.mp3
klarweg-audio/public/audio/words/male/58547608ff540ed8.mp3,klarweg-audio-cdn/audio/male/58547608ff540ed8.mp3
klarweg-audio/public/audio/words/female/d1ed6f050767f0f5.mp3,klarweg-audio-cdn/audio/female/d1ed6f050767f0f5.mp3
klarweg-audio/public/audio/words/male/d1ed6f050767f0f5.mp3,klarweg-audio-cdn/audio/male/d1ed6f050767f0f5.mp3
klarweg-audio/public/audio/words/female/3e06e5f20efc5ec2.mp3,klarweg-audio-cdn/audio/female/3e06e5f20efc5ec2.mp3
klarweg-audio/public/audio/words/male/3e06e5f20efc5ec2.mp3,klarweg-audio-cdn/audio/male/3e06e5f20efc5ec2.mp3
klarweg-audio/public/audio/words/female/35ae178c5b7b18b3.mp3,klarweg-audio-cdn/audio/female/35ae178c5b7b18b3.mp3
klarweg-audio/public/audio/words/male/35ae178c5b7b18b3.mp3,klarweg-audio-cdn/audio/male/35ae178c5b7b18b3.mp3
klarweg-audio/public/audio/words/female/f1f1e94ad0632cc5.mp3,klarweg-audio-cdn/audio/female/f1f1e94ad0632cc5.mp3
klarweg-audio/public/audio/words/male/f1f1e94ad0632cc5.mp3,klarweg-audio-cdn/audio/male/f1f1e94ad0632cc5.mp3
klarweg-audio/public/audio/words/female/71b9afcbd8c61ec3.mp3,klarweg-audio-cdn/audio/female/71b9afcbd8c61ec3.mp3
klarweg-audio/public/audio/words/male/71b9afcbd8c61ec3.mp3,klarweg-audio-cdn/audio/male/71b9afcbd8c61ec3.mp3
klarweg-audio/public/audio/words/female/25153f4c5598dd55.mp3,klarweg-audio-cdn/audio/female/25153f4c5598dd55.mp3
klarweg-audio/public/audio/words/male/25153f4c5598dd55.mp3,klarweg-audio-cdn/audio/male/25153f4c5598dd55.mp3
klarweg-audio/public/audio/words/female/7abd72d1c6068341.mp3,klarweg-audio-cdn/audio/female/7abd72d1c6068341.mp3
klarweg-audio/public/audio/words/male/7abd72d1c6068341.mp3,klarweg-audio-cdn/audio/male/7abd72d1c6068341.mp3
klarweg-audio/public/audio/words/female/0c7fa46ab440a62c.mp3,klarweg-audio-cdn/audio/female/0c7fa46ab440a62c.mp3
klarweg-audio/public/audio/words/male/0c7fa46ab440a62c.mp3,klarweg-audio-cdn/audio/male/0c7fa46ab440a62c.mp3
klarweg-audio/public/audio/words/female/82d5a318b50d6239.mp3,klarweg-audio-cdn/audio/female/82d5a318b50d6239.mp3
klarweg-audio/public/audio/words/male/82d5a318b50d6239.mp3,klarweg-audio-cdn/audio/male/82d5a318b50d6239.mp3
klarweg-audio/public/audio/words/female/98a3ca66734ccad6.mp3,klarweg-audio-cdn/audio/female/98a3ca66734ccad6.mp3
klarweg-audio/public/audio/words/male/98a3ca66734ccad6.mp3,klarweg-audio-cdn/audio/male/98a3ca66734ccad6.mp3
klarweg-audio/public/audio/words/female/fbfd01c82e2d9abb.mp3,klarweg-audio-cdn/audio/female/fbfd01c82e2d9abb.mp3
klarweg-audio/public/audio/words/male/fbfd01c82e2d9abb.mp3,klarweg-audio-cdn/audio/male/fbfd01c82e2d9abb.mp3
klarweg-audio/public/audio/words/female/f4f4fe7677ab7bd5.mp3,klarweg-audio-cdn/audio/female/f4f4fe7677ab7bd5.mp3
klarweg-audio/public/audio/words/male/f4f4fe7677ab7bd5.mp3,klarweg-audio-cdn/audio/male/f4f4fe7677ab7bd5.mp3
klarweg-audio/public/audio/words/female/3c2ce9747c073988.mp3,klarweg-audio-cdn/audio/female/3c2ce9747c073988.mp3
klarweg-audio/public/audio/words/male/3c2ce9747c073988.mp3,klarweg-audio-cdn/audio/male/3c2ce9747c073988.mp3
klarweg-audio/public/audio/words/female/7bed1bfcc75ab189.mp3,klarweg-audio-cdn/audio/female/7bed1bfcc75ab189.mp3
klarweg-audio/public/audio/words/male/7bed1bfcc75ab189.mp3,klarweg-audio-cdn/audio/male/7bed1bfcc75ab189.mp3
klarweg-audio/public/audio/words/female/a5c1c5beaac6199d.mp3,klarweg-audio-cdn/audio/female/a5c1c5beaac6199d.mp3
klarweg-audio/public/audio/words/male/a5c1c5beaac6199d.mp3,klarweg-audio-cdn/audio/male/a5c1c5beaac6199d.mp3
klarweg-audio/public/audio/words/female/4ae0e38899b19044.mp3,klarweg-audio-cdn/audio/female/4ae0e38899b19044.mp3
klarweg-audio/public/audio/words/male/4ae0e38899b19044.mp3,klarweg-audio-cdn/audio/male/4ae0e38899b19044.mp3
klarweg-audio/public/audio/words/female/bb98ae6ca624de2a.mp3,klarweg-audio-cdn/audio/female/bb98ae6ca624de2a.mp3
klarweg-audio/public/audio/words/male/bb98ae6ca624de2a.mp3,klarweg-audio-cdn/audio/male/bb98ae6ca624de2a.mp3
klarweg-audio/public/audio/words/female/fc7cbf64fb2e108d.mp3,klarweg-audio-cdn/audio/female/fc7cbf64fb2e108d.mp3
klarweg-audio/public/audio/words/male/fc7cbf64fb2e108d.mp3,klarweg-audio-cdn/audio/male/fc7cbf64fb2e108d.mp3
klarweg-audio/public/audio/words/female/289360776ce70704.mp3,klarweg-audio-cdn/audio/female/289360776ce70704.mp3
klarweg-audio/public/audio/words/male/289360776ce70704.mp3,klarweg-audio-cdn/audio/male/289360776ce70704.mp3
klarweg-audio/public/audio/words/female/a1239c9ec04aa44f.mp3,klarweg-audio-cdn/audio/female/a1239c9ec04aa44f.mp3
klarweg-audio/public/audio/words/male/a1239c9ec04aa44f.mp3,klarweg-audio-cdn/audio/male/a1239c9ec04aa44f.mp3
klarweg-audio/public/audio/words/female/bd12a1c8f318848f.mp3,klarweg-audio-cdn/audio/female/bd12a1c8f318848f.mp3
klarweg-audio/public/audio/words/male/bd12a1c8f318848f.mp3,klarweg-audio-cdn/audio/male/bd12a1c8f318848f.mp3
klarweg-audio/public/audio/words/female/0b86ef28edf47051.mp3,klarweg-audio-cdn/audio/female/0b86ef28edf47051.mp3
klarweg-audio/public/audio/words/male/0b86ef28edf47051.mp3,klarweg-audio-cdn/audio/male/0b86ef28edf47051.mp3
klarweg-audio/public/audio/words/female/3f7a7f16ce845865.mp3,klarweg-audio-cdn/audio/female/3f7a7f16ce845865.mp3
klarweg-audio/public/audio/words/male/3f7a7f16ce845865.mp3,klarweg-audio-cdn/audio/male/3f7a7f16ce845865.mp3
klarweg-audio/public/audio/words/female/24d64f29b99b90e4.mp3,klarweg-audio-cdn/audio/female/24d64f29b99b90e4.mp3
klarweg-audio/public/audio/words/male/24d64f29b99b90e4.mp3,klarweg-audio-cdn/audio/male/24d64f29b99b90e4.mp3
klarweg-audio/public/audio/words/female/8579cc05a5458f34.mp3,klarweg-audio-cdn/audio/female/8579cc05a5458f34.mp3
klarweg-audio/public/audio/words/male/8579cc05a5458f34.mp3,klarweg-audio-cdn/audio/male/8579cc05a5458f34.mp3
klarweg-audio/public/audio/words/female/466421bfd98e580c.mp3,klarweg-audio-cdn/audio/female/466421bfd98e580c.mp3
klarweg-audio/public/audio/words/male/466421bfd98e580c.mp3,klarweg-audio-cdn/audio/male/466421bfd98e580c.mp3
klarweg-audio/public/audio/words/female/0ae164383c64a662.mp3,klarweg-audio-cdn/audio/female/0ae164383c64a662.mp3
klarweg-audio/public/audio/words/male/0ae164383c64a662.mp3,klarweg-audio-cdn/audio/male/0ae164383c64a662.mp3
klarweg-audio/public/audio/words/female/bef92b42acd0e790.mp3,klarweg-audio-cdn/audio/female/bef92b42acd0e790.mp3
klarweg-audio/public/audio/words/male/bef92b42acd0e790.mp3,klarweg-audio-cdn/audio/male/bef92b42acd0e790.mp3
klarweg-audio/public/audio/words/female/b2f82656d78e7335.mp3,klarweg-audio-cdn/audio/female/b2f82656d78e7335.mp3
klarweg-audio/public/audio/words/male/b2f82656d78e7335.mp3,klarweg-audio-cdn/audio/male/b2f82656d78e7335.mp3
klarweg-audio/public/audio/words/female/ae7d933f2576763f.mp3,klarweg-audio-cdn/audio/female/ae7d933f2576763f.mp3
klarweg-audio/public/audio/words/male/ae7d933f2576763f.mp3,klarweg-audio-cdn/audio/male/ae7d933f2576763f.mp3
klarweg-audio/public/audio/words/female/1e5941bd994f05a4.mp3,klarweg-audio-cdn/audio/female/1e5941bd994f05a4.mp3
klarweg-audio/public/audio/words/male/1e5941bd994f05a4.mp3,klarweg-audio-cdn/audio/male/1e5941bd994f05a4.mp3
klarweg-audio/public/audio/words/female/901f8165b72da3a0.mp3,klarweg-audio-cdn/audio/female/901f8165b72da3a0.mp3
klarweg-audio/public/audio/words/male/901f8165b72da3a0.mp3,klarweg-audio-cdn/audio/male/901f8165b72da3a0.mp3
klarweg-audio/public/audio/words/female/1a1f06350f453154.mp3,klarweg-audio-cdn/audio/female/1a1f06350f453154.mp3
klarweg-audio/public/audio/words/male/1a1f06350f453154.mp3,klarweg-audio-cdn/audio/male/1a1f06350f453154.mp3
klarweg-audio/public/audio/words/female/538cbb143f4a30d9.mp3,klarweg-audio-cdn/audio/female/538cbb143f4a30d9.mp3
klarweg-audio/public/audio/words/male/538cbb143f4a30d9.mp3,klarweg-audio-cdn/audio/male/538cbb143f4a30d9.mp3
klarweg-audio/public/audio/words/female/44b33f964626b9fd.mp3,klarweg-audio-cdn/audio/female/44b33f964626b9fd.mp3
klarweg-audio/public/audio/words/male/44b33f964626b9fd.mp3,klarweg-audio-cdn/audio/male/44b33f964626b9fd.mp3
klarweg-audio/public/audio/words/female/ca9d77806f15df93.mp3,klarweg-audio-cdn/audio/female/ca9d77806f15df93.mp3
klarweg-audio/public/audio/words/male/ca9d77806f15df93.mp3,klarweg-audio-cdn/audio/male/ca9d77806f15df93.mp3
klarweg-audio/public/audio/words/female/ddcadf8bd419bba0.mp3,klarweg-audio-cdn/audio/female/ddcadf8bd419bba0.mp3
klarweg-audio/public/audio/words/male/ddcadf8bd419bba0.mp3,klarweg-audio-cdn/audio/male/ddcadf8bd419bba0.mp3
klarweg-audio/public/audio/words/female/f07ce6867141d092.mp3,klarweg-audio-cdn/audio/female/f07ce6867141d092.mp3
klarweg-audio/public/audio/words/male/f07ce6867141d092.mp3,klarweg-audio-cdn/audio/male/f07ce6867141d092.mp3
klarweg-audio/public/audio/words/female/09b23a762845ab18.mp3,klarweg-audio-cdn/audio/female/09b23a762845ab18.mp3
klarweg-audio/public/audio/words/male/09b23a762845ab18.mp3,klarweg-audio-cdn/audio/male/09b23a762845ab18.mp3
klarweg-audio/public/audio/words/female/80bc5d5a9b8a1fde.mp3,klarweg-audio-cdn/audio/female/80bc5d5a9b8a1fde.mp3
klarweg-audio/public/audio/words/male/80bc5d5a9b8a1fde.mp3,klarweg-audio-cdn/audio/male/80bc5d5a9b8a1fde.mp3
klarweg-audio/public/audio/words/female/308bf238f0fcb65a.mp3,klarweg-audio-cdn/audio/female/308bf238f0fcb65a.mp3
klarweg-audio/public/audio/words/male/308bf238f0fcb65a.mp3,klarweg-audio-cdn/audio/male/308bf238f0fcb65a.mp3
klarweg-audio/public/audio/words/female/39c5604d6e46b27c.mp3,klarweg-audio-cdn/audio/female/39c5604d6e46b27c.mp3
klarweg-audio/public/audio/words/male/39c5604d6e46b27c.mp3,klarweg-audio-cdn/audio/male/39c5604d6e46b27c.mp3
klarweg-audio/public/audio/words/female/bfbd351ad54e3aec.mp3,klarweg-audio-cdn/audio/female/bfbd351ad54e3aec.mp3
klarweg-audio/public/audio/words/male/bfbd351ad54e3aec.mp3,klarweg-audio-cdn/audio/male/bfbd351ad54e3aec.mp3
klarweg-audio/public/audio/words/female/c4efbc83a86d9341.mp3,klarweg-audio-cdn/audio/female/c4efbc83a86d9341.mp3
klarweg-audio/public/audio/words/male/c4efbc83a86d9341.mp3,klarweg-audio-cdn/audio/male/c4efbc83a86d9341.mp3
klarweg-audio/public/audio/words/female/9f975f8914920006.mp3,klarweg-audio-cdn/audio/female/9f975f8914920006.mp3
klarweg-audio/public/audio/words/male/9f975f8914920006.mp3,klarweg-audio-cdn/audio/male/9f975f8914920006.mp3
klarweg-audio/public/audio/words/female/941ada4ee93bc215.mp3,klarweg-audio-cdn/audio/female/941ada4ee93bc215.mp3
klarweg-audio/public/audio/words/male/941ada4ee93bc215.mp3,klarweg-audio-cdn/audio/male/941ada4ee93bc215.mp3
klarweg-audio/public/audio/words/female/731a5cc8d187673d.mp3,klarweg-audio-cdn/audio/female/731a5cc8d187673d.mp3
klarweg-audio/public/audio/words/male/731a5cc8d187673d.mp3,klarweg-audio-cdn/audio/male/731a5cc8d187673d.mp3
klarweg-audio/public/audio/words/female/71ea124c17c53910.mp3,klarweg-audio-cdn/audio/female/71ea124c17c53910.mp3
klarweg-audio/public/audio/words/male/71ea124c17c53910.mp3,klarweg-audio-cdn/audio/male/71ea124c17c53910.mp3
klarweg-audio/public/audio/words/female/e04928cecb85d0a8.mp3,klarweg-audio-cdn/audio/female/e04928cecb85d0a8.mp3
klarweg-audio/public/audio/words/male/e04928cecb85d0a8.mp3,klarweg-audio-cdn/audio/male/e04928cecb85d0a8.mp3
klarweg-audio/public/audio/words/female/a855ed59611b6afb.mp3,klarweg-audio-cdn/audio/female/a855ed59611b6afb.mp3
klarweg-audio/public/audio/words/male/a855ed59611b6afb.mp3,klarweg-audio-cdn/audio/male/a855ed59611b6afb.mp3
klarweg-audio/public/audio/words/female/c16ca24b07995c41.mp3,klarweg-audio-cdn/audio/female/c16ca24b07995c41.mp3
klarweg-audio/public/audio/words/male/c16ca24b07995c41.mp3,klarweg-audio-cdn/audio/male/c16ca24b07995c41.mp3
klarweg-audio/public/audio/words/female/a686f51d062d36ca.mp3,klarweg-audio-cdn/audio/female/a686f51d062d36ca.mp3
klarweg-audio/public/audio/words/male/a686f51d062d36ca.mp3,klarweg-audio-cdn/audio/male/a686f51d062d36ca.mp3
klarweg-audio/public/audio/words/female/8264611f3da6f7ad.mp3,klarweg-audio-cdn/audio/female/8264611f3da6f7ad.mp3
klarweg-audio/public/audio/words/male/8264611f3da6f7ad.mp3,klarweg-audio-cdn/audio/male/8264611f3da6f7ad.mp3
klarweg-audio/public/audio/words/female/5c0c4227776695d8.mp3,klarweg-audio-cdn/audio/female/5c0c4227776695d8.mp3
klarweg-audio/public/audio/words/male/5c0c4227776695d8.mp3,klarweg-audio-cdn/audio/male/5c0c4227776695d8.mp3
klarweg-audio/public/audio/words/female/537dd833457aad61.mp3,klarweg-audio-cdn/audio/female/537dd833457aad61.mp3
klarweg-audio/public/audio/words/male/537dd833457aad61.mp3,klarweg-audio-cdn/audio/male/537dd833457aad61.mp3
klarweg-audio/public/audio/words/female/d67221fd3af53c6f.mp3,klarweg-audio-cdn/audio/female/d67221fd3af53c6f.mp3
klarweg-audio/public/audio/words/male/d67221fd3af53c6f.mp3,klarweg-audio-cdn/audio/male/d67221fd3af53c6f.mp3
klarweg-audio/public/audio/words/female/b18d50029b7bf88d.mp3,klarweg-audio-cdn/audio/female/b18d50029b7bf88d.mp3
klarweg-audio/public/audio/words/male/b18d50029b7bf88d.mp3,klarweg-audio-cdn/audio/male/b18d50029b7bf88d.mp3
klarweg-audio/public/audio/words/female/28a829196ddd2af2.mp3,klarweg-audio-cdn/audio/female/28a829196ddd2af2.mp3
klarweg-audio/public/audio/words/male/28a829196ddd2af2.mp3,klarweg-audio-cdn/audio/male/28a829196ddd2af2.mp3
klarweg-audio/public/audio/words/female/28a570d61fa9f4e0.mp3,klarweg-audio-cdn/audio/female/28a570d61fa9f4e0.mp3
klarweg-audio/public/audio/words/male/28a570d61fa9f4e0.mp3,klarweg-audio-cdn/audio/male/28a570d61fa9f4e0.mp3
klarweg-audio/public/audio/words/female/0796903f6981075c.mp3,klarweg-audio-cdn/audio/female/0796903f6981075c.mp3
klarweg-audio/public/audio/words/male/0796903f6981075c.mp3,klarweg-audio-cdn/audio/male/0796903f6981075c.mp3
klarweg-audio/public/audio/words/female/4d9091011ed39144.mp3,klarweg-audio-cdn/audio/female/4d9091011ed39144.mp3
klarweg-audio/public/audio/words/male/4d9091011ed39144.mp3,klarweg-audio-cdn/audio/male/4d9091011ed39144.mp3
klarweg-audio/public/audio/words/female/b31f7fc034f090b3.mp3,klarweg-audio-cdn/audio/female/b31f7fc034f090b3.mp3
klarweg-audio/public/audio/words/male/b31f7fc034f090b3.mp3,klarweg-audio-cdn/audio/male/b31f7fc034f090b3.mp3
klarweg-audio/public/audio/words/female/86d4dc95732c901f.mp3,klarweg-audio-cdn/audio/female/86d4dc95732c901f.mp3
klarweg-audio/public/audio/words/male/86d4dc95732c901f.mp3,klarweg-audio-cdn/audio/male/86d4dc95732c901f.mp3
klarweg-audio/public/audio/words/female/b944ef6adbc419c6.mp3,klarweg-audio-cdn/audio/female/b944ef6adbc419c6.mp3
klarweg-audio/public/audio/words/male/b944ef6adbc419c6.mp3,klarweg-audio-cdn/audio/male/b944ef6adbc419c6.mp3
klarweg-audio/public/audio/words/female/1c9279f85d782cc2.mp3,klarweg-audio-cdn/audio/female/1c9279f85d782cc2.mp3
klarweg-audio/public/audio/words/male/1c9279f85d782cc2.mp3,klarweg-audio-cdn/audio/male/1c9279f85d782cc2.mp3
klarweg-audio/public/audio/words/female/9bff64a12cc2776a.mp3,klarweg-audio-cdn/audio/female/9bff64a12cc2776a.mp3
klarweg-audio/public/audio/words/male/9bff64a12cc2776a.mp3,klarweg-audio-cdn/audio/male/9bff64a12cc2776a.mp3
klarweg-audio/public/audio/words/female/0406a60db0932ccd.mp3,klarweg-audio-cdn/audio/female/0406a60db0932ccd.mp3
klarweg-audio/public/audio/words/male/0406a60db0932ccd.mp3,klarweg-audio-cdn/audio/male/0406a60db0932ccd.mp3
klarweg-audio/public/audio/words/female/2070b97584463445.mp3,klarweg-audio-cdn/audio/female/2070b97584463445.mp3
klarweg-audio/public/audio/words/male/2070b97584463445.mp3,klarweg-audio-cdn/audio/male/2070b97584463445.mp3
klarweg-audio/public/audio/words/female/589dd68ad9fadef7.mp3,klarweg-audio-cdn/audio/female/589dd68ad9fadef7.mp3
klarweg-audio/public/audio/words/male/589dd68ad9fadef7.mp3,klarweg-audio-cdn/audio/male/589dd68ad9fadef7.mp3
klarweg-audio/public/audio/words/female/c83b8bc0ea6ff5af.mp3,klarweg-audio-cdn/audio/female/c83b8bc0ea6ff5af.mp3
klarweg-audio/public/audio/words/male/c83b8bc0ea6ff5af.mp3,klarweg-audio-cdn/audio/male/c83b8bc0ea6ff5af.mp3
klarweg-audio/public/audio/words/female/16d4e89a253bab94.mp3,klarweg-audio-cdn/audio/female/16d4e89a253bab94.mp3
klarweg-audio/public/audio/words/male/16d4e89a253bab94.mp3,klarweg-audio-cdn/audio/male/16d4e89a253bab94.mp3
klarweg-audio/public/audio/words/female/d97a126858bc2851.mp3,klarweg-audio-cdn/audio/female/d97a126858bc2851.mp3
klarweg-audio/public/audio/words/male/d97a126858bc2851.mp3,klarweg-audio-cdn/audio/male/d97a126858bc2851.mp3
klarweg-audio/public/audio/words/female/60ddc232524418c6.mp3,klarweg-audio-cdn/audio/female/60ddc232524418c6.mp3
klarweg-audio/public/audio/words/male/60ddc232524418c6.mp3,klarweg-audio-cdn/audio/male/60ddc232524418c6.mp3
klarweg-audio/public/audio/words/female/712e542a14aac818.mp3,klarweg-audio-cdn/audio/female/712e542a14aac818.mp3
klarweg-audio/public/audio/words/male/712e542a14aac818.mp3,klarweg-audio-cdn/audio/male/712e542a14aac818.mp3
klarweg-audio/public/audio/words/female/f996ded18eacaa9b.mp3,klarweg-audio-cdn/audio/female/f996ded18eacaa9b.mp3
klarweg-audio/public/audio/words/male/f996ded18eacaa9b.mp3,klarweg-audio-cdn/audio/male/f996ded18eacaa9b.mp3
klarweg-audio/public/audio/words/female/2292883fcc9f95e6.mp3,klarweg-audio-cdn/audio/female/2292883fcc9f95e6.mp3
klarweg-audio/public/audio/words/male/2292883fcc9f95e6.mp3,klarweg-audio-cdn/audio/male/2292883fcc9f95e6.mp3
klarweg-audio/public/audio/words/female/e0939fe17d66fe80.mp3,klarweg-audio-cdn/audio/female/e0939fe17d66fe80.mp3
klarweg-audio/public/audio/words/male/e0939fe17d66fe80.mp3,klarweg-audio-cdn/audio/male/e0939fe17d66fe80.mp3
klarweg-audio/public/audio/words/female/bf44da8420b84cb0.mp3,klarweg-audio-cdn/audio/female/bf44da8420b84cb0.mp3
klarweg-audio/public/audio/words/male/bf44da8420b84cb0.mp3,klarweg-audio-cdn/audio/male/bf44da8420b84cb0.mp3
klarweg-audio/public/audio/words/female/80e41eb848d38b90.mp3,klarweg-audio-cdn/audio/female/80e41eb848d38b90.mp3
klarweg-audio/public/audio/words/male/80e41eb848d38b90.mp3,klarweg-audio-cdn/audio/male/80e41eb848d38b90.mp3
klarweg-audio/public/audio/words/female/4a50ee3dfe944e8d.mp3,klarweg-audio-cdn/audio/female/4a50ee3dfe944e8d.mp3
klarweg-audio/public/audio/words/male/4a50ee3dfe944e8d.mp3,klarweg-audio-cdn/audio/male/4a50ee3dfe944e8d.mp3
klarweg-audio/public/audio/words/female/be7a7ab227438c6a.mp3,klarweg-audio-cdn/audio/female/be7a7ab227438c6a.mp3
klarweg-audio/public/audio/words/male/be7a7ab227438c6a.mp3,klarweg-audio-cdn/audio/male/be7a7ab227438c6a.mp3
klarweg-audio/public/audio/words/female/6e1adf86aa928e13.mp3,klarweg-audio-cdn/audio/female/6e1adf86aa928e13.mp3
klarweg-audio/public/audio/words/male/6e1adf86aa928e13.mp3,klarweg-audio-cdn/audio/male/6e1adf86aa928e13.mp3
klarweg-audio/public/audio/words/female/7c8a2e5d5350e46f.mp3,klarweg-audio-cdn/audio/female/7c8a2e5d5350e46f.mp3
klarweg-audio/public/audio/words/male/7c8a2e5d5350e46f.mp3,klarweg-audio-cdn/audio/male/7c8a2e5d5350e46f.mp3
klarweg-audio/public/audio/words/female/7536ebc74bcc3f9d.mp3,klarweg-audio-cdn/audio/female/7536ebc74bcc3f9d.mp3
klarweg-audio/public/audio/words/male/7536ebc74bcc3f9d.mp3,klarweg-audio-cdn/audio/male/7536ebc74bcc3f9d.mp3
klarweg-audio/public/audio/words/female/a8aa8ed5ee4c050b.mp3,klarweg-audio-cdn/audio/female/a8aa8ed5ee4c050b.mp3
klarweg-audio/public/audio/words/male/a8aa8ed5ee4c050b.mp3,klarweg-audio-cdn/audio/male/a8aa8ed5ee4c050b.mp3
klarweg-audio/public/audio/words/female/cd6570c9e9971498.mp3,klarweg-audio-cdn/audio/female/cd6570c9e9971498.mp3
klarweg-audio/public/audio/words/male/cd6570c9e9971498.mp3,klarweg-audio-cdn/audio/male/cd6570c9e9971498.mp3
klarweg-audio/public/audio/words/female/6ab1066b00ab0c6f.mp3,klarweg-audio-cdn/audio/female/6ab1066b00ab0c6f.mp3
klarweg-audio/public/audio/words/male/6ab1066b00ab0c6f.mp3,klarweg-audio-cdn/audio/male/6ab1066b00ab0c6f.mp3
klarweg-audio/public/audio/words/female/61f466820c7855d1.mp3,klarweg-audio-cdn/audio/female/61f466820c7855d1.mp3
klarweg-audio/public/audio/words/male/61f466820c7855d1.mp3,klarweg-audio-cdn/audio/male/61f466820c7855d1.mp3
klarweg-audio/public/audio/words/female/6de35f1bba89e1de.mp3,klarweg-audio-cdn/audio/female/6de35f1bba89e1de.mp3
klarweg-audio/public/audio/words/male/6de35f1bba89e1de.mp3,klarweg-audio-cdn/audio/male/6de35f1bba89e1de.mp3
klarweg-audio/public/audio/words/female/048a4fb7be265a0d.mp3,klarweg-audio-cdn/audio/female/048a4fb7be265a0d.mp3
klarweg-audio/public/audio/words/male/048a4fb7be265a0d.mp3,klarweg-audio-cdn/audio/male/048a4fb7be265a0d.mp3
klarweg-audio/public/audio/words/female/0ae40f78a7110048.mp3,klarweg-audio-cdn/audio/female/0ae40f78a7110048.mp3
klarweg-audio/public/audio/words/male/0ae40f78a7110048.mp3,klarweg-audio-cdn/audio/male/0ae40f78a7110048.mp3
klarweg-audio/public/audio/words/female/bd5af494984323d3.mp3,klarweg-audio-cdn/audio/female/bd5af494984323d3.mp3
klarweg-audio/public/audio/words/male/bd5af494984323d3.mp3,klarweg-audio-cdn/audio/male/bd5af494984323d3.mp3
klarweg-audio/public/audio/words/female/0d94017f7a0ff116.mp3,klarweg-audio-cdn/audio/female/0d94017f7a0ff116.mp3
klarweg-audio/public/audio/words/male/0d94017f7a0ff116.mp3,klarweg-audio-cdn/audio/male/0d94017f7a0ff116.mp3
klarweg-audio/public/audio/words/female/8c7832c4846d60d8.mp3,klarweg-audio-cdn/audio/female/8c7832c4846d60d8.mp3
klarweg-audio/public/audio/words/male/8c7832c4846d60d8.mp3,klarweg-audio-cdn/audio/male/8c7832c4846d60d8.mp3
klarweg-audio/public/audio/words/female/e62e835c49401f02.mp3,klarweg-audio-cdn/audio/female/e62e835c49401f02.mp3
klarweg-audio/public/audio/words/male/e62e835c49401f02.mp3,klarweg-audio-cdn/audio/male/e62e835c49401f02.mp3
klarweg-audio/public/audio/words/female/09d7796c33591975.mp3,klarweg-audio-cdn/audio/female/09d7796c33591975.mp3
klarweg-audio/public/audio/words/male/09d7796c33591975.mp3,klarweg-audio-cdn/audio/male/09d7796c33591975.mp3
klarweg-audio/public/audio/words/female/5ef3be91dd16663d.mp3,klarweg-audio-cdn/audio/female/5ef3be91dd16663d.mp3
klarweg-audio/public/audio/words/male/5ef3be91dd16663d.mp3,klarweg-audio-cdn/audio/male/5ef3be91dd16663d.mp3
klarweg-audio/public/audio/words/female/3b28c9e0ec7f76a4.mp3,klarweg-audio-cdn/audio/female/3b28c9e0ec7f76a4.mp3
klarweg-audio/public/audio/words/male/3b28c9e0ec7f76a4.mp3,klarweg-audio-cdn/audio/male/3b28c9e0ec7f76a4.mp3
klarweg-audio/public/audio/words/female/364993bc52161c56.mp3,klarweg-audio-cdn/audio/female/364993bc52161c56.mp3
klarweg-audio/public/audio/words/male/364993bc52161c56.mp3,klarweg-audio-cdn/audio/male/364993bc52161c56.mp3
klarweg-audio/public/audio/words/female/e5ea5c5dc87b9b97.mp3,klarweg-audio-cdn/audio/female/e5ea5c5dc87b9b97.mp3
klarweg-audio/public/audio/words/male/e5ea5c5dc87b9b97.mp3,klarweg-audio-cdn/audio/male/e5ea5c5dc87b9b97.mp3
klarweg-audio/public/audio/words/female/573996735beb65bc.mp3,klarweg-audio-cdn/audio/female/573996735beb65bc.mp3
klarweg-audio/public/audio/words/male/573996735beb65bc.mp3,klarweg-audio-cdn/audio/male/573996735beb65bc.mp3
klarweg-audio/public/audio/words/female/b7894c7d6542db50.mp3,klarweg-audio-cdn/audio/female/b7894c7d6542db50.mp3
klarweg-audio/public/audio/words/male/b7894c7d6542db50.mp3,klarweg-audio-cdn/audio/male/b7894c7d6542db50.mp3
klarweg-audio/public/audio/words/female/08cbb7a9c725d078.mp3,klarweg-audio-cdn/audio/female/08cbb7a9c725d078.mp3
klarweg-audio/public/audio/words/male/08cbb7a9c725d078.mp3,klarweg-audio-cdn/audio/male/08cbb7a9c725d078.mp3
klarweg-audio/public/audio/words/female/7f55db14f5290582.mp3,klarweg-audio-cdn/audio/female/7f55db14f5290582.mp3
klarweg-audio/public/audio/words/male/7f55db14f5290582.mp3,klarweg-audio-cdn/audio/male/7f55db14f5290582.mp3
klarweg-audio/public/audio/words/female/ecf0a4be8f4b7ca2.mp3,klarweg-audio-cdn/audio/female/ecf0a4be8f4b7ca2.mp3
klarweg-audio/public/audio/words/male/ecf0a4be8f4b7ca2.mp3,klarweg-audio-cdn/audio/male/ecf0a4be8f4b7ca2.mp3
klarweg-audio/public/audio/words/female/3ad45124a62b2681.mp3,klarweg-audio-cdn/audio/female/3ad45124a62b2681.mp3
klarweg-audio/public/audio/words/male/3ad45124a62b2681.mp3,klarweg-audio-cdn/audio/male/3ad45124a62b2681.mp3
klarweg-audio/public/audio/words/female/f57d167e43d295b9.mp3,klarweg-audio-cdn/audio/female/f57d167e43d295b9.mp3
klarweg-audio/public/audio/words/male/f57d167e43d295b9.mp3,klarweg-audio-cdn/audio/male/f57d167e43d295b9.mp3
klarweg-audio/public/audio/words/female/f9e459a9773c1ea6.mp3,klarweg-audio-cdn/audio/female/f9e459a9773c1ea6.mp3
klarweg-audio/public/audio/words/male/f9e459a9773c1ea6.mp3,klarweg-audio-cdn/audio/male/f9e459a9773c1ea6.mp3
klarweg-audio/public/audio/words/female/cdb87a4dce556f92.mp3,klarweg-audio-cdn/audio/female/cdb87a4dce556f92.mp3
klarweg-audio/public/audio/words/male/cdb87a4dce556f92.mp3,klarweg-audio-cdn/audio/male/cdb87a4dce556f92.mp3
klarweg-audio/public/audio/words/female/d461aaf0b5b04f07.mp3,klarweg-audio-cdn/audio/female/d461aaf0b5b04f07.mp3
klarweg-audio/public/audio/words/male/d461aaf0b5b04f07.mp3,klarweg-audio-cdn/audio/male/d461aaf0b5b04f07.mp3
klarweg-audio/public/audio/words/female/8a72a857e10dde7b.mp3,klarweg-audio-cdn/audio/female/8a72a857e10dde7b.mp3
klarweg-audio/public/audio/words/male/8a72a857e10dde7b.mp3,klarweg-audio-cdn/audio/male/8a72a857e10dde7b.mp3
klarweg-audio/public/audio/words/female/aaf93a6abca3c1da.mp3,klarweg-audio-cdn/audio/female/aaf93a6abca3c1da.mp3
klarweg-audio/public/audio/words/male/aaf93a6abca3c1da.mp3,klarweg-audio-cdn/audio/male/aaf93a6abca3c1da.mp3
klarweg-audio/public/audio/words/female/b6bddbba0ac3597d.mp3,klarweg-audio-cdn/audio/female/b6bddbba0ac3597d.mp3
klarweg-audio/public/audio/words/male/b6bddbba0ac3597d.mp3,klarweg-audio-cdn/audio/male/b6bddbba0ac3597d.mp3
klarweg-audio/public/audio/words/female/99a4ecfa6f690230.mp3,klarweg-audio-cdn/audio/female/99a4ecfa6f690230.mp3
klarweg-audio/public/audio/words/male/99a4ecfa6f690230.mp3,klarweg-audio-cdn/audio/male/99a4ecfa6f690230.mp3
klarweg-audio/public/audio/words/female/b838790c0b31e1fd.mp3,klarweg-audio-cdn/audio/female/b838790c0b31e1fd.mp3
klarweg-audio/public/audio/words/male/b838790c0b31e1fd.mp3,klarweg-audio-cdn/audio/male/b838790c0b31e1fd.mp3
klarweg-audio/public/audio/words/female/263b26e44932426a.mp3,klarweg-audio-cdn/audio/female/263b26e44932426a.mp3
klarweg-audio/public/audio/words/male/263b26e44932426a.mp3,klarweg-audio-cdn/audio/male/263b26e44932426a.mp3
klarweg-audio/public/audio/words/female/2cc4349966f1f00d.mp3,klarweg-audio-cdn/audio/female/2cc4349966f1f00d.mp3
klarweg-audio/public/audio/words/male/2cc4349966f1f00d.mp3,klarweg-audio-cdn/audio/male/2cc4349966f1f00d.mp3
klarweg-audio/public/audio/words/female/84911b299e56ebec.mp3,klarweg-audio-cdn/audio/female/84911b299e56ebec.mp3
klarweg-audio/public/audio/words/male/84911b299e56ebec.mp3,klarweg-audio-cdn/audio/male/84911b299e56ebec.mp3
klarweg-audio/public/audio/words/female/6a5bc805ec2e6c40.mp3,klarweg-audio-cdn/audio/female/6a5bc805ec2e6c40.mp3
klarweg-audio/public/audio/words/male/6a5bc805ec2e6c40.mp3,klarweg-audio-cdn/audio/male/6a5bc805ec2e6c40.mp3
klarweg-audio/public/audio/words/female/29c118329bc8b770.mp3,klarweg-audio-cdn/audio/female/29c118329bc8b770.mp3
klarweg-audio/public/audio/words/male/29c118329bc8b770.mp3,klarweg-audio-cdn/audio/male/29c118329bc8b770.mp3
klarweg-audio/public/audio/words/female/e2242c40e130ccc1.mp3,klarweg-audio-cdn/audio/female/e2242c40e130ccc1.mp3
klarweg-audio/public/audio/words/male/e2242c40e130ccc1.mp3,klarweg-audio-cdn/audio/male/e2242c40e130ccc1.mp3
klarweg-audio/public/audio/words/female/829dc12997bf2161.mp3,klarweg-audio-cdn/audio/female/829dc12997bf2161.mp3
klarweg-audio/public/audio/words/male/829dc12997bf2161.mp3,klarweg-audio-cdn/audio/male/829dc12997bf2161.mp3
klarweg-audio/public/audio/words/female/3ee5fdb2924a8f4c.mp3,klarweg-audio-cdn/audio/female/3ee5fdb2924a8f4c.mp3
klarweg-audio/public/audio/words/male/3ee5fdb2924a8f4c.mp3,klarweg-audio-cdn/audio/male/3ee5fdb2924a8f4c.mp3
klarweg-audio/public/audio/words/female/8900608c6285ee1a.mp3,klarweg-audio-cdn/audio/female/8900608c6285ee1a.mp3
klarweg-audio/public/audio/words/male/8900608c6285ee1a.mp3,klarweg-audio-cdn/audio/male/8900608c6285ee1a.mp3
klarweg-audio/public/audio/words/female/73cbf808bf5d0406.mp3,klarweg-audio-cdn/audio/female/73cbf808bf5d0406.mp3
klarweg-audio/public/audio/words/male/73cbf808bf5d0406.mp3,klarweg-audio-cdn/audio/male/73cbf808bf5d0406.mp3
klarweg-audio/public/audio/words/female/9b3331d1bdc653d7.mp3,klarweg-audio-cdn/audio/female/9b3331d1bdc653d7.mp3
klarweg-audio/public/audio/words/male/9b3331d1bdc653d7.mp3,klarweg-audio-cdn/audio/male/9b3331d1bdc653d7.mp3
klarweg-audio/public/audio/words/female/afedfb159bd7d780.mp3,klarweg-audio-cdn/audio/female/afedfb159bd7d780.mp3
klarweg-audio/public/audio/words/male/afedfb159bd7d780.mp3,klarweg-audio-cdn/audio/male/afedfb159bd7d780.mp3
klarweg-audio/public/audio/words/female/c53d8e2580308793.mp3,klarweg-audio-cdn/audio/female/c53d8e2580308793.mp3
klarweg-audio/public/audio/words/male/c53d8e2580308793.mp3,klarweg-audio-cdn/audio/male/c53d8e2580308793.mp3
klarweg-audio/public/audio/words/female/c79932037e9ae0d8.mp3,klarweg-audio-cdn/audio/female/c79932037e9ae0d8.mp3
klarweg-audio/public/audio/words/male/c79932037e9ae0d8.mp3,klarweg-audio-cdn/audio/male/c79932037e9ae0d8.mp3
klarweg-audio/public/audio/words/female/d7cb1981c9fd284c.mp3,klarweg-audio-cdn/audio/female/d7cb1981c9fd284c.mp3
klarweg-audio/public/audio/words/male/d7cb1981c9fd284c.mp3,klarweg-audio-cdn/audio/male/d7cb1981c9fd284c.mp3
klarweg-audio/public/audio/words/female/ece7da2bc0c0b82d.mp3,klarweg-audio-cdn/audio/female/ece7da2bc0c0b82d.mp3
klarweg-audio/public/audio/words/male/ece7da2bc0c0b82d.mp3,klarweg-audio-cdn/audio/male/ece7da2bc0c0b82d.mp3
klarweg-audio/public/audio/words/female/ed519802d70994d6.mp3,klarweg-audio-cdn/audio/female/ed519802d70994d6.mp3
klarweg-audio/public/audio/words/male/ed519802d70994d6.mp3,klarweg-audio-cdn/audio/male/ed519802d70994d6.mp3
klarweg-audio/public/audio/words/female/beb315f830b47220.mp3,klarweg-audio-cdn/audio/female/beb315f830b47220.mp3
klarweg-audio/public/audio/words/male/beb315f830b47220.mp3,klarweg-audio-cdn/audio/male/beb315f830b47220.mp3
klarweg-audio/public/audio/words/female/c5926c5d97d86fbf.mp3,klarweg-audio-cdn/audio/female/c5926c5d97d86fbf.mp3
klarweg-audio/public/audio/words/male/c5926c5d97d86fbf.mp3,klarweg-audio-cdn/audio/male/c5926c5d97d86fbf.mp3
klarweg-audio/public/audio/words/female/85b63025329068f0.mp3,klarweg-audio-cdn/audio/female/85b63025329068f0.mp3
klarweg-audio/public/audio/words/male/85b63025329068f0.mp3,klarweg-audio-cdn/audio/male/85b63025329068f0.mp3
klarweg-audio/public/audio/words/female/ad2045885784a539.mp3,klarweg-audio-cdn/audio/female/ad2045885784a539.mp3
klarweg-audio/public/audio/words/male/ad2045885784a539.mp3,klarweg-audio-cdn/audio/male/ad2045885784a539.mp3
klarweg-audio/public/audio/words/female/e5bee728d71bfe5f.mp3,klarweg-audio-cdn/audio/female/e5bee728d71bfe5f.mp3
klarweg-audio/public/audio/words/male/e5bee728d71bfe5f.mp3,klarweg-audio-cdn/audio/male/e5bee728d71bfe5f.mp3
klarweg-audio/public/audio/words/female/3c9e5dd7fd2bc80a.mp3,klarweg-audio-cdn/audio/female/3c9e5dd7fd2bc80a.mp3
klarweg-audio/public/audio/words/male/3c9e5dd7fd2bc80a.mp3,klarweg-audio-cdn/audio/male/3c9e5dd7fd2bc80a.mp3
klarweg-audio/public/audio/words/female/a781c79805eb0ca7.mp3,klarweg-audio-cdn/audio/female/a781c79805eb0ca7.mp3
klarweg-audio/public/audio/words/male/a781c79805eb0ca7.mp3,klarweg-audio-cdn/audio/male/a781c79805eb0ca7.mp3
klarweg-audio/public/audio/words/female/a8570219bff8a7b3.mp3,klarweg-audio-cdn/audio/female/a8570219bff8a7b3.mp3
klarweg-audio/public/audio/words/male/a8570219bff8a7b3.mp3,klarweg-audio-cdn/audio/male/a8570219bff8a7b3.mp3
klarweg-audio/public/audio/words/female/1e1cdec7483abe88.mp3,klarweg-audio-cdn/audio/female/1e1cdec7483abe88.mp3
klarweg-audio/public/audio/words/male/1e1cdec7483abe88.mp3,klarweg-audio-cdn/audio/male/1e1cdec7483abe88.mp3
klarweg-audio/public/audio/words/female/1dc7b07acc0b2271.mp3,klarweg-audio-cdn/audio/female/1dc7b07acc0b2271.mp3
klarweg-audio/public/audio/words/male/1dc7b07acc0b2271.mp3,klarweg-audio-cdn/audio/male/1dc7b07acc0b2271.mp3
klarweg-audio/public/audio/words/female/94b8d017b2fd50b7.mp3,klarweg-audio-cdn/audio/female/94b8d017b2fd50b7.mp3
klarweg-audio/public/audio/words/male/94b8d017b2fd50b7.mp3,klarweg-audio-cdn/audio/male/94b8d017b2fd50b7.mp3
klarweg-audio/public/audio/words/female/82290e21626ca727.mp3,klarweg-audio-cdn/audio/female/82290e21626ca727.mp3
klarweg-audio/public/audio/words/male/82290e21626ca727.mp3,klarweg-audio-cdn/audio/male/82290e21626ca727.mp3
klarweg-audio/public/audio/words/female/41b66d23fe3d4401.mp3,klarweg-audio-cdn/audio/female/41b66d23fe3d4401.mp3
klarweg-audio/public/audio/words/male/41b66d23fe3d4401.mp3,klarweg-audio-cdn/audio/male/41b66d23fe3d4401.mp3
klarweg-audio/public/audio/words/female/b39a996e5462d77b.mp3,klarweg-audio-cdn/audio/female/b39a996e5462d77b.mp3
klarweg-audio/public/audio/words/male/b39a996e5462d77b.mp3,klarweg-audio-cdn/audio/male/b39a996e5462d77b.mp3
klarweg-audio/public/audio/words/female/d60b3f691c35aee4.mp3,klarweg-audio-cdn/audio/female/d60b3f691c35aee4.mp3
klarweg-audio/public/audio/words/male/d60b3f691c35aee4.mp3,klarweg-audio-cdn/audio/male/d60b3f691c35aee4.mp3
klarweg-audio/public/audio/words/female/907dffea8a9c3b7c.mp3,klarweg-audio-cdn/audio/female/907dffea8a9c3b7c.mp3
klarweg-audio/public/audio/words/male/907dffea8a9c3b7c.mp3,klarweg-audio-cdn/audio/male/907dffea8a9c3b7c.mp3
klarweg-audio/public/audio/words/female/08628824ece32f89.mp3,klarweg-audio-cdn/audio/female/08628824ece32f89.mp3
klarweg-audio/public/audio/words/male/08628824ece32f89.mp3,klarweg-audio-cdn/audio/male/08628824ece32f89.mp3
klarweg-audio/public/audio/words/female/a534573ce2b2da37.mp3,klarweg-audio-cdn/audio/female/a534573ce2b2da37.mp3
klarweg-audio/public/audio/words/male/a534573ce2b2da37.mp3,klarweg-audio-cdn/audio/male/a534573ce2b2da37.mp3
klarweg-audio/public/audio/words/female/eee001a8bd764d2b.mp3,klarweg-audio-cdn/audio/female/eee001a8bd764d2b.mp3
klarweg-audio/public/audio/words/male/eee001a8bd764d2b.mp3,klarweg-audio-cdn/audio/male/eee001a8bd764d2b.mp3
klarweg-audio/public/audio/words/female/3dcddb6bd8f75273.mp3,klarweg-audio-cdn/audio/female/3dcddb6bd8f75273.mp3
klarweg-audio/public/audio/words/male/3dcddb6bd8f75273.mp3,klarweg-audio-cdn/audio/male/3dcddb6bd8f75273.mp3
klarweg-audio/public/audio/words/female/015da0cee2828c9c.mp3,klarweg-audio-cdn/audio/female/015da0cee2828c9c.mp3
klarweg-audio/public/audio/words/male/015da0cee2828c9c.mp3,klarweg-audio-cdn/audio/male/015da0cee2828c9c.mp3
klarweg-audio/public/audio/words/female/96350e87c5fad615.mp3,klarweg-audio-cdn/audio/female/96350e87c5fad615.mp3
klarweg-audio/public/audio/words/male/96350e87c5fad615.mp3,klarweg-audio-cdn/audio/male/96350e87c5fad615.mp3
klarweg-audio/public/audio/words/female/37b8826bedd45ded.mp3,klarweg-audio-cdn/audio/female/37b8826bedd45ded.mp3
klarweg-audio/public/audio/words/male/37b8826bedd45ded.mp3,klarweg-audio-cdn/audio/male/37b8826bedd45ded.mp3
klarweg-audio/public/audio/words/female/513955e1d6071d9b.mp3,klarweg-audio-cdn/audio/female/513955e1d6071d9b.mp3
klarweg-audio/public/audio/words/male/513955e1d6071d9b.mp3,klarweg-audio-cdn/audio/male/513955e1d6071d9b.mp3
klarweg-audio/public/audio/words/female/7b2217e78ae7128a.mp3,klarweg-audio-cdn/audio/female/7b2217e78ae7128a.mp3
klarweg-audio/public/audio/words/male/7b2217e78ae7128a.mp3,klarweg-audio-cdn/audio/male/7b2217e78ae7128a.mp3
klarweg-audio/public/audio/words/female/f78771b5cd47398a.mp3,klarweg-audio-cdn/audio/female/f78771b5cd47398a.mp3
klarweg-audio/public/audio/words/male/f78771b5cd47398a.mp3,klarweg-audio-cdn/audio/male/f78771b5cd47398a.mp3
klarweg-audio/public/audio/words/female/e25723600ca92485.mp3,klarweg-audio-cdn/audio/female/e25723600ca92485.mp3
klarweg-audio/public/audio/words/male/e25723600ca92485.mp3,klarweg-audio-cdn/audio/male/e25723600ca92485.mp3
klarweg-audio/public/audio/words/female/d3fbcb451d813f4e.mp3,klarweg-audio-cdn/audio/female/d3fbcb451d813f4e.mp3
klarweg-audio/public/audio/words/male/d3fbcb451d813f4e.mp3,klarweg-audio-cdn/audio/male/d3fbcb451d813f4e.mp3
klarweg-audio/public/audio/words/female/6e34c87351f2b616.mp3,klarweg-audio-cdn/audio/female/6e34c87351f2b616.mp3
klarweg-audio/public/audio/words/male/6e34c87351f2b616.mp3,klarweg-audio-cdn/audio/male/6e34c87351f2b616.mp3
klarweg-audio/public/audio/words/female/564bd9b71e027987.mp3,klarweg-audio-cdn/audio/female/564bd9b71e027987.mp3
klarweg-audio/public/audio/words/male/564bd9b71e027987.mp3,klarweg-audio-cdn/audio/male/564bd9b71e027987.mp3
klarweg-audio/public/audio/words/female/8d04091f6390faaf.mp3,klarweg-audio-cdn/audio/female/8d04091f6390faaf.mp3
klarweg-audio/public/audio/words/male/8d04091f6390faaf.mp3,klarweg-audio-cdn/audio/male/8d04091f6390faaf.mp3
klarweg-audio/public/audio/words/female/bd5fdc89f0e82253.mp3,klarweg-audio-cdn/audio/female/bd5fdc89f0e82253.mp3
klarweg-audio/public/audio/words/male/bd5fdc89f0e82253.mp3,klarweg-audio-cdn/audio/male/bd5fdc89f0e82253.mp3
klarweg-audio/public/audio/words/female/5b7ba1eba4fcda65.mp3,klarweg-audio-cdn/audio/female/5b7ba1eba4fcda65.mp3
klarweg-audio/public/audio/words/male/5b7ba1eba4fcda65.mp3,klarweg-audio-cdn/audio/male/5b7ba1eba4fcda65.mp3
klarweg-audio/public/audio/words/female/39faf38894c43088.mp3,klarweg-audio-cdn/audio/female/39faf38894c43088.mp3
klarweg-audio/public/audio/words/male/39faf38894c43088.mp3,klarweg-audio-cdn/audio/male/39faf38894c43088.mp3
klarweg-audio/public/audio/words/female/415f7ea091d76ead.mp3,klarweg-audio-cdn/audio/female/415f7ea091d76ead.mp3
klarweg-audio/public/audio/words/male/415f7ea091d76ead.mp3,klarweg-audio-cdn/audio/male/415f7ea091d76ead.mp3
klarweg-audio/public/audio/words/female/ef0d812cb2a39d8a.mp3,klarweg-audio-cdn/audio/female/ef0d812cb2a39d8a.mp3
klarweg-audio/public/audio/words/male/ef0d812cb2a39d8a.mp3,klarweg-audio-cdn/audio/male/ef0d812cb2a39d8a.mp3
klarweg-audio/public/audio/words/female/a684f7ded9836458.mp3,klarweg-audio-cdn/audio/female/a684f7ded9836458.mp3
klarweg-audio/public/audio/words/male/a684f7ded9836458.mp3,klarweg-audio-cdn/audio/male/a684f7ded9836458.mp3
klarweg-audio/public/audio/words/female/70a3c28353bb3a7b.mp3,klarweg-audio-cdn/audio/female/70a3c28353bb3a7b.mp3
klarweg-audio/public/audio/words/male/70a3c28353bb3a7b.mp3,klarweg-audio-cdn/audio/male/70a3c28353bb3a7b.mp3
klarweg-audio/public/audio/words/female/ff414a2da21d7515.mp3,klarweg-audio-cdn/audio/female/ff414a2da21d7515.mp3
klarweg-audio/public/audio/words/male/ff414a2da21d7515.mp3,klarweg-audio-cdn/audio/male/ff414a2da21d7515.mp3
klarweg-audio/public/audio/words/female/0593549be27cf3c0.mp3,klarweg-audio-cdn/audio/female/0593549be27cf3c0.mp3
klarweg-audio/public/audio/words/male/0593549be27cf3c0.mp3,klarweg-audio-cdn/audio/male/0593549be27cf3c0.mp3
klarweg-audio/public/audio/words/female/afb43548321ba1b1.mp3,klarweg-audio-cdn/audio/female/afb43548321ba1b1.mp3
klarweg-audio/public/audio/words/male/afb43548321ba1b1.mp3,klarweg-audio-cdn/audio/male/afb43548321ba1b1.mp3
klarweg-audio/public/audio/words/female/ac9d90f4a86c33c5.mp3,klarweg-audio-cdn/audio/female/ac9d90f4a86c33c5.mp3
klarweg-audio/public/audio/words/male/ac9d90f4a86c33c5.mp3,klarweg-audio-cdn/audio/male/ac9d90f4a86c33c5.mp3
klarweg-audio/public/audio/words/female/8c83baf28842c47e.mp3,klarweg-audio-cdn/audio/female/8c83baf28842c47e.mp3
klarweg-audio/public/audio/words/male/8c83baf28842c47e.mp3,klarweg-audio-cdn/audio/male/8c83baf28842c47e.mp3
klarweg-audio/public/audio/words/female/1bf7877e45162aa0.mp3,klarweg-audio-cdn/audio/female/1bf7877e45162aa0.mp3
klarweg-audio/public/audio/words/male/1bf7877e45162aa0.mp3,klarweg-audio-cdn/audio/male/1bf7877e45162aa0.mp3
klarweg-audio/public/audio/words/female/41e60ecc5f28ce3c.mp3,klarweg-audio-cdn/audio/female/41e60ecc5f28ce3c.mp3
klarweg-audio/public/audio/words/male/41e60ecc5f28ce3c.mp3,klarweg-audio-cdn/audio/male/41e60ecc5f28ce3c.mp3
klarweg-audio/public/audio/words/female/6bd02b612926458c.mp3,klarweg-audio-cdn/audio/female/6bd02b612926458c.mp3
klarweg-audio/public/audio/words/male/6bd02b612926458c.mp3,klarweg-audio-cdn/audio/male/6bd02b612926458c.mp3
klarweg-audio/public/audio/words/female/cf24584720abc228.mp3,klarweg-audio-cdn/audio/female/cf24584720abc228.mp3
klarweg-audio/public/audio/words/male/cf24584720abc228.mp3,klarweg-audio-cdn/audio/male/cf24584720abc228.mp3
klarweg-audio/public/audio/words/female/b7c3b96771d5163a.mp3,klarweg-audio-cdn/audio/female/b7c3b96771d5163a.mp3
klarweg-audio/public/audio/words/male/b7c3b96771d5163a.mp3,klarweg-audio-cdn/audio/male/b7c3b96771d5163a.mp3
klarweg-audio/public/audio/words/female/0be896b02d51db6d.mp3,klarweg-audio-cdn/audio/female/0be896b02d51db6d.mp3
klarweg-audio/public/audio/words/male/0be896b02d51db6d.mp3,klarweg-audio-cdn/audio/male/0be896b02d51db6d.mp3
klarweg-audio/public/audio/words/female/fe8a05590c07ecec.mp3,klarweg-audio-cdn/audio/female/fe8a05590c07ecec.mp3
klarweg-audio/public/audio/words/male/fe8a05590c07ecec.mp3,klarweg-audio-cdn/audio/male/fe8a05590c07ecec.mp3
klarweg-audio/public/audio/words/female/fdeaf263fada1e89.mp3,klarweg-audio-cdn/audio/female/fdeaf263fada1e89.mp3
klarweg-audio/public/audio/words/male/fdeaf263fada1e89.mp3,klarweg-audio-cdn/audio/male/fdeaf263fada1e89.mp3
klarweg-audio/public/audio/words/female/ec941dc94261db93.mp3,klarweg-audio-cdn/audio/female/ec941dc94261db93.mp3
klarweg-audio/public/audio/words/male/ec941dc94261db93.mp3,klarweg-audio-cdn/audio/male/ec941dc94261db93.mp3
klarweg-audio/public/audio/words/female/820d3fc38e3c3269.mp3,klarweg-audio-cdn/audio/female/820d3fc38e3c3269.mp3
klarweg-audio/public/audio/words/male/820d3fc38e3c3269.mp3,klarweg-audio-cdn/audio/male/820d3fc38e3c3269.mp3
klarweg-audio/public/audio/words/female/3b343bbfbb9db626.mp3,klarweg-audio-cdn/audio/female/3b343bbfbb9db626.mp3
klarweg-audio/public/audio/words/male/3b343bbfbb9db626.mp3,klarweg-audio-cdn/audio/male/3b343bbfbb9db626.mp3
klarweg-audio/public/audio/words/female/ff5b43043b142374.mp3,klarweg-audio-cdn/audio/female/ff5b43043b142374.mp3
klarweg-audio/public/audio/words/male/ff5b43043b142374.mp3,klarweg-audio-cdn/audio/male/ff5b43043b142374.mp3
klarweg-audio/public/audio/words/female/1090d3310f8ba3e8.mp3,klarweg-audio-cdn/audio/female/1090d3310f8ba3e8.mp3
klarweg-audio/public/audio/words/male/1090d3310f8ba3e8.mp3,klarweg-audio-cdn/audio/male/1090d3310f8ba3e8.mp3
klarweg-audio/public/audio/words/female/763bc2ffee742414.mp3,klarweg-audio-cdn/audio/female/763bc2ffee742414.mp3
klarweg-audio/public/audio/words/male/763bc2ffee742414.mp3,klarweg-audio-cdn/audio/male/763bc2ffee742414.mp3
klarweg-audio/public/audio/words/female/99d3807d8033790f.mp3,klarweg-audio-cdn/audio/female/99d3807d8033790f.mp3
klarweg-audio/public/audio/words/male/99d3807d8033790f.mp3,klarweg-audio-cdn/audio/male/99d3807d8033790f.mp3
klarweg-audio/public/audio/words/female/33c13631f1526c50.mp3,klarweg-audio-cdn/audio/female/33c13631f1526c50.mp3
klarweg-audio/public/audio/words/male/33c13631f1526c50.mp3,klarweg-audio-cdn/audio/male/33c13631f1526c50.mp3
klarweg-audio/public/audio/words/female/e918463e97cdfba1.mp3,klarweg-audio-cdn/audio/female/e918463e97cdfba1.mp3
klarweg-audio/public/audio/words/male/e918463e97cdfba1.mp3,klarweg-audio-cdn/audio/male/e918463e97cdfba1.mp3
klarweg-audio/public/audio/words/female/ca1a8a7740423fae.mp3,klarweg-audio-cdn/audio/female/ca1a8a7740423fae.mp3
klarweg-audio/public/audio/words/male/ca1a8a7740423fae.mp3,klarweg-audio-cdn/audio/male/ca1a8a7740423fae.mp3
klarweg-audio/public/audio/words/female/ff0dd39f44bd6fd7.mp3,klarweg-audio-cdn/audio/female/ff0dd39f44bd6fd7.mp3
klarweg-audio/public/audio/words/male/ff0dd39f44bd6fd7.mp3,klarweg-audio-cdn/audio/male/ff0dd39f44bd6fd7.mp3
klarweg-audio/public/audio/words/female/6c76ea5f46cd6273.mp3,klarweg-audio-cdn/audio/female/6c76ea5f46cd6273.mp3
klarweg-audio/public/audio/words/male/6c76ea5f46cd6273.mp3,klarweg-audio-cdn/audio/male/6c76ea5f46cd6273.mp3
klarweg-audio/public/audio/words/female/d06d03b492eee41f.mp3,klarweg-audio-cdn/audio/female/d06d03b492eee41f.mp3
klarweg-audio/public/audio/words/male/d06d03b492eee41f.mp3,klarweg-audio-cdn/audio/male/d06d03b492eee41f.mp3
klarweg-audio/public/audio/words/female/af328727a514b4ba.mp3,klarweg-audio-cdn/audio/female/af328727a514b4ba.mp3
klarweg-audio/public/audio/words/male/af328727a514b4ba.mp3,klarweg-audio-cdn/audio/male/af328727a514b4ba.mp3
klarweg-audio/public/audio/words/female/37e780ce2879ce8d.mp3,klarweg-audio-cdn/audio/female/37e780ce2879ce8d.mp3
klarweg-audio/public/audio/words/male/37e780ce2879ce8d.mp3,klarweg-audio-cdn/audio/male/37e780ce2879ce8d.mp3
klarweg-audio/public/audio/words/female/511a63a9bf5e886d.mp3,klarweg-audio-cdn/audio/female/511a63a9bf5e886d.mp3
klarweg-audio/public/audio/words/male/511a63a9bf5e886d.mp3,klarweg-audio-cdn/audio/male/511a63a9bf5e886d.mp3
klarweg-audio/public/audio/words/female/b0b33ec2a2eab8ce.mp3,klarweg-audio-cdn/audio/female/b0b33ec2a2eab8ce.mp3
klarweg-audio/public/audio/words/male/b0b33ec2a2eab8ce.mp3,klarweg-audio-cdn/audio/male/b0b33ec2a2eab8ce.mp3
klarweg-audio/public/audio/words/female/bec535f70da50b8f.mp3,klarweg-audio-cdn/audio/female/bec535f70da50b8f.mp3
klarweg-audio/public/audio/words/male/bec535f70da50b8f.mp3,klarweg-audio-cdn/audio/male/bec535f70da50b8f.mp3
klarweg-audio/public/audio/words/female/f44480460beec339.mp3,klarweg-audio-cdn/audio/female/f44480460beec339.mp3
klarweg-audio/public/audio/words/male/f44480460beec339.mp3,klarweg-audio-cdn/audio/male/f44480460beec339.mp3
klarweg-audio/public/audio/words/female/3afd8acae12c69a2.mp3,klarweg-audio-cdn/audio/female/3afd8acae12c69a2.mp3
klarweg-audio/public/audio/words/male/3afd8acae12c69a2.mp3,klarweg-audio-cdn/audio/male/3afd8acae12c69a2.mp3
klarweg-audio/public/audio/words/female/5cb6b9bc436f997a.mp3,klarweg-audio-cdn/audio/female/5cb6b9bc436f997a.mp3
klarweg-audio/public/audio/words/male/5cb6b9bc436f997a.mp3,klarweg-audio-cdn/audio/male/5cb6b9bc436f997a.mp3
klarweg-audio/public/audio/words/female/21adcacce0dcc8ee.mp3,klarweg-audio-cdn/audio/female/21adcacce0dcc8ee.mp3
klarweg-audio/public/audio/words/male/21adcacce0dcc8ee.mp3,klarweg-audio-cdn/audio/male/21adcacce0dcc8ee.mp3
klarweg-audio/public/audio/words/female/26ea7c97b7f5cc63.mp3,klarweg-audio-cdn/audio/female/26ea7c97b7f5cc63.mp3
klarweg-audio/public/audio/words/male/26ea7c97b7f5cc63.mp3,klarweg-audio-cdn/audio/male/26ea7c97b7f5cc63.mp3
klarweg-audio/public/audio/words/female/0b8fe994e5119b29.mp3,klarweg-audio-cdn/audio/female/0b8fe994e5119b29.mp3
klarweg-audio/public/audio/words/male/0b8fe994e5119b29.mp3,klarweg-audio-cdn/audio/male/0b8fe994e5119b29.mp3
klarweg-audio/public/audio/words/female/3c94b143e9add79e.mp3,klarweg-audio-cdn/audio/female/3c94b143e9add79e.mp3
klarweg-audio/public/audio/words/male/3c94b143e9add79e.mp3,klarweg-audio-cdn/audio/male/3c94b143e9add79e.mp3
klarweg-audio/public/audio/words/female/5c0e7879c269a8bf.mp3,klarweg-audio-cdn/audio/female/5c0e7879c269a8bf.mp3
klarweg-audio/public/audio/words/male/5c0e7879c269a8bf.mp3,klarweg-audio-cdn/audio/male/5c0e7879c269a8bf.mp3
klarweg-audio/public/audio/words/female/87987217c3e817c3.mp3,klarweg-audio-cdn/audio/female/87987217c3e817c3.mp3
klarweg-audio/public/audio/words/male/87987217c3e817c3.mp3,klarweg-audio-cdn/audio/male/87987217c3e817c3.mp3
klarweg-audio/public/audio/words/female/cc1887d86aac85b3.mp3,klarweg-audio-cdn/audio/female/cc1887d86aac85b3.mp3
klarweg-audio/public/audio/words/male/cc1887d86aac85b3.mp3,klarweg-audio-cdn/audio/male/cc1887d86aac85b3.mp3
klarweg-audio/public/audio/words/female/546700995d5f56e2.mp3,klarweg-audio-cdn/audio/female/546700995d5f56e2.mp3
klarweg-audio/public/audio/words/male/546700995d5f56e2.mp3,klarweg-audio-cdn/audio/male/546700995d5f56e2.mp3
klarweg-audio/public/audio/words/female/eafae01d20122813.mp3,klarweg-audio-cdn/audio/female/eafae01d20122813.mp3
klarweg-audio/public/audio/words/male/eafae01d20122813.mp3,klarweg-audio-cdn/audio/male/eafae01d20122813.mp3
klarweg-audio/public/audio/words/female/e3097a22451808b7.mp3,klarweg-audio-cdn/audio/female/e3097a22451808b7.mp3
klarweg-audio/public/audio/words/male/e3097a22451808b7.mp3,klarweg-audio-cdn/audio/male/e3097a22451808b7.mp3
klarweg-audio/public/audio/words/female/29f7ff7ae598e2ae.mp3,klarweg-audio-cdn/audio/female/29f7ff7ae598e2ae.mp3
klarweg-audio/public/audio/words/male/29f7ff7ae598e2ae.mp3,klarweg-audio-cdn/audio/male/29f7ff7ae598e2ae.mp3
klarweg-audio/public/audio/words/female/7dbb27dce73b005f.mp3,klarweg-audio-cdn/audio/female/7dbb27dce73b005f.mp3
klarweg-audio/public/audio/words/male/7dbb27dce73b005f.mp3,klarweg-audio-cdn/audio/male/7dbb27dce73b005f.mp3
klarweg-audio/public/audio/words/female/1c67d6e9f1ec6546.mp3,klarweg-audio-cdn/audio/female/1c67d6e9f1ec6546.mp3
klarweg-audio/public/audio/words/male/1c67d6e9f1ec6546.mp3,klarweg-audio-cdn/audio/male/1c67d6e9f1ec6546.mp3
klarweg-audio/public/audio/words/female/e9ce10f603b71170.mp3,klarweg-audio-cdn/audio/female/e9ce10f603b71170.mp3
klarweg-audio/public/audio/words/male/e9ce10f603b71170.mp3,klarweg-audio-cdn/audio/male/e9ce10f603b71170.mp3
klarweg-audio/public/audio/words/female/152b0eda85fcc7a3.mp3,klarweg-audio-cdn/audio/female/152b0eda85fcc7a3.mp3
klarweg-audio/public/audio/words/male/152b0eda85fcc7a3.mp3,klarweg-audio-cdn/audio/male/152b0eda85fcc7a3.mp3
klarweg-audio/public/audio/words/female/955c1a97271abb5c.mp3,klarweg-audio-cdn/audio/female/955c1a97271abb5c.mp3
klarweg-audio/public/audio/words/male/955c1a97271abb5c.mp3,klarweg-audio-cdn/audio/male/955c1a97271abb5c.mp3
klarweg-audio/public/audio/words/female/7f4699223ac0f71c.mp3,klarweg-audio-cdn/audio/female/7f4699223ac0f71c.mp3
klarweg-audio/public/audio/words/male/7f4699223ac0f71c.mp3,klarweg-audio-cdn/audio/male/7f4699223ac0f71c.mp3
klarweg-audio/public/audio/words/female/d4055300dfc915eb.mp3,klarweg-audio-cdn/audio/female/d4055300dfc915eb.mp3
klarweg-audio/public/audio/words/male/d4055300dfc915eb.mp3,klarweg-audio-cdn/audio/male/d4055300dfc915eb.mp3
klarweg-audio/public/audio/words/female/70ce0135b883e13b.mp3,klarweg-audio-cdn/audio/female/70ce0135b883e13b.mp3
klarweg-audio/public/audio/words/male/70ce0135b883e13b.mp3,klarweg-audio-cdn/audio/male/70ce0135b883e13b.mp3
klarweg-audio/public/audio/words/female/fe0c6043134bdf92.mp3,klarweg-audio-cdn/audio/female/fe0c6043134bdf92.mp3
klarweg-audio/public/audio/words/male/fe0c6043134bdf92.mp3,klarweg-audio-cdn/audio/male/fe0c6043134bdf92.mp3
klarweg-audio/public/audio/words/female/a737bada5f148485.mp3,klarweg-audio-cdn/audio/female/a737bada5f148485.mp3
klarweg-audio/public/audio/words/male/a737bada5f148485.mp3,klarweg-audio-cdn/audio/male/a737bada5f148485.mp3
klarweg-audio/public/audio/words/female/d44412765584724c.mp3,klarweg-audio-cdn/audio/female/d44412765584724c.mp3
klarweg-audio/public/audio/words/male/d44412765584724c.mp3,klarweg-audio-cdn/audio/male/d44412765584724c.mp3
klarweg-audio/public/audio/words/female/79a7be6daa1a611d.mp3,klarweg-audio-cdn/audio/female/79a7be6daa1a611d.mp3
klarweg-audio/public/audio/words/male/79a7be6daa1a611d.mp3,klarweg-audio-cdn/audio/male/79a7be6daa1a611d.mp3
klarweg-audio/public/audio/words/female/c7f3b94d2450cc17.mp3,klarweg-audio-cdn/audio/female/c7f3b94d2450cc17.mp3
klarweg-audio/public/audio/words/male/c7f3b94d2450cc17.mp3,klarweg-audio-cdn/audio/male/c7f3b94d2450cc17.mp3
klarweg-audio/public/audio/words/female/a689c91a47830918.mp3,klarweg-audio-cdn/audio/female/a689c91a47830918.mp3
klarweg-audio/public/audio/words/male/a689c91a47830918.mp3,klarweg-audio-cdn/audio/male/a689c91a47830918.mp3
klarweg-audio/public/audio/words/female/8cfd00ca2dfdcb2a.mp3,klarweg-audio-cdn/audio/female/8cfd00ca2dfdcb2a.mp3
klarweg-audio/public/audio/words/male/8cfd00ca2dfdcb2a.mp3,klarweg-audio-cdn/audio/male/8cfd00ca2dfdcb2a.mp3
klarweg-audio/public/audio/words/female/0de64e5462146469.mp3,klarweg-audio-cdn/audio/female/0de64e5462146469.mp3
klarweg-audio/public/audio/words/male/0de64e5462146469.mp3,klarweg-audio-cdn/audio/male/0de64e5462146469.mp3
klarweg-audio/public/audio/words/female/53224ca7f07d35c4.mp3,klarweg-audio-cdn/audio/female/53224ca7f07d35c4.mp3
klarweg-audio/public/audio/words/male/53224ca7f07d35c4.mp3,klarweg-audio-cdn/audio/male/53224ca7f07d35c4.mp3
klarweg-audio/public/audio/words/female/5c8271881ab35a38.mp3,klarweg-audio-cdn/audio/female/5c8271881ab35a38.mp3
klarweg-audio/public/audio/words/male/5c8271881ab35a38.mp3,klarweg-audio-cdn/audio/male/5c8271881ab35a38.mp3
klarweg-audio/public/audio/words/female/1d44a60cb679f69b.mp3,klarweg-audio-cdn/audio/female/1d44a60cb679f69b.mp3
klarweg-audio/public/audio/words/male/1d44a60cb679f69b.mp3,klarweg-audio-cdn/audio/male/1d44a60cb679f69b.mp3
klarweg-audio/public/audio/words/female/992e7ceda59f4e27.mp3,klarweg-audio-cdn/audio/female/992e7ceda59f4e27.mp3
klarweg-audio/public/audio/words/male/992e7ceda59f4e27.mp3,klarweg-audio-cdn/audio/male/992e7ceda59f4e27.mp3
klarweg-audio/public/audio/words/female/89f9a659aaf5a833.mp3,klarweg-audio-cdn/audio/female/89f9a659aaf5a833.mp3
klarweg-audio/public/audio/words/male/89f9a659aaf5a833.mp3,klarweg-audio-cdn/audio/male/89f9a659aaf5a833.mp3
klarweg-audio/public/audio/words/female/a5f9f8dff97158d8.mp3,klarweg-audio-cdn/audio/female/a5f9f8dff97158d8.mp3
klarweg-audio/public/audio/words/male/a5f9f8dff97158d8.mp3,klarweg-audio-cdn/audio/male/a5f9f8dff97158d8.mp3
klarweg-audio/public/audio/words/female/f3eb93377691d5f3.mp3,klarweg-audio-cdn/audio/female/f3eb93377691d5f3.mp3
klarweg-audio/public/audio/words/male/f3eb93377691d5f3.mp3,klarweg-audio-cdn/audio/male/f3eb93377691d5f3.mp3
klarweg-audio/public/audio/words/female/b447fc074b2330e8.mp3,klarweg-audio-cdn/audio/female/b447fc074b2330e8.mp3
klarweg-audio/public/audio/words/male/b447fc074b2330e8.mp3,klarweg-audio-cdn/audio/male/b447fc074b2330e8.mp3
klarweg-audio/public/audio/words/female/54e06fd517ce5f0e.mp3,klarweg-audio-cdn/audio/female/54e06fd517ce5f0e.mp3
klarweg-audio/public/audio/words/male/54e06fd517ce5f0e.mp3,klarweg-audio-cdn/audio/male/54e06fd517ce5f0e.mp3
klarweg-audio/public/audio/words/female/6b9bb8f3a1a51195.mp3,klarweg-audio-cdn/audio/female/6b9bb8f3a1a51195.mp3
klarweg-audio/public/audio/words/male/6b9bb8f3a1a51195.mp3,klarweg-audio-cdn/audio/male/6b9bb8f3a1a51195.mp3
klarweg-audio/public/audio/words/female/fbe822366ed7faf6.mp3,klarweg-audio-cdn/audio/female/fbe822366ed7faf6.mp3
klarweg-audio/public/audio/words/male/fbe822366ed7faf6.mp3,klarweg-audio-cdn/audio/male/fbe822366ed7faf6.mp3
klarweg-audio/public/audio/words/female/45423cbfdba4369d.mp3,klarweg-audio-cdn/audio/female/45423cbfdba4369d.mp3
klarweg-audio/public/audio/words/male/45423cbfdba4369d.mp3,klarweg-audio-cdn/audio/male/45423cbfdba4369d.mp3
klarweg-audio/public/audio/words/female/0a40d2f84ca79e8c.mp3,klarweg-audio-cdn/audio/female/0a40d2f84ca79e8c.mp3
klarweg-audio/public/audio/words/male/0a40d2f84ca79e8c.mp3,klarweg-audio-cdn/audio/male/0a40d2f84ca79e8c.mp3
klarweg-audio/public/audio/words/female/7c93efbe3972d792.mp3,klarweg-audio-cdn/audio/female/7c93efbe3972d792.mp3
klarweg-audio/public/audio/words/male/7c93efbe3972d792.mp3,klarweg-audio-cdn/audio/male/7c93efbe3972d792.mp3
klarweg-audio/public/audio/words/female/527c1ed332da19b3.mp3,klarweg-audio-cdn/audio/female/527c1ed332da19b3.mp3
klarweg-audio/public/audio/words/male/527c1ed332da19b3.mp3,klarweg-audio-cdn/audio/male/527c1ed332da19b3.mp3
klarweg-audio/public/audio/words/female/60a22c8466f0c3c2.mp3,klarweg-audio-cdn/audio/female/60a22c8466f0c3c2.mp3
klarweg-audio/public/audio/words/male/60a22c8466f0c3c2.mp3,klarweg-audio-cdn/audio/male/60a22c8466f0c3c2.mp3
klarweg-audio/public/audio/words/female/002d020dec7a6e61.mp3,klarweg-audio-cdn/audio/female/002d020dec7a6e61.mp3
klarweg-audio/public/audio/words/male/002d020dec7a6e61.mp3,klarweg-audio-cdn/audio/male/002d020dec7a6e61.mp3
klarweg-audio/public/audio/words/female/dbabccaa538d8c06.mp3,klarweg-audio-cdn/audio/female/dbabccaa538d8c06.mp3
klarweg-audio/public/audio/words/male/dbabccaa538d8c06.mp3,klarweg-audio-cdn/audio/male/dbabccaa538d8c06.mp3
klarweg-audio/public/audio/words/female/ece048c5a9866336.mp3,klarweg-audio-cdn/audio/female/ece048c5a9866336.mp3
klarweg-audio/public/audio/words/male/ece048c5a9866336.mp3,klarweg-audio-cdn/audio/male/ece048c5a9866336.mp3
klarweg-audio/public/audio/words/female/dd0893961b561306.mp3,klarweg-audio-cdn/audio/female/dd0893961b561306.mp3
klarweg-audio/public/audio/words/male/dd0893961b561306.mp3,klarweg-audio-cdn/audio/male/dd0893961b561306.mp3
klarweg-audio/public/audio/words/female/0d10136da09657ac.mp3,klarweg-audio-cdn/audio/female/0d10136da09657ac.mp3
klarweg-audio/public/audio/words/male/0d10136da09657ac.mp3,klarweg-audio-cdn/audio/male/0d10136da09657ac.mp3
klarweg-audio/public/audio/words/female/82d1b105104d5d3a.mp3,klarweg-audio-cdn/audio/female/82d1b105104d5d3a.mp3
klarweg-audio/public/audio/words/male/82d1b105104d5d3a.mp3,klarweg-audio-cdn/audio/male/82d1b105104d5d3a.mp3
klarweg-audio/public/audio/words/female/d8a97b9f0b81ecbd.mp3,klarweg-audio-cdn/audio/female/d8a97b9f0b81ecbd.mp3
klarweg-audio/public/audio/words/male/d8a97b9f0b81ecbd.mp3,klarweg-audio-cdn/audio/male/d8a97b9f0b81ecbd.mp3
klarweg-audio/public/audio/words/female/5333adf3c5ac7c89.mp3,klarweg-audio-cdn/audio/female/5333adf3c5ac7c89.mp3
klarweg-audio/public/audio/words/male/5333adf3c5ac7c89.mp3,klarweg-audio-cdn/audio/male/5333adf3c5ac7c89.mp3
klarweg-audio/public/audio/words/female/d63addace348ca3d.mp3,klarweg-audio-cdn/audio/female/d63addace348ca3d.mp3
klarweg-audio/public/audio/words/male/d63addace348ca3d.mp3,klarweg-audio-cdn/audio/male/d63addace348ca3d.mp3
klarweg-audio/public/audio/words/female/570ac8af090c8e8e.mp3,klarweg-audio-cdn/audio/female/570ac8af090c8e8e.mp3
klarweg-audio/public/audio/words/male/570ac8af090c8e8e.mp3,klarweg-audio-cdn/audio/male/570ac8af090c8e8e.mp3
klarweg-audio/public/audio/words/female/76efe554dfd05aae.mp3,klarweg-audio-cdn/audio/female/76efe554dfd05aae.mp3
klarweg-audio/public/audio/words/male/76efe554dfd05aae.mp3,klarweg-audio-cdn/audio/male/76efe554dfd05aae.mp3
klarweg-audio/public/audio/words/female/ae74b96dd27cfe5f.mp3,klarweg-audio-cdn/audio/female/ae74b96dd27cfe5f.mp3
klarweg-audio/public/audio/words/male/ae74b96dd27cfe5f.mp3,klarweg-audio-cdn/audio/male/ae74b96dd27cfe5f.mp3
klarweg-audio/public/audio/words/female/4d450d552d4455e5.mp3,klarweg-audio-cdn/audio/female/4d450d552d4455e5.mp3
klarweg-audio/public/audio/words/male/4d450d552d4455e5.mp3,klarweg-audio-cdn/audio/male/4d450d552d4455e5.mp3
klarweg-audio/public/audio/words/female/a2db3d42ca0779d3.mp3,klarweg-audio-cdn/audio/female/a2db3d42ca0779d3.mp3
klarweg-audio/public/audio/words/male/a2db3d42ca0779d3.mp3,klarweg-audio-cdn/audio/male/a2db3d42ca0779d3.mp3
klarweg-audio/public/audio/words/female/e35fea30c90b707c.mp3,klarweg-audio-cdn/audio/female/e35fea30c90b707c.mp3
klarweg-audio/public/audio/words/male/e35fea30c90b707c.mp3,klarweg-audio-cdn/audio/male/e35fea30c90b707c.mp3
klarweg-audio/public/audio/words/female/1b1fb27049edd0b6.mp3,klarweg-audio-cdn/audio/female/1b1fb27049edd0b6.mp3
klarweg-audio/public/audio/words/male/1b1fb27049edd0b6.mp3,klarweg-audio-cdn/audio/male/1b1fb27049edd0b6.mp3
klarweg-audio/public/audio/words/female/f3a4b2443a4005cc.mp3,klarweg-audio-cdn/audio/female/f3a4b2443a4005cc.mp3
klarweg-audio/public/audio/words/male/f3a4b2443a4005cc.mp3,klarweg-audio-cdn/audio/male/f3a4b2443a4005cc.mp3
klarweg-audio/public/audio/words/female/bf545abb127cdcd9.mp3,klarweg-audio-cdn/audio/female/bf545abb127cdcd9.mp3
klarweg-audio/public/audio/words/male/bf545abb127cdcd9.mp3,klarweg-audio-cdn/audio/male/bf545abb127cdcd9.mp3
klarweg-audio/public/audio/words/female/db42e3a2fe1a90ab.mp3,klarweg-audio-cdn/audio/female/db42e3a2fe1a90ab.mp3
klarweg-audio/public/audio/words/male/db42e3a2fe1a90ab.mp3,klarweg-audio-cdn/audio/male/db42e3a2fe1a90ab.mp3
klarweg-audio/public/audio/words/female/af0b2ae2e635dc9a.mp3,klarweg-audio-cdn/audio/female/af0b2ae2e635dc9a.mp3
klarweg-audio/public/audio/words/male/af0b2ae2e635dc9a.mp3,klarweg-audio-cdn/audio/male/af0b2ae2e635dc9a.mp3
klarweg-audio/public/audio/words/female/dc2dfbebc94427a1.mp3,klarweg-audio-cdn/audio/female/dc2dfbebc94427a1.mp3
klarweg-audio/public/audio/words/male/dc2dfbebc94427a1.mp3,klarweg-audio-cdn/audio/male/dc2dfbebc94427a1.mp3
klarweg-audio/public/audio/words/female/5de8d06bb6ec724e.mp3,klarweg-audio-cdn/audio/female/5de8d06bb6ec724e.mp3
klarweg-audio/public/audio/words/male/5de8d06bb6ec724e.mp3,klarweg-audio-cdn/audio/male/5de8d06bb6ec724e.mp3
klarweg-audio/public/audio/words/female/2e44b3b84ff23183.mp3,klarweg-audio-cdn/audio/female/2e44b3b84ff23183.mp3
klarweg-audio/public/audio/words/male/2e44b3b84ff23183.mp3,klarweg-audio-cdn/audio/male/2e44b3b84ff23183.mp3
klarweg-audio/public/audio/words/female/90641e10d2cf2bd9.mp3,klarweg-audio-cdn/audio/female/90641e10d2cf2bd9.mp3
klarweg-audio/public/audio/words/male/90641e10d2cf2bd9.mp3,klarweg-audio-cdn/audio/male/90641e10d2cf2bd9.mp3
klarweg-audio/public/audio/words/female/0c05438d17a67b70.mp3,klarweg-audio-cdn/audio/female/0c05438d17a67b70.mp3
klarweg-audio/public/audio/words/male/0c05438d17a67b70.mp3,klarweg-audio-cdn/audio/male/0c05438d17a67b70.mp3
klarweg-audio/public/audio/words/female/7727c64ead981356.mp3,klarweg-audio-cdn/audio/female/7727c64ead981356.mp3
klarweg-audio/public/audio/words/male/7727c64ead981356.mp3,klarweg-audio-cdn/audio/male/7727c64ead981356.mp3
klarweg-audio/public/audio/words/female/c97661eb9f919a25.mp3,klarweg-audio-cdn/audio/female/c97661eb9f919a25.mp3
klarweg-audio/public/audio/words/male/c97661eb9f919a25.mp3,klarweg-audio-cdn/audio/male/c97661eb9f919a25.mp3
klarweg-audio/public/audio/words/female/ab96540f6d302a33.mp3,klarweg-audio-cdn/audio/female/ab96540f6d302a33.mp3
klarweg-audio/public/audio/words/male/ab96540f6d302a33.mp3,klarweg-audio-cdn/audio/male/ab96540f6d302a33.mp3
klarweg-audio/public/audio/words/female/543242b7aa10bd7c.mp3,klarweg-audio-cdn/audio/female/543242b7aa10bd7c.mp3
klarweg-audio/public/audio/words/male/543242b7aa10bd7c.mp3,klarweg-audio-cdn/audio/male/543242b7aa10bd7c.mp3
klarweg-audio/public/audio/words/female/c861d7a018344f5a.mp3,klarweg-audio-cdn/audio/female/c861d7a018344f5a.mp3
klarweg-audio/public/audio/words/male/c861d7a018344f5a.mp3,klarweg-audio-cdn/audio/male/c861d7a018344f5a.mp3
klarweg-audio/public/audio/words/female/fec8ecae31163ae0.mp3,klarweg-audio-cdn/audio/female/fec8ecae31163ae0.mp3
klarweg-audio/public/audio/words/male/fec8ecae31163ae0.mp3,klarweg-audio-cdn/audio/male/fec8ecae31163ae0.mp3
klarweg-audio/public/audio/words/female/296cd088aabf56e8.mp3,klarweg-audio-cdn/audio/female/296cd088aabf56e8.mp3
klarweg-audio/public/audio/words/male/296cd088aabf56e8.mp3,klarweg-audio-cdn/audio/male/296cd088aabf56e8.mp3
klarweg-audio/public/audio/words/female/383f440664dae921.mp3,klarweg-audio-cdn/audio/female/383f440664dae921.mp3
klarweg-audio/public/audio/words/male/383f440664dae921.mp3,klarweg-audio-cdn/audio/male/383f440664dae921.mp3
klarweg-audio/public/audio/words/female/b01c89364c9c7a53.mp3,klarweg-audio-cdn/audio/female/b01c89364c9c7a53.mp3
klarweg-audio/public/audio/words/male/b01c89364c9c7a53.mp3,klarweg-audio-cdn/audio/male/b01c89364c9c7a53.mp3
klarweg-audio/public/audio/words/female/c83796ede07fba1b.mp3,klarweg-audio-cdn/audio/female/c83796ede07fba1b.mp3
klarweg-audio/public/audio/words/male/c83796ede07fba1b.mp3,klarweg-audio-cdn/audio/male/c83796ede07fba1b.mp3
klarweg-audio/public/audio/words/female/aaa4bd61c6da16cc.mp3,klarweg-audio-cdn/audio/female/aaa4bd61c6da16cc.mp3
klarweg-audio/public/audio/words/male/aaa4bd61c6da16cc.mp3,klarweg-audio-cdn/audio/male/aaa4bd61c6da16cc.mp3
klarweg-audio/public/audio/words/female/fe8b6a51cd2fd569.mp3,klarweg-audio-cdn/audio/female/fe8b6a51cd2fd569.mp3
klarweg-audio/public/audio/words/male/fe8b6a51cd2fd569.mp3,klarweg-audio-cdn/audio/male/fe8b6a51cd2fd569.mp3
klarweg-audio/public/audio/words/female/6765de6396b4b0fb.mp3,klarweg-audio-cdn/audio/female/6765de6396b4b0fb.mp3
klarweg-audio/public/audio/words/male/6765de6396b4b0fb.mp3,klarweg-audio-cdn/audio/male/6765de6396b4b0fb.mp3
klarweg-audio/public/audio/words/female/0408bb27b6eb2f7b.mp3,klarweg-audio-cdn/audio/female/0408bb27b6eb2f7b.mp3
klarweg-audio/public/audio/words/male/0408bb27b6eb2f7b.mp3,klarweg-audio-cdn/audio/male/0408bb27b6eb2f7b.mp3
klarweg-audio/public/audio/words/female/48bcb6416a0f04bc.mp3,klarweg-audio-cdn/audio/female/48bcb6416a0f04bc.mp3
klarweg-audio/public/audio/words/male/48bcb6416a0f04bc.mp3,klarweg-audio-cdn/audio/male/48bcb6416a0f04bc.mp3
klarweg-audio/public/audio/words/female/f3166b259a8f0d65.mp3,klarweg-audio-cdn/audio/female/f3166b259a8f0d65.mp3
klarweg-audio/public/audio/words/male/f3166b259a8f0d65.mp3,klarweg-audio-cdn/audio/male/f3166b259a8f0d65.mp3
klarweg-audio/public/audio/words/female/30bec5dd112ef5ad.mp3,klarweg-audio-cdn/audio/female/30bec5dd112ef5ad.mp3
klarweg-audio/public/audio/words/male/30bec5dd112ef5ad.mp3,klarweg-audio-cdn/audio/male/30bec5dd112ef5ad.mp3
klarweg-audio/public/audio/words/female/4237cf554a48a50f.mp3,klarweg-audio-cdn/audio/female/4237cf554a48a50f.mp3
klarweg-audio/public/audio/words/male/4237cf554a48a50f.mp3,klarweg-audio-cdn/audio/male/4237cf554a48a50f.mp3
klarweg-audio/public/audio/words/female/d4b1d60b61678e0f.mp3,klarweg-audio-cdn/audio/female/d4b1d60b61678e0f.mp3
klarweg-audio/public/audio/words/male/d4b1d60b61678e0f.mp3,klarweg-audio-cdn/audio/male/d4b1d60b61678e0f.mp3
klarweg-audio/public/audio/words/female/78471cfb70cc0c6f.mp3,klarweg-audio-cdn/audio/female/78471cfb70cc0c6f.mp3
klarweg-audio/public/audio/words/male/78471cfb70cc0c6f.mp3,klarweg-audio-cdn/audio/male/78471cfb70cc0c6f.mp3
klarweg-audio/public/audio/words/female/1468f0594768ec5b.mp3,klarweg-audio-cdn/audio/female/1468f0594768ec5b.mp3
klarweg-audio/public/audio/words/male/1468f0594768ec5b.mp3,klarweg-audio-cdn/audio/male/1468f0594768ec5b.mp3
klarweg-audio/public/audio/words/female/f91c59619f596633.mp3,klarweg-audio-cdn/audio/female/f91c59619f596633.mp3
klarweg-audio/public/audio/words/male/f91c59619f596633.mp3,klarweg-audio-cdn/audio/male/f91c59619f596633.mp3
klarweg-audio/public/audio/words/female/629c5c0d27d8ff70.mp3,klarweg-audio-cdn/audio/female/629c5c0d27d8ff70.mp3
klarweg-audio/public/audio/words/male/629c5c0d27d8ff70.mp3,klarweg-audio-cdn/audio/male/629c5c0d27d8ff70.mp3
klarweg-audio/public/audio/words/female/8fd01f1b48076990.mp3,klarweg-audio-cdn/audio/female/8fd01f1b48076990.mp3
klarweg-audio/public/audio/words/male/8fd01f1b48076990.mp3,klarweg-audio-cdn/audio/male/8fd01f1b48076990.mp3
klarweg-audio/public/audio/words/female/3d6d0724a2ed994e.mp3,klarweg-audio-cdn/audio/female/3d6d0724a2ed994e.mp3
klarweg-audio/public/audio/words/male/3d6d0724a2ed994e.mp3,klarweg-audio-cdn/audio/male/3d6d0724a2ed994e.mp3
klarweg-audio/public/audio/words/female/b6aeffc337dfa1ba.mp3,klarweg-audio-cdn/audio/female/b6aeffc337dfa1ba.mp3
klarweg-audio/public/audio/words/male/b6aeffc337dfa1ba.mp3,klarweg-audio-cdn/audio/male/b6aeffc337dfa1ba.mp3
klarweg-audio/public/audio/words/female/3e06855721dcc7fb.mp3,klarweg-audio-cdn/audio/female/3e06855721dcc7fb.mp3
klarweg-audio/public/audio/words/male/3e06855721dcc7fb.mp3,klarweg-audio-cdn/audio/male/3e06855721dcc7fb.mp3
klarweg-audio/public/audio/words/female/52139a46f7f9aae6.mp3,klarweg-audio-cdn/audio/female/52139a46f7f9aae6.mp3
klarweg-audio/public/audio/words/male/52139a46f7f9aae6.mp3,klarweg-audio-cdn/audio/male/52139a46f7f9aae6.mp3
klarweg-audio/public/audio/words/female/8044cf2ea37398cc.mp3,klarweg-audio-cdn/audio/female/8044cf2ea37398cc.mp3
klarweg-audio/public/audio/words/male/8044cf2ea37398cc.mp3,klarweg-audio-cdn/audio/male/8044cf2ea37398cc.mp3
klarweg-audio/public/audio/words/female/c26c9a1b6dec2af6.mp3,klarweg-audio-cdn/audio/female/c26c9a1b6dec2af6.mp3
klarweg-audio/public/audio/words/male/c26c9a1b6dec2af6.mp3,klarweg-audio-cdn/audio/male/c26c9a1b6dec2af6.mp3
klarweg-audio/public/audio/words/female/770aa794cf473a9a.mp3,klarweg-audio-cdn/audio/female/770aa794cf473a9a.mp3
klarweg-audio/public/audio/words/male/770aa794cf473a9a.mp3,klarweg-audio-cdn/audio/male/770aa794cf473a9a.mp3
klarweg-audio/public/audio/words/female/e032d9d2483f42db.mp3,klarweg-audio-cdn/audio/female/e032d9d2483f42db.mp3
klarweg-audio/public/audio/words/male/e032d9d2483f42db.mp3,klarweg-audio-cdn/audio/male/e032d9d2483f42db.mp3
klarweg-audio/public/audio/words/female/1bf8bc7fa761459f.mp3,klarweg-audio-cdn/audio/female/1bf8bc7fa761459f.mp3
klarweg-audio/public/audio/words/male/1bf8bc7fa761459f.mp3,klarweg-audio-cdn/audio/male/1bf8bc7fa761459f.mp3
klarweg-audio/public/audio/words/female/4a6ae5d847d8ba72.mp3,klarweg-audio-cdn/audio/female/4a6ae5d847d8ba72.mp3
klarweg-audio/public/audio/words/male/4a6ae5d847d8ba72.mp3,klarweg-audio-cdn/audio/male/4a6ae5d847d8ba72.mp3
klarweg-audio/public/audio/words/female/17a441c5e81973ae.mp3,klarweg-audio-cdn/audio/female/17a441c5e81973ae.mp3
klarweg-audio/public/audio/words/male/17a441c5e81973ae.mp3,klarweg-audio-cdn/audio/male/17a441c5e81973ae.mp3
klarweg-audio/public/audio/words/female/a6be438959d1ab47.mp3,klarweg-audio-cdn/audio/female/a6be438959d1ab47.mp3
klarweg-audio/public/audio/words/male/a6be438959d1ab47.mp3,klarweg-audio-cdn/audio/male/a6be438959d1ab47.mp3
klarweg-audio/public/audio/words/female/3b62381a3d729fd2.mp3,klarweg-audio-cdn/audio/female/3b62381a3d729fd2.mp3
klarweg-audio/public/audio/words/male/3b62381a3d729fd2.mp3,klarweg-audio-cdn/audio/male/3b62381a3d729fd2.mp3
klarweg-audio/public/audio/words/female/ef31f02b0d573104.mp3,klarweg-audio-cdn/audio/female/ef31f02b0d573104.mp3
klarweg-audio/public/audio/words/male/ef31f02b0d573104.mp3,klarweg-audio-cdn/audio/male/ef31f02b0d573104.mp3
klarweg-audio/public/audio/words/female/3f30eee17f8aef19.mp3,klarweg-audio-cdn/audio/female/3f30eee17f8aef19.mp3
klarweg-audio/public/audio/words/male/3f30eee17f8aef19.mp3,klarweg-audio-cdn/audio/male/3f30eee17f8aef19.mp3
klarweg-audio/public/audio/words/female/31f8baa13dd27a1c.mp3,klarweg-audio-cdn/audio/female/31f8baa13dd27a1c.mp3
klarweg-audio/public/audio/words/male/31f8baa13dd27a1c.mp3,klarweg-audio-cdn/audio/male/31f8baa13dd27a1c.mp3
klarweg-audio/public/audio/words/female/3261a609a298ce3b.mp3,klarweg-audio-cdn/audio/female/3261a609a298ce3b.mp3
klarweg-audio/public/audio/words/male/3261a609a298ce3b.mp3,klarweg-audio-cdn/audio/male/3261a609a298ce3b.mp3
klarweg-audio/public/audio/words/female/c4b8ef97242ca0ef.mp3,klarweg-audio-cdn/audio/female/c4b8ef97242ca0ef.mp3
klarweg-audio/public/audio/words/male/c4b8ef97242ca0ef.mp3,klarweg-audio-cdn/audio/male/c4b8ef97242ca0ef.mp3
klarweg-audio/public/audio/words/female/8b7be7d2a638606b.mp3,klarweg-audio-cdn/audio/female/8b7be7d2a638606b.mp3
klarweg-audio/public/audio/words/male/8b7be7d2a638606b.mp3,klarweg-audio-cdn/audio/male/8b7be7d2a638606b.mp3
klarweg-audio/public/audio/words/female/31f8beab4cd43eab.mp3,klarweg-audio-cdn/audio/female/31f8beab4cd43eab.mp3
klarweg-audio/public/audio/words/male/31f8beab4cd43eab.mp3,klarweg-audio-cdn/audio/male/31f8beab4cd43eab.mp3
klarweg-audio/public/audio/words/female/ae8547478d451962.mp3,klarweg-audio-cdn/audio/female/ae8547478d451962.mp3
klarweg-audio/public/audio/words/male/ae8547478d451962.mp3,klarweg-audio-cdn/audio/male/ae8547478d451962.mp3
klarweg-audio/public/audio/words/female/81cad6455f033fcf.mp3,klarweg-audio-cdn/audio/female/81cad6455f033fcf.mp3
klarweg-audio/public/audio/words/male/81cad6455f033fcf.mp3,klarweg-audio-cdn/audio/male/81cad6455f033fcf.mp3
klarweg-audio/public/audio/words/female/0397a41ad047783b.mp3,klarweg-audio-cdn/audio/female/0397a41ad047783b.mp3
klarweg-audio/public/audio/words/male/0397a41ad047783b.mp3,klarweg-audio-cdn/audio/male/0397a41ad047783b.mp3
klarweg-audio/public/audio/words/female/60771ad88f29e9ce.mp3,klarweg-audio-cdn/audio/female/60771ad88f29e9ce.mp3
klarweg-audio/public/audio/words/male/60771ad88f29e9ce.mp3,klarweg-audio-cdn/audio/male/60771ad88f29e9ce.mp3
klarweg-audio/public/audio/words/female/c87f363d4702eef7.mp3,klarweg-audio-cdn/audio/female/c87f363d4702eef7.mp3
klarweg-audio/public/audio/words/male/c87f363d4702eef7.mp3,klarweg-audio-cdn/audio/male/c87f363d4702eef7.mp3
klarweg-audio/public/audio/words/female/57b24e7c17e6beef.mp3,klarweg-audio-cdn/audio/female/57b24e7c17e6beef.mp3
klarweg-audio/public/audio/words/male/57b24e7c17e6beef.mp3,klarweg-audio-cdn/audio/male/57b24e7c17e6beef.mp3
klarweg-audio/public/audio/words/female/3a6762ec6c3ee769.mp3,klarweg-audio-cdn/audio/female/3a6762ec6c3ee769.mp3
klarweg-audio/public/audio/words/male/3a6762ec6c3ee769.mp3,klarweg-audio-cdn/audio/male/3a6762ec6c3ee769.mp3
klarweg-audio/public/audio/words/female/b3448992bc1d7070.mp3,klarweg-audio-cdn/audio/female/b3448992bc1d7070.mp3
klarweg-audio/public/audio/words/male/b3448992bc1d7070.mp3,klarweg-audio-cdn/audio/male/b3448992bc1d7070.mp3
klarweg-audio/public/audio/words/female/e050f851c8a649b3.mp3,klarweg-audio-cdn/audio/female/e050f851c8a649b3.mp3
klarweg-audio/public/audio/words/male/e050f851c8a649b3.mp3,klarweg-audio-cdn/audio/male/e050f851c8a649b3.mp3
klarweg-audio/public/audio/words/female/ac7dced4b22229ca.mp3,klarweg-audio-cdn/audio/female/ac7dced4b22229ca.mp3
klarweg-audio/public/audio/words/male/ac7dced4b22229ca.mp3,klarweg-audio-cdn/audio/male/ac7dced4b22229ca.mp3
klarweg-audio/public/audio/words/female/28bb64134132b6e9.mp3,klarweg-audio-cdn/audio/female/28bb64134132b6e9.mp3
klarweg-audio/public/audio/words/male/28bb64134132b6e9.mp3,klarweg-audio-cdn/audio/male/28bb64134132b6e9.mp3
klarweg-audio/public/audio/words/female/49c8ae4562e7fd70.mp3,klarweg-audio-cdn/audio/female/49c8ae4562e7fd70.mp3
klarweg-audio/public/audio/words/male/49c8ae4562e7fd70.mp3,klarweg-audio-cdn/audio/male/49c8ae4562e7fd70.mp3
klarweg-audio/public/audio/words/female/e1a2b7aa04d084d0.mp3,klarweg-audio-cdn/audio/female/e1a2b7aa04d084d0.mp3
klarweg-audio/public/audio/words/male/e1a2b7aa04d084d0.mp3,klarweg-audio-cdn/audio/male/e1a2b7aa04d084d0.mp3
klarweg-audio/public/audio/words/female/0a066cf544a427dd.mp3,klarweg-audio-cdn/audio/female/0a066cf544a427dd.mp3
klarweg-audio/public/audio/words/male/0a066cf544a427dd.mp3,klarweg-audio-cdn/audio/male/0a066cf544a427dd.mp3
klarweg-audio/public/audio/words/female/10b7b80aa2188200.mp3,klarweg-audio-cdn/audio/female/10b7b80aa2188200.mp3
klarweg-audio/public/audio/words/male/10b7b80aa2188200.mp3,klarweg-audio-cdn/audio/male/10b7b80aa2188200.mp3
klarweg-audio/public/audio/words/female/c602490f92f85f60.mp3,klarweg-audio-cdn/audio/female/c602490f92f85f60.mp3
klarweg-audio/public/audio/words/male/c602490f92f85f60.mp3,klarweg-audio-cdn/audio/male/c602490f92f85f60.mp3
klarweg-audio/public/audio/words/female/0c4dd119b87fd74d.mp3,klarweg-audio-cdn/audio/female/0c4dd119b87fd74d.mp3
klarweg-audio/public/audio/words/male/0c4dd119b87fd74d.mp3,klarweg-audio-cdn/audio/male/0c4dd119b87fd74d.mp3
klarweg-audio/public/audio/words/female/e716a2b244ec0192.mp3,klarweg-audio-cdn/audio/female/e716a2b244ec0192.mp3
klarweg-audio/public/audio/words/male/e716a2b244ec0192.mp3,klarweg-audio-cdn/audio/male/e716a2b244ec0192.mp3
klarweg-audio/public/audio/words/female/fc4089ae4f01be23.mp3,klarweg-audio-cdn/audio/female/fc4089ae4f01be23.mp3
klarweg-audio/public/audio/words/male/fc4089ae4f01be23.mp3,klarweg-audio-cdn/audio/male/fc4089ae4f01be23.mp3
klarweg-audio/public/audio/words/female/5709e0305aeb6589.mp3,klarweg-audio-cdn/audio/female/5709e0305aeb6589.mp3
klarweg-audio/public/audio/words/male/5709e0305aeb6589.mp3,klarweg-audio-cdn/audio/male/5709e0305aeb6589.mp3
klarweg-audio/public/audio/words/female/c43a767282996041.mp3,klarweg-audio-cdn/audio/female/c43a767282996041.mp3
klarweg-audio/public/audio/words/male/c43a767282996041.mp3,klarweg-audio-cdn/audio/male/c43a767282996041.mp3
klarweg-audio/public/audio/words/female/4504c75678703ed2.mp3,klarweg-audio-cdn/audio/female/4504c75678703ed2.mp3
klarweg-audio/public/audio/words/male/4504c75678703ed2.mp3,klarweg-audio-cdn/audio/male/4504c75678703ed2.mp3
klarweg-audio/public/audio/words/female/cce19fd3b3aae844.mp3,klarweg-audio-cdn/audio/female/cce19fd3b3aae844.mp3
klarweg-audio/public/audio/words/male/cce19fd3b3aae844.mp3,klarweg-audio-cdn/audio/male/cce19fd3b3aae844.mp3
klarweg-audio/public/audio/words/female/420c861d6069ece0.mp3,klarweg-audio-cdn/audio/female/420c861d6069ece0.mp3
klarweg-audio/public/audio/words/male/420c861d6069ece0.mp3,klarweg-audio-cdn/audio/male/420c861d6069ece0.mp3
klarweg-audio/public/audio/words/female/676144b980f753c6.mp3,klarweg-audio-cdn/audio/female/676144b980f753c6.mp3
klarweg-audio/public/audio/words/male/676144b980f753c6.mp3,klarweg-audio-cdn/audio/male/676144b980f753c6.mp3
klarweg-audio/public/audio/words/female/975153558070c01c.mp3,klarweg-audio-cdn/audio/female/975153558070c01c.mp3
klarweg-audio/public/audio/words/male/975153558070c01c.mp3,klarweg-audio-cdn/audio/male/975153558070c01c.mp3
klarweg-audio/public/audio/words/female/af9819ac61057031.mp3,klarweg-audio-cdn/audio/female/af9819ac61057031.mp3
klarweg-audio/public/audio/words/male/af9819ac61057031.mp3,klarweg-audio-cdn/audio/male/af9819ac61057031.mp3
klarweg-audio/public/audio/words/female/003ca951bf942c0e.mp3,klarweg-audio-cdn/audio/female/003ca951bf942c0e.mp3
klarweg-audio/public/audio/words/male/003ca951bf942c0e.mp3,klarweg-audio-cdn/audio/male/003ca951bf942c0e.mp3
klarweg-audio/public/audio/words/female/6980b95a3ef99255.mp3,klarweg-audio-cdn/audio/female/6980b95a3ef99255.mp3
klarweg-audio/public/audio/words/male/6980b95a3ef99255.mp3,klarweg-audio-cdn/audio/male/6980b95a3ef99255.mp3
klarweg-audio/public/audio/words/female/71a95b3948b1b3b7.mp3,klarweg-audio-cdn/audio/female/71a95b3948b1b3b7.mp3
klarweg-audio/public/audio/words/male/71a95b3948b1b3b7.mp3,klarweg-audio-cdn/audio/male/71a95b3948b1b3b7.mp3
klarweg-audio/public/audio/words/female/b48600d006304b4a.mp3,klarweg-audio-cdn/audio/female/b48600d006304b4a.mp3
klarweg-audio/public/audio/words/male/b48600d006304b4a.mp3,klarweg-audio-cdn/audio/male/b48600d006304b4a.mp3
klarweg-audio/public/audio/words/female/2b64c6d9afd8a34e.mp3,klarweg-audio-cdn/audio/female/2b64c6d9afd8a34e.mp3
klarweg-audio/public/audio/words/male/2b64c6d9afd8a34e.mp3,klarweg-audio-cdn/audio/male/2b64c6d9afd8a34e.mp3
klarweg-audio/public/audio/words/female/7ed65af234a09067.mp3,klarweg-audio-cdn/audio/female/7ed65af234a09067.mp3
klarweg-audio/public/audio/words/male/7ed65af234a09067.mp3,klarweg-audio-cdn/audio/male/7ed65af234a09067.mp3
klarweg-audio/public/audio/words/female/9e44662d9a21c49e.mp3,klarweg-audio-cdn/audio/female/9e44662d9a21c49e.mp3
klarweg-audio/public/audio/words/male/9e44662d9a21c49e.mp3,klarweg-audio-cdn/audio/male/9e44662d9a21c49e.mp3
klarweg-audio/public/audio/words/female/0631a9cb488f2b66.mp3,klarweg-audio-cdn/audio/female/0631a9cb488f2b66.mp3
klarweg-audio/public/audio/words/male/0631a9cb488f2b66.mp3,klarweg-audio-cdn/audio/male/0631a9cb488f2b66.mp3
klarweg-audio/public/audio/words/female/676bd2ded5a07848.mp3,klarweg-audio-cdn/audio/female/676bd2ded5a07848.mp3
klarweg-audio/public/audio/words/male/676bd2ded5a07848.mp3,klarweg-audio-cdn/audio/male/676bd2ded5a07848.mp3
klarweg-audio/public/audio/words/female/97caee2584008f95.mp3,klarweg-audio-cdn/audio/female/97caee2584008f95.mp3
klarweg-audio/public/audio/words/male/97caee2584008f95.mp3,klarweg-audio-cdn/audio/male/97caee2584008f95.mp3
klarweg-audio/public/audio/words/female/39c21f5b3b359f1e.mp3,klarweg-audio-cdn/audio/female/39c21f5b3b359f1e.mp3
klarweg-audio/public/audio/words/male/39c21f5b3b359f1e.mp3,klarweg-audio-cdn/audio/male/39c21f5b3b359f1e.mp3
klarweg-audio/public/audio/words/female/0843f2ef7570f8a6.mp3,klarweg-audio-cdn/audio/female/0843f2ef7570f8a6.mp3
klarweg-audio/public/audio/words/male/0843f2ef7570f8a6.mp3,klarweg-audio-cdn/audio/male/0843f2ef7570f8a6.mp3
klarweg-audio/public/audio/words/female/2bf128fb4ef828d3.mp3,klarweg-audio-cdn/audio/female/2bf128fb4ef828d3.mp3
klarweg-audio/public/audio/words/male/2bf128fb4ef828d3.mp3,klarweg-audio-cdn/audio/male/2bf128fb4ef828d3.mp3
klarweg-audio/public/audio/words/female/6b70e2d592dd1719.mp3,klarweg-audio-cdn/audio/female/6b70e2d592dd1719.mp3
klarweg-audio/public/audio/words/male/6b70e2d592dd1719.mp3,klarweg-audio-cdn/audio/male/6b70e2d592dd1719.mp3
klarweg-audio/public/audio/words/female/e0f50f62ccc78804.mp3,klarweg-audio-cdn/audio/female/e0f50f62ccc78804.mp3
klarweg-audio/public/audio/words/male/e0f50f62ccc78804.mp3,klarweg-audio-cdn/audio/male/e0f50f62ccc78804.mp3
klarweg-audio/public/audio/words/female/211a0073b640cb26.mp3,klarweg-audio-cdn/audio/female/211a0073b640cb26.mp3
klarweg-audio/public/audio/words/male/211a0073b640cb26.mp3,klarweg-audio-cdn/audio/male/211a0073b640cb26.mp3
klarweg-audio/public/audio/words/female/4c0e7671a4f9b9c0.mp3,klarweg-audio-cdn/audio/female/4c0e7671a4f9b9c0.mp3
klarweg-audio/public/audio/words/male/4c0e7671a4f9b9c0.mp3,klarweg-audio-cdn/audio/male/4c0e7671a4f9b9c0.mp3
klarweg-audio/public/audio/words/female/15175528482f38ed.mp3,klarweg-audio-cdn/audio/female/15175528482f38ed.mp3
klarweg-audio/public/audio/words/male/15175528482f38ed.mp3,klarweg-audio-cdn/audio/male/15175528482f38ed.mp3
klarweg-audio/public/audio/words/female/c7c7556a0110b2d7.mp3,klarweg-audio-cdn/audio/female/c7c7556a0110b2d7.mp3
klarweg-audio/public/audio/words/male/c7c7556a0110b2d7.mp3,klarweg-audio-cdn/audio/male/c7c7556a0110b2d7.mp3
klarweg-audio/public/audio/words/female/fd140be183a7fe61.mp3,klarweg-audio-cdn/audio/female/fd140be183a7fe61.mp3
klarweg-audio/public/audio/words/male/fd140be183a7fe61.mp3,klarweg-audio-cdn/audio/male/fd140be183a7fe61.mp3
klarweg-audio/public/audio/words/female/601b2c2473811afe.mp3,klarweg-audio-cdn/audio/female/601b2c2473811afe.mp3
klarweg-audio/public/audio/words/male/601b2c2473811afe.mp3,klarweg-audio-cdn/audio/male/601b2c2473811afe.mp3
klarweg-audio/public/audio/words/female/641d015cf8316d9f.mp3,klarweg-audio-cdn/audio/female/641d015cf8316d9f.mp3
klarweg-audio/public/audio/words/male/641d015cf8316d9f.mp3,klarweg-audio-cdn/audio/male/641d015cf8316d9f.mp3
klarweg-audio/public/audio/words/female/1f5c80c33075f597.mp3,klarweg-audio-cdn/audio/female/1f5c80c33075f597.mp3
klarweg-audio/public/audio/words/male/1f5c80c33075f597.mp3,klarweg-audio-cdn/audio/male/1f5c80c33075f597.mp3
klarweg-audio/public/audio/words/female/0bd0a852b8dfe843.mp3,klarweg-audio-cdn/audio/female/0bd0a852b8dfe843.mp3
klarweg-audio/public/audio/words/male/0bd0a852b8dfe843.mp3,klarweg-audio-cdn/audio/male/0bd0a852b8dfe843.mp3
klarweg-audio/public/audio/words/female/91f8afc18374c3f7.mp3,klarweg-audio-cdn/audio/female/91f8afc18374c3f7.mp3
klarweg-audio/public/audio/words/male/91f8afc18374c3f7.mp3,klarweg-audio-cdn/audio/male/91f8afc18374c3f7.mp3
klarweg-audio/public/audio/words/female/ecd11d5e27ec4eba.mp3,klarweg-audio-cdn/audio/female/ecd11d5e27ec4eba.mp3
klarweg-audio/public/audio/words/male/ecd11d5e27ec4eba.mp3,klarweg-audio-cdn/audio/male/ecd11d5e27ec4eba.mp3
klarweg-audio/public/audio/words/female/91d0631e7945b907.mp3,klarweg-audio-cdn/audio/female/91d0631e7945b907.mp3
klarweg-audio/public/audio/words/male/91d0631e7945b907.mp3,klarweg-audio-cdn/audio/male/91d0631e7945b907.mp3
klarweg-audio/public/audio/words/female/19b70e2e83ceeb50.mp3,klarweg-audio-cdn/audio/female/19b70e2e83ceeb50.mp3
klarweg-audio/public/audio/words/male/19b70e2e83ceeb50.mp3,klarweg-audio-cdn/audio/male/19b70e2e83ceeb50.mp3
klarweg-audio/public/audio/words/female/b998d29d4f3abc82.mp3,klarweg-audio-cdn/audio/female/b998d29d4f3abc82.mp3
klarweg-audio/public/audio/words/male/b998d29d4f3abc82.mp3,klarweg-audio-cdn/audio/male/b998d29d4f3abc82.mp3
klarweg-audio/public/audio/words/female/ea197efe77e567e6.mp3,klarweg-audio-cdn/audio/female/ea197efe77e567e6.mp3
klarweg-audio/public/audio/words/male/ea197efe77e567e6.mp3,klarweg-audio-cdn/audio/male/ea197efe77e567e6.mp3
klarweg-audio/public/audio/words/female/bfaee6747d31ad47.mp3,klarweg-audio-cdn/audio/female/bfaee6747d31ad47.mp3
klarweg-audio/public/audio/words/male/bfaee6747d31ad47.mp3,klarweg-audio-cdn/audio/male/bfaee6747d31ad47.mp3
klarweg-audio/public/audio/words/female/92b9907fe97032be.mp3,klarweg-audio-cdn/audio/female/92b9907fe97032be.mp3
klarweg-audio/public/audio/words/male/92b9907fe97032be.mp3,klarweg-audio-cdn/audio/male/92b9907fe97032be.mp3
klarweg-audio/public/audio/words/female/6573f09299a58973.mp3,klarweg-audio-cdn/audio/female/6573f09299a58973.mp3
klarweg-audio/public/audio/words/male/6573f09299a58973.mp3,klarweg-audio-cdn/audio/male/6573f09299a58973.mp3
klarweg-audio/public/audio/words/female/267c66068097aabf.mp3,klarweg-audio-cdn/audio/female/267c66068097aabf.mp3
klarweg-audio/public/audio/words/male/267c66068097aabf.mp3,klarweg-audio-cdn/audio/male/267c66068097aabf.mp3
klarweg-audio/public/audio/words/female/8bf19962db2d1fc6.mp3,klarweg-audio-cdn/audio/female/8bf19962db2d1fc6.mp3
klarweg-audio/public/audio/words/male/8bf19962db2d1fc6.mp3,klarweg-audio-cdn/audio/male/8bf19962db2d1fc6.mp3
klarweg-audio/public/audio/words/female/3e4000912b5a059e.mp3,klarweg-audio-cdn/audio/female/3e4000912b5a059e.mp3
klarweg-audio/public/audio/words/male/3e4000912b5a059e.mp3,klarweg-audio-cdn/audio/male/3e4000912b5a059e.mp3
klarweg-audio/public/audio/words/female/c26b2313636b95a2.mp3,klarweg-audio-cdn/audio/female/c26b2313636b95a2.mp3
klarweg-audio/public/audio/words/male/c26b2313636b95a2.mp3,klarweg-audio-cdn/audio/male/c26b2313636b95a2.mp3
klarweg-audio/public/audio/words/female/77c14173f339ab5b.mp3,klarweg-audio-cdn/audio/female/77c14173f339ab5b.mp3
klarweg-audio/public/audio/words/male/77c14173f339ab5b.mp3,klarweg-audio-cdn/audio/male/77c14173f339ab5b.mp3
klarweg-audio/public/audio/words/female/c2e9f1bc615c143d.mp3,klarweg-audio-cdn/audio/female/c2e9f1bc615c143d.mp3
klarweg-audio/public/audio/words/male/c2e9f1bc615c143d.mp3,klarweg-audio-cdn/audio/male/c2e9f1bc615c143d.mp3
klarweg-audio/public/audio/words/female/bfd6b995588ec54c.mp3,klarweg-audio-cdn/audio/female/bfd6b995588ec54c.mp3
klarweg-audio/public/audio/words/male/bfd6b995588ec54c.mp3,klarweg-audio-cdn/audio/male/bfd6b995588ec54c.mp3
klarweg-audio/public/audio/words/female/b7abcde9efd1c779.mp3,klarweg-audio-cdn/audio/female/b7abcde9efd1c779.mp3
klarweg-audio/public/audio/words/male/b7abcde9efd1c779.mp3,klarweg-audio-cdn/audio/male/b7abcde9efd1c779.mp3
klarweg-audio/public/audio/words/female/c6ce0e3c77012db5.mp3,klarweg-audio-cdn/audio/female/c6ce0e3c77012db5.mp3
klarweg-audio/public/audio/words/male/c6ce0e3c77012db5.mp3,klarweg-audio-cdn/audio/male/c6ce0e3c77012db5.mp3
klarweg-audio/public/audio/words/female/e19b99c75f0cbaba.mp3,klarweg-audio-cdn/audio/female/e19b99c75f0cbaba.mp3
klarweg-audio/public/audio/words/male/e19b99c75f0cbaba.mp3,klarweg-audio-cdn/audio/male/e19b99c75f0cbaba.mp3
klarweg-audio/public/audio/words/female/6b7885bb5d079ac2.mp3,klarweg-audio-cdn/audio/female/6b7885bb5d079ac2.mp3
klarweg-audio/public/audio/words/male/6b7885bb5d079ac2.mp3,klarweg-audio-cdn/audio/male/6b7885bb5d079ac2.mp3
klarweg-audio/public/audio/words/female/c89c1f59565b0bbf.mp3,klarweg-audio-cdn/audio/female/c89c1f59565b0bbf.mp3
klarweg-audio/public/audio/words/male/c89c1f59565b0bbf.mp3,klarweg-audio-cdn/audio/male/c89c1f59565b0bbf.mp3
klarweg-audio/public/audio/words/female/780d84b20d7ae7e6.mp3,klarweg-audio-cdn/audio/female/780d84b20d7ae7e6.mp3
klarweg-audio/public/audio/words/male/780d84b20d7ae7e6.mp3,klarweg-audio-cdn/audio/male/780d84b20d7ae7e6.mp3
klarweg-audio/public/audio/words/female/5bbf6d05ece38072.mp3,klarweg-audio-cdn/audio/female/5bbf6d05ece38072.mp3
klarweg-audio/public/audio/words/male/5bbf6d05ece38072.mp3,klarweg-audio-cdn/audio/male/5bbf6d05ece38072.mp3
klarweg-audio/public/audio/words/female/0e6529106abbe190.mp3,klarweg-audio-cdn/audio/female/0e6529106abbe190.mp3
klarweg-audio/public/audio/words/male/0e6529106abbe190.mp3,klarweg-audio-cdn/audio/male/0e6529106abbe190.mp3
klarweg-audio/public/audio/words/female/da3a4b58c25fde1b.mp3,klarweg-audio-cdn/audio/female/da3a4b58c25fde1b.mp3
klarweg-audio/public/audio/words/male/da3a4b58c25fde1b.mp3,klarweg-audio-cdn/audio/male/da3a4b58c25fde1b.mp3
klarweg-audio/public/audio/words/female/82fe032bd9337b5d.mp3,klarweg-audio-cdn/audio/female/82fe032bd9337b5d.mp3
klarweg-audio/public/audio/words/male/82fe032bd9337b5d.mp3,klarweg-audio-cdn/audio/male/82fe032bd9337b5d.mp3
klarweg-audio/public/audio/words/female/983ea57f2212eb74.mp3,klarweg-audio-cdn/audio/female/983ea57f2212eb74.mp3
klarweg-audio/public/audio/words/male/983ea57f2212eb74.mp3,klarweg-audio-cdn/audio/male/983ea57f2212eb74.mp3
klarweg-audio/public/audio/words/female/0648dfc4645a56f7.mp3,klarweg-audio-cdn/audio/female/0648dfc4645a56f7.mp3
klarweg-audio/public/audio/words/male/0648dfc4645a56f7.mp3,klarweg-audio-cdn/audio/male/0648dfc4645a56f7.mp3
klarweg-audio/public/audio/words/female/6192c27850b44f86.mp3,klarweg-audio-cdn/audio/female/6192c27850b44f86.mp3
klarweg-audio/public/audio/words/male/6192c27850b44f86.mp3,klarweg-audio-cdn/audio/male/6192c27850b44f86.mp3
klarweg-audio/public/audio/words/female/cc7e4412564ba8a7.mp3,klarweg-audio-cdn/audio/female/cc7e4412564ba8a7.mp3
klarweg-audio/public/audio/words/male/cc7e4412564ba8a7.mp3,klarweg-audio-cdn/audio/male/cc7e4412564ba8a7.mp3
klarweg-audio/public/audio/words/female/0066b1ac6c66fb15.mp3,klarweg-audio-cdn/audio/female/0066b1ac6c66fb15.mp3
klarweg-audio/public/audio/words/male/0066b1ac6c66fb15.mp3,klarweg-audio-cdn/audio/male/0066b1ac6c66fb15.mp3
klarweg-audio/public/audio/words/female/0a57a77ecfcc08a5.mp3,klarweg-audio-cdn/audio/female/0a57a77ecfcc08a5.mp3
klarweg-audio/public/audio/words/male/0a57a77ecfcc08a5.mp3,klarweg-audio-cdn/audio/male/0a57a77ecfcc08a5.mp3
klarweg-audio/public/audio/words/female/cee957ae419cb1d1.mp3,klarweg-audio-cdn/audio/female/cee957ae419cb1d1.mp3
klarweg-audio/public/audio/words/male/cee957ae419cb1d1.mp3,klarweg-audio-cdn/audio/male/cee957ae419cb1d1.mp3
klarweg-audio/public/audio/words/female/31e6197fc6392069.mp3,klarweg-audio-cdn/audio/female/31e6197fc6392069.mp3
klarweg-audio/public/audio/words/male/31e6197fc6392069.mp3,klarweg-audio-cdn/audio/male/31e6197fc6392069.mp3
klarweg-audio/public/audio/words/female/b7b39ef221bc71da.mp3,klarweg-audio-cdn/audio/female/b7b39ef221bc71da.mp3
klarweg-audio/public/audio/words/male/b7b39ef221bc71da.mp3,klarweg-audio-cdn/audio/male/b7b39ef221bc71da.mp3
klarweg-audio/public/audio/words/female/f606aacfca019235.mp3,klarweg-audio-cdn/audio/female/f606aacfca019235.mp3
klarweg-audio/public/audio/words/male/f606aacfca019235.mp3,klarweg-audio-cdn/audio/male/f606aacfca019235.mp3
klarweg-audio/public/audio/words/female/c0bc1e08f9743b2d.mp3,klarweg-audio-cdn/audio/female/c0bc1e08f9743b2d.mp3
klarweg-audio/public/audio/words/male/c0bc1e08f9743b2d.mp3,klarweg-audio-cdn/audio/male/c0bc1e08f9743b2d.mp3
klarweg-audio/public/audio/words/female/119ee6901316eec1.mp3,klarweg-audio-cdn/audio/female/119ee6901316eec1.mp3
klarweg-audio/public/audio/words/male/119ee6901316eec1.mp3,klarweg-audio-cdn/audio/male/119ee6901316eec1.mp3
klarweg-audio/public/audio/words/female/b9373420d1622cd3.mp3,klarweg-audio-cdn/audio/female/b9373420d1622cd3.mp3
klarweg-audio/public/audio/words/male/b9373420d1622cd3.mp3,klarweg-audio-cdn/audio/male/b9373420d1622cd3.mp3
klarweg-audio/public/audio/words/female/135e825559810434.mp3,klarweg-audio-cdn/audio/female/135e825559810434.mp3
klarweg-audio/public/audio/words/male/135e825559810434.mp3,klarweg-audio-cdn/audio/male/135e825559810434.mp3
klarweg-audio/public/audio/words/female/b0f596280f0baebb.mp3,klarweg-audio-cdn/audio/female/b0f596280f0baebb.mp3
klarweg-audio/public/audio/words/male/b0f596280f0baebb.mp3,klarweg-audio-cdn/audio/male/b0f596280f0baebb.mp3
klarweg-audio/public/audio/words/female/dffe6a6f933f5df5.mp3,klarweg-audio-cdn/audio/female/dffe6a6f933f5df5.mp3
klarweg-audio/public/audio/words/male/dffe6a6f933f5df5.mp3,klarweg-audio-cdn/audio/male/dffe6a6f933f5df5.mp3
klarweg-audio/public/audio/words/female/2372b70bf01af832.mp3,klarweg-audio-cdn/audio/female/2372b70bf01af832.mp3
klarweg-audio/public/audio/words/male/2372b70bf01af832.mp3,klarweg-audio-cdn/audio/male/2372b70bf01af832.mp3
klarweg-audio/public/audio/words/female/b3c3e0f503739d32.mp3,klarweg-audio-cdn/audio/female/b3c3e0f503739d32.mp3
klarweg-audio/public/audio/words/male/b3c3e0f503739d32.mp3,klarweg-audio-cdn/audio/male/b3c3e0f503739d32.mp3
klarweg-audio/public/audio/words/female/aaed739afcdf4c06.mp3,klarweg-audio-cdn/audio/female/aaed739afcdf4c06.mp3
klarweg-audio/public/audio/words/male/aaed739afcdf4c06.mp3,klarweg-audio-cdn/audio/male/aaed739afcdf4c06.mp3
klarweg-audio/public/audio/words/female/8208254daaf35147.mp3,klarweg-audio-cdn/audio/female/8208254daaf35147.mp3
klarweg-audio/public/audio/words/male/8208254daaf35147.mp3,klarweg-audio-cdn/audio/male/8208254daaf35147.mp3
klarweg-audio/public/audio/words/female/0184a6574dd63e9c.mp3,klarweg-audio-cdn/audio/female/0184a6574dd63e9c.mp3
klarweg-audio/public/audio/words/male/0184a6574dd63e9c.mp3,klarweg-audio-cdn/audio/male/0184a6574dd63e9c.mp3
klarweg-audio/public/audio/words/female/f982c3b6f6f15ed2.mp3,klarweg-audio-cdn/audio/female/f982c3b6f6f15ed2.mp3
klarweg-audio/public/audio/words/male/f982c3b6f6f15ed2.mp3,klarweg-audio-cdn/audio/male/f982c3b6f6f15ed2.mp3
klarweg-audio/public/audio/words/female/2910091e1ccd2263.mp3,klarweg-audio-cdn/audio/female/2910091e1ccd2263.mp3
klarweg-audio/public/audio/words/male/2910091e1ccd2263.mp3,klarweg-audio-cdn/audio/male/2910091e1ccd2263.mp3
klarweg-audio/public/audio/words/female/fdc275ebe7bd74e1.mp3,klarweg-audio-cdn/audio/female/fdc275ebe7bd74e1.mp3
klarweg-audio/public/audio/words/male/fdc275ebe7bd74e1.mp3,klarweg-audio-cdn/audio/male/fdc275ebe7bd74e1.mp3
klarweg-audio/public/audio/words/female/7466392a9e2f01a7.mp3,klarweg-audio-cdn/audio/female/7466392a9e2f01a7.mp3
klarweg-audio/public/audio/words/male/7466392a9e2f01a7.mp3,klarweg-audio-cdn/audio/male/7466392a9e2f01a7.mp3
klarweg-audio/public/audio/words/female/da4270e3735a3418.mp3,klarweg-audio-cdn/audio/female/da4270e3735a3418.mp3
klarweg-audio/public/audio/words/male/da4270e3735a3418.mp3,klarweg-audio-cdn/audio/male/da4270e3735a3418.mp3
klarweg-audio/public/audio/words/female/bb8be76c314c6c95.mp3,klarweg-audio-cdn/audio/female/bb8be76c314c6c95.mp3
klarweg-audio/public/audio/words/male/bb8be76c314c6c95.mp3,klarweg-audio-cdn/audio/male/bb8be76c314c6c95.mp3
klarweg-audio/public/audio/words/female/9fe4ed1dd2276361.mp3,klarweg-audio-cdn/audio/female/9fe4ed1dd2276361.mp3
klarweg-audio/public/audio/words/male/9fe4ed1dd2276361.mp3,klarweg-audio-cdn/audio/male/9fe4ed1dd2276361.mp3
klarweg-audio/public/audio/words/female/f98e958910ad4acd.mp3,klarweg-audio-cdn/audio/female/f98e958910ad4acd.mp3
klarweg-audio/public/audio/words/male/f98e958910ad4acd.mp3,klarweg-audio-cdn/audio/male/f98e958910ad4acd.mp3
klarweg-audio/public/audio/words/female/7a34bcd49a153b52.mp3,klarweg-audio-cdn/audio/female/7a34bcd49a153b52.mp3
klarweg-audio/public/audio/words/male/7a34bcd49a153b52.mp3,klarweg-audio-cdn/audio/male/7a34bcd49a153b52.mp3
klarweg-audio/public/audio/words/female/6365760ae1ba1eb5.mp3,klarweg-audio-cdn/audio/female/6365760ae1ba1eb5.mp3
klarweg-audio/public/audio/words/male/6365760ae1ba1eb5.mp3,klarweg-audio-cdn/audio/male/6365760ae1ba1eb5.mp3
klarweg-audio/public/audio/words/female/be9fb855d369b99f.mp3,klarweg-audio-cdn/audio/female/be9fb855d369b99f.mp3
klarweg-audio/public/audio/words/male/be9fb855d369b99f.mp3,klarweg-audio-cdn/audio/male/be9fb855d369b99f.mp3
klarweg-audio/public/audio/words/female/a67c874c6211ae49.mp3,klarweg-audio-cdn/audio/female/a67c874c6211ae49.mp3
klarweg-audio/public/audio/words/male/a67c874c6211ae49.mp3,klarweg-audio-cdn/audio/male/a67c874c6211ae49.mp3
klarweg-audio/public/audio/words/female/68e87d552ee0597a.mp3,klarweg-audio-cdn/audio/female/68e87d552ee0597a.mp3
klarweg-audio/public/audio/words/male/68e87d552ee0597a.mp3,klarweg-audio-cdn/audio/male/68e87d552ee0597a.mp3
klarweg-audio/public/audio/words/female/94c508ea3cab0437.mp3,klarweg-audio-cdn/audio/female/94c508ea3cab0437.mp3
klarweg-audio/public/audio/words/male/94c508ea3cab0437.mp3,klarweg-audio-cdn/audio/male/94c508ea3cab0437.mp3
klarweg-audio/public/audio/words/female/6a04bb01375a4d33.mp3,klarweg-audio-cdn/audio/female/6a04bb01375a4d33.mp3
klarweg-audio/public/audio/words/male/6a04bb01375a4d33.mp3,klarweg-audio-cdn/audio/male/6a04bb01375a4d33.mp3
klarweg-audio/public/audio/words/female/8097e37c415abc44.mp3,klarweg-audio-cdn/audio/female/8097e37c415abc44.mp3
klarweg-audio/public/audio/words/male/8097e37c415abc44.mp3,klarweg-audio-cdn/audio/male/8097e37c415abc44.mp3
klarweg-audio/public/audio/words/female/e1e1862ca4876dfe.mp3,klarweg-audio-cdn/audio/female/e1e1862ca4876dfe.mp3
klarweg-audio/public/audio/words/male/e1e1862ca4876dfe.mp3,klarweg-audio-cdn/audio/male/e1e1862ca4876dfe.mp3
klarweg-audio/public/audio/words/female/a4fce28c6228b1a7.mp3,klarweg-audio-cdn/audio/female/a4fce28c6228b1a7.mp3
klarweg-audio/public/audio/words/male/a4fce28c6228b1a7.mp3,klarweg-audio-cdn/audio/male/a4fce28c6228b1a7.mp3
klarweg-audio/public/audio/words/female/f6fd812b2d7a41a7.mp3,klarweg-audio-cdn/audio/female/f6fd812b2d7a41a7.mp3
klarweg-audio/public/audio/words/male/f6fd812b2d7a41a7.mp3,klarweg-audio-cdn/audio/male/f6fd812b2d7a41a7.mp3
klarweg-audio/public/audio/words/female/88ae20dbcd00d298.mp3,klarweg-audio-cdn/audio/female/88ae20dbcd00d298.mp3
klarweg-audio/public/audio/words/male/88ae20dbcd00d298.mp3,klarweg-audio-cdn/audio/male/88ae20dbcd00d298.mp3
klarweg-audio/public/audio/words/female/d26898598758e779.mp3,klarweg-audio-cdn/audio/female/d26898598758e779.mp3
klarweg-audio/public/audio/words/male/d26898598758e779.mp3,klarweg-audio-cdn/audio/male/d26898598758e779.mp3
klarweg-audio/public/audio/words/female/6e6dc944a8347667.mp3,klarweg-audio-cdn/audio/female/6e6dc944a8347667.mp3
klarweg-audio/public/audio/words/male/6e6dc944a8347667.mp3,klarweg-audio-cdn/audio/male/6e6dc944a8347667.mp3
klarweg-audio/public/audio/words/female/86d832a39638f3a8.mp3,klarweg-audio-cdn/audio/female/86d832a39638f3a8.mp3
klarweg-audio/public/audio/words/male/86d832a39638f3a8.mp3,klarweg-audio-cdn/audio/male/86d832a39638f3a8.mp3
klarweg-audio/public/audio/words/female/269973463ed6c0ce.mp3,klarweg-audio-cdn/audio/female/269973463ed6c0ce.mp3
klarweg-audio/public/audio/words/male/269973463ed6c0ce.mp3,klarweg-audio-cdn/audio/male/269973463ed6c0ce.mp3
klarweg-audio/public/audio/words/female/cd23c4c603b344f6.mp3,klarweg-audio-cdn/audio/female/cd23c4c603b344f6.mp3
klarweg-audio/public/audio/words/male/cd23c4c603b344f6.mp3,klarweg-audio-cdn/audio/male/cd23c4c603b344f6.mp3
klarweg-audio/public/audio/words/female/c920b540a0ed718e.mp3,klarweg-audio-cdn/audio/female/c920b540a0ed718e.mp3
klarweg-audio/public/audio/words/male/c920b540a0ed718e.mp3,klarweg-audio-cdn/audio/male/c920b540a0ed718e.mp3
klarweg-audio/public/audio/words/female/a9bca3265301a6c3.mp3,klarweg-audio-cdn/audio/female/a9bca3265301a6c3.mp3
klarweg-audio/public/audio/words/male/a9bca3265301a6c3.mp3,klarweg-audio-cdn/audio/male/a9bca3265301a6c3.mp3
klarweg-audio/public/audio/words/female/b974ebb9a9790133.mp3,klarweg-audio-cdn/audio/female/b974ebb9a9790133.mp3
klarweg-audio/public/audio/words/male/b974ebb9a9790133.mp3,klarweg-audio-cdn/audio/male/b974ebb9a9790133.mp3
klarweg-audio/public/audio/words/female/c15b77efb84eb798.mp3,klarweg-audio-cdn/audio/female/c15b77efb84eb798.mp3
klarweg-audio/public/audio/words/male/c15b77efb84eb798.mp3,klarweg-audio-cdn/audio/male/c15b77efb84eb798.mp3
klarweg-audio/public/audio/words/female/f6f74e9d5720e95d.mp3,klarweg-audio-cdn/audio/female/f6f74e9d5720e95d.mp3
klarweg-audio/public/audio/words/male/f6f74e9d5720e95d.mp3,klarweg-audio-cdn/audio/male/f6f74e9d5720e95d.mp3
klarweg-audio/public/audio/words/female/5f26eebe6fc0b7ed.mp3,klarweg-audio-cdn/audio/female/5f26eebe6fc0b7ed.mp3
klarweg-audio/public/audio/words/male/5f26eebe6fc0b7ed.mp3,klarweg-audio-cdn/audio/male/5f26eebe6fc0b7ed.mp3
klarweg-audio/public/audio/words/female/13a91e20ccd30536.mp3,klarweg-audio-cdn/audio/female/13a91e20ccd30536.mp3
klarweg-audio/public/audio/words/male/13a91e20ccd30536.mp3,klarweg-audio-cdn/audio/male/13a91e20ccd30536.mp3
klarweg-audio/public/audio/words/female/e08b60b2040cd5dd.mp3,klarweg-audio-cdn/audio/female/e08b60b2040cd5dd.mp3
klarweg-audio/public/audio/words/male/e08b60b2040cd5dd.mp3,klarweg-audio-cdn/audio/male/e08b60b2040cd5dd.mp3
klarweg-audio/public/audio/words/female/3e2b47651f9f8806.mp3,klarweg-audio-cdn/audio/female/3e2b47651f9f8806.mp3
klarweg-audio/public/audio/words/male/3e2b47651f9f8806.mp3,klarweg-audio-cdn/audio/male/3e2b47651f9f8806.mp3
klarweg-audio/public/audio/words/female/c55da503600697df.mp3,klarweg-audio-cdn/audio/female/c55da503600697df.mp3
klarweg-audio/public/audio/words/male/c55da503600697df.mp3,klarweg-audio-cdn/audio/male/c55da503600697df.mp3
klarweg-audio/public/audio/words/female/24ad331d9ace20b3.mp3,klarweg-audio-cdn/audio/female/24ad331d9ace20b3.mp3
klarweg-audio/public/audio/words/male/24ad331d9ace20b3.mp3,klarweg-audio-cdn/audio/male/24ad331d9ace20b3.mp3
klarweg-audio/public/audio/words/female/8e8bb937766852ce.mp3,klarweg-audio-cdn/audio/female/8e8bb937766852ce.mp3
klarweg-audio/public/audio/words/male/8e8bb937766852ce.mp3,klarweg-audio-cdn/audio/male/8e8bb937766852ce.mp3
klarweg-audio/public/audio/words/female/4304d22f1116197b.mp3,klarweg-audio-cdn/audio/female/4304d22f1116197b.mp3
klarweg-audio/public/audio/words/male/4304d22f1116197b.mp3,klarweg-audio-cdn/audio/male/4304d22f1116197b.mp3
klarweg-audio/public/audio/words/female/ec5e95d38cb0808e.mp3,klarweg-audio-cdn/audio/female/ec5e95d38cb0808e.mp3
klarweg-audio/public/audio/words/male/ec5e95d38cb0808e.mp3,klarweg-audio-cdn/audio/male/ec5e95d38cb0808e.mp3
klarweg-audio/public/audio/words/female/5e2af129794ea9e5.mp3,klarweg-audio-cdn/audio/female/5e2af129794ea9e5.mp3
klarweg-audio/public/audio/words/male/5e2af129794ea9e5.mp3,klarweg-audio-cdn/audio/male/5e2af129794ea9e5.mp3
klarweg-audio/public/audio/words/female/bfa14a61e77ecedf.mp3,klarweg-audio-cdn/audio/female/bfa14a61e77ecedf.mp3
klarweg-audio/public/audio/words/male/bfa14a61e77ecedf.mp3,klarweg-audio-cdn/audio/male/bfa14a61e77ecedf.mp3
klarweg-audio/public/audio/words/female/506ac728966d9a6e.mp3,klarweg-audio-cdn/audio/female/506ac728966d9a6e.mp3
klarweg-audio/public/audio/words/male/506ac728966d9a6e.mp3,klarweg-audio-cdn/audio/male/506ac728966d9a6e.mp3
klarweg-audio/public/audio/words/female/93cae23fdfb8b75d.mp3,klarweg-audio-cdn/audio/female/93cae23fdfb8b75d.mp3
klarweg-audio/public/audio/words/male/93cae23fdfb8b75d.mp3,klarweg-audio-cdn/audio/male/93cae23fdfb8b75d.mp3
klarweg-audio/public/audio/words/female/fdfc3d156a1099de.mp3,klarweg-audio-cdn/audio/female/fdfc3d156a1099de.mp3
klarweg-audio/public/audio/words/male/fdfc3d156a1099de.mp3,klarweg-audio-cdn/audio/male/fdfc3d156a1099de.mp3
klarweg-audio/public/audio/words/female/35f405aa6bc7dd79.mp3,klarweg-audio-cdn/audio/female/35f405aa6bc7dd79.mp3
klarweg-audio/public/audio/words/male/35f405aa6bc7dd79.mp3,klarweg-audio-cdn/audio/male/35f405aa6bc7dd79.mp3
klarweg-audio/public/audio/words/female/5a66b071f9a094ff.mp3,klarweg-audio-cdn/audio/female/5a66b071f9a094ff.mp3
klarweg-audio/public/audio/words/male/5a66b071f9a094ff.mp3,klarweg-audio-cdn/audio/male/5a66b071f9a094ff.mp3
klarweg-audio/public/audio/words/female/b10ed66742452fff.mp3,klarweg-audio-cdn/audio/female/b10ed66742452fff.mp3
klarweg-audio/public/audio/words/male/b10ed66742452fff.mp3,klarweg-audio-cdn/audio/male/b10ed66742452fff.mp3
klarweg-audio/public/audio/words/female/81bfee699dcb4da5.mp3,klarweg-audio-cdn/audio/female/81bfee699dcb4da5.mp3
klarweg-audio/public/audio/words/male/81bfee699dcb4da5.mp3,klarweg-audio-cdn/audio/male/81bfee699dcb4da5.mp3
klarweg-audio/public/audio/words/female/200b9e6462d0bdef.mp3,klarweg-audio-cdn/audio/female/200b9e6462d0bdef.mp3
klarweg-audio/public/audio/words/male/200b9e6462d0bdef.mp3,klarweg-audio-cdn/audio/male/200b9e6462d0bdef.mp3
klarweg-audio/public/audio/words/female/97efc0b40e7e9142.mp3,klarweg-audio-cdn/audio/female/97efc0b40e7e9142.mp3
klarweg-audio/public/audio/words/male/97efc0b40e7e9142.mp3,klarweg-audio-cdn/audio/male/97efc0b40e7e9142.mp3
klarweg-audio/public/audio/words/female/fe263064ba02eaea.mp3,klarweg-audio-cdn/audio/female/fe263064ba02eaea.mp3
klarweg-audio/public/audio/words/male/fe263064ba02eaea.mp3,klarweg-audio-cdn/audio/male/fe263064ba02eaea.mp3
klarweg-audio/public/audio/words/female/0428187f91d4463e.mp3,klarweg-audio-cdn/audio/female/0428187f91d4463e.mp3
klarweg-audio/public/audio/words/male/0428187f91d4463e.mp3,klarweg-audio-cdn/audio/male/0428187f91d4463e.mp3
klarweg-audio/public/audio/words/female/f068137b6f8cb63c.mp3,klarweg-audio-cdn/audio/female/f068137b6f8cb63c.mp3
klarweg-audio/public/audio/words/male/f068137b6f8cb63c.mp3,klarweg-audio-cdn/audio/male/f068137b6f8cb63c.mp3
klarweg-audio/public/audio/words/female/3061a0b194d62c12.mp3,klarweg-audio-cdn/audio/female/3061a0b194d62c12.mp3
klarweg-audio/public/audio/words/male/3061a0b194d62c12.mp3,klarweg-audio-cdn/audio/male/3061a0b194d62c12.mp3
klarweg-audio/public/audio/words/female/e0fbc70dcb41a77f.mp3,klarweg-audio-cdn/audio/female/e0fbc70dcb41a77f.mp3
klarweg-audio/public/audio/words/male/e0fbc70dcb41a77f.mp3,klarweg-audio-cdn/audio/male/e0fbc70dcb41a77f.mp3
klarweg-audio/public/audio/words/female/eb2565c3654ad45b.mp3,klarweg-audio-cdn/audio/female/eb2565c3654ad45b.mp3
klarweg-audio/public/audio/words/male/eb2565c3654ad45b.mp3,klarweg-audio-cdn/audio/male/eb2565c3654ad45b.mp3
klarweg-audio/public/audio/words/female/e02e49fb422518c1.mp3,klarweg-audio-cdn/audio/female/e02e49fb422518c1.mp3
klarweg-audio/public/audio/words/male/e02e49fb422518c1.mp3,klarweg-audio-cdn/audio/male/e02e49fb422518c1.mp3
klarweg-audio/public/audio/words/female/c9101bc6c91a6cb9.mp3,klarweg-audio-cdn/audio/female/c9101bc6c91a6cb9.mp3
klarweg-audio/public/audio/words/male/c9101bc6c91a6cb9.mp3,klarweg-audio-cdn/audio/male/c9101bc6c91a6cb9.mp3
klarweg-audio/public/audio/words/female/8be7139471e1afe6.mp3,klarweg-audio-cdn/audio/female/8be7139471e1afe6.mp3
klarweg-audio/public/audio/words/male/8be7139471e1afe6.mp3,klarweg-audio-cdn/audio/male/8be7139471e1afe6.mp3
klarweg-audio/public/audio/words/female/08cb7a81c5c75c7c.mp3,klarweg-audio-cdn/audio/female/08cb7a81c5c75c7c.mp3
klarweg-audio/public/audio/words/male/08cb7a81c5c75c7c.mp3,klarweg-audio-cdn/audio/male/08cb7a81c5c75c7c.mp3
klarweg-audio/public/audio/words/female/e33469529746c557.mp3,klarweg-audio-cdn/audio/female/e33469529746c557.mp3
klarweg-audio/public/audio/words/male/e33469529746c557.mp3,klarweg-audio-cdn/audio/male/e33469529746c557.mp3
klarweg-audio/public/audio/words/female/d3751d33f9cd5049.mp3,klarweg-audio-cdn/audio/female/d3751d33f9cd5049.mp3
klarweg-audio/public/audio/words/male/d3751d33f9cd5049.mp3,klarweg-audio-cdn/audio/male/d3751d33f9cd5049.mp3
klarweg-audio/public/audio/words/female/9baf72e222a482ef.mp3,klarweg-audio-cdn/audio/female/9baf72e222a482ef.mp3
klarweg-audio/public/audio/words/male/9baf72e222a482ef.mp3,klarweg-audio-cdn/audio/male/9baf72e222a482ef.mp3
klarweg-audio/public/audio/words/female/bef0d9f18b933e2b.mp3,klarweg-audio-cdn/audio/female/bef0d9f18b933e2b.mp3
klarweg-audio/public/audio/words/male/bef0d9f18b933e2b.mp3,klarweg-audio-cdn/audio/male/bef0d9f18b933e2b.mp3
klarweg-audio/public/audio/words/female/d291857f6b4bf462.mp3,klarweg-audio-cdn/audio/female/d291857f6b4bf462.mp3
klarweg-audio/public/audio/words/male/d291857f6b4bf462.mp3,klarweg-audio-cdn/audio/male/d291857f6b4bf462.mp3
klarweg-audio/public/audio/words/female/0ebdc3317b75839f.mp3,klarweg-audio-cdn/audio/female/0ebdc3317b75839f.mp3
klarweg-audio/public/audio/words/male/0ebdc3317b75839f.mp3,klarweg-audio-cdn/audio/male/0ebdc3317b75839f.mp3
klarweg-audio/public/audio/words/female/eb08008ccd531c39.mp3,klarweg-audio-cdn/audio/female/eb08008ccd531c39.mp3
klarweg-audio/public/audio/words/male/eb08008ccd531c39.mp3,klarweg-audio-cdn/audio/male/eb08008ccd531c39.mp3
klarweg-audio/public/audio/words/female/272ce0e4a08bf3ee.mp3,klarweg-audio-cdn/audio/female/272ce0e4a08bf3ee.mp3
klarweg-audio/public/audio/words/male/272ce0e4a08bf3ee.mp3,klarweg-audio-cdn/audio/male/272ce0e4a08bf3ee.mp3
klarweg-audio/public/audio/words/female/b748a919ad3e0a2c.mp3,klarweg-audio-cdn/audio/female/b748a919ad3e0a2c.mp3
klarweg-audio/public/audio/words/male/b748a919ad3e0a2c.mp3,klarweg-audio-cdn/audio/male/b748a919ad3e0a2c.mp3
klarweg-audio/public/audio/words/female/fa690b82061edfd2.mp3,klarweg-audio-cdn/audio/female/fa690b82061edfd2.mp3
klarweg-audio/public/audio/words/male/fa690b82061edfd2.mp3,klarweg-audio-cdn/audio/male/fa690b82061edfd2.mp3
klarweg-audio/public/audio/words/female/8f434346648f6b96.mp3,klarweg-audio-cdn/audio/female/8f434346648f6b96.mp3
klarweg-audio/public/audio/words/male/8f434346648f6b96.mp3,klarweg-audio-cdn/audio/male/8f434346648f6b96.mp3
klarweg-audio/public/audio/words/female/529cbc8f212773f2.mp3,klarweg-audio-cdn/audio/female/529cbc8f212773f2.mp3
klarweg-audio/public/audio/words/male/529cbc8f212773f2.mp3,klarweg-audio-cdn/audio/male/529cbc8f212773f2.mp3
klarweg-audio/public/audio/words/female/1e7a4b710d390702.mp3,klarweg-audio-cdn/audio/female/1e7a4b710d390702.mp3
klarweg-audio/public/audio/words/male/1e7a4b710d390702.mp3,klarweg-audio-cdn/audio/male/1e7a4b710d390702.mp3
klarweg-audio/public/audio/words/female/f5b6e6eedd3dfc4c.mp3,klarweg-audio-cdn/audio/female/f5b6e6eedd3dfc4c.mp3
klarweg-audio/public/audio/words/male/f5b6e6eedd3dfc4c.mp3,klarweg-audio-cdn/audio/male/f5b6e6eedd3dfc4c.mp3
klarweg-audio/public/audio/words/female/fc240afbc771dd72.mp3,klarweg-audio-cdn/audio/female/fc240afbc771dd72.mp3
klarweg-audio/public/audio/words/male/fc240afbc771dd72.mp3,klarweg-audio-cdn/audio/male/fc240afbc771dd72.mp3
klarweg-audio/public/audio/words/female/898c493c161099e1.mp3,klarweg-audio-cdn/audio/female/898c493c161099e1.mp3
klarweg-audio/public/audio/words/male/898c493c161099e1.mp3,klarweg-audio-cdn/audio/male/898c493c161099e1.mp3
klarweg-audio/public/audio/words/female/2f198304fb2d09d1.mp3,klarweg-audio-cdn/audio/female/2f198304fb2d09d1.mp3
klarweg-audio/public/audio/words/male/2f198304fb2d09d1.mp3,klarweg-audio-cdn/audio/male/2f198304fb2d09d1.mp3
klarweg-audio/public/audio/words/female/790dfe7ef7d6af28.mp3,klarweg-audio-cdn/audio/female/790dfe7ef7d6af28.mp3
klarweg-audio/public/audio/words/male/790dfe7ef7d6af28.mp3,klarweg-audio-cdn/audio/male/790dfe7ef7d6af28.mp3
klarweg-audio/public/audio/words/female/71f063f406bc3579.mp3,klarweg-audio-cdn/audio/female/71f063f406bc3579.mp3
klarweg-audio/public/audio/words/male/71f063f406bc3579.mp3,klarweg-audio-cdn/audio/male/71f063f406bc3579.mp3
klarweg-audio/public/audio/words/female/9c39e25180169d26.mp3,klarweg-audio-cdn/audio/female/9c39e25180169d26.mp3
klarweg-audio/public/audio/words/male/9c39e25180169d26.mp3,klarweg-audio-cdn/audio/male/9c39e25180169d26.mp3
klarweg-audio/public/audio/words/female/ed6f973d04782245.mp3,klarweg-audio-cdn/audio/female/ed6f973d04782245.mp3
klarweg-audio/public/audio/words/male/ed6f973d04782245.mp3,klarweg-audio-cdn/audio/male/ed6f973d04782245.mp3
klarweg-audio/public/audio/words/female/fccb96c9b03c554b.mp3,klarweg-audio-cdn/audio/female/fccb96c9b03c554b.mp3
klarweg-audio/public/audio/words/male/fccb96c9b03c554b.mp3,klarweg-audio-cdn/audio/male/fccb96c9b03c554b.mp3
klarweg-audio/public/audio/words/female/3f7a861ebf1ccaab.mp3,klarweg-audio-cdn/audio/female/3f7a861ebf1ccaab.mp3
klarweg-audio/public/audio/words/male/3f7a861ebf1ccaab.mp3,klarweg-audio-cdn/audio/male/3f7a861ebf1ccaab.mp3
klarweg-audio/public/audio/words/female/84c92d8abf326bdb.mp3,klarweg-audio-cdn/audio/female/84c92d8abf326bdb.mp3
klarweg-audio/public/audio/words/male/84c92d8abf326bdb.mp3,klarweg-audio-cdn/audio/male/84c92d8abf326bdb.mp3
klarweg-audio/public/audio/words/female/d43dd7e5eca6eb8c.mp3,klarweg-audio-cdn/audio/female/d43dd7e5eca6eb8c.mp3
klarweg-audio/public/audio/words/male/d43dd7e5eca6eb8c.mp3,klarweg-audio-cdn/audio/male/d43dd7e5eca6eb8c.mp3
klarweg-audio/public/audio/words/female/ad9e87b963643a0b.mp3,klarweg-audio-cdn/audio/female/ad9e87b963643a0b.mp3
klarweg-audio/public/audio/words/male/ad9e87b963643a0b.mp3,klarweg-audio-cdn/audio/male/ad9e87b963643a0b.mp3
klarweg-audio/public/audio/words/female/f15e811721cd2c91.mp3,klarweg-audio-cdn/audio/female/f15e811721cd2c91.mp3
klarweg-audio/public/audio/words/male/f15e811721cd2c91.mp3,klarweg-audio-cdn/audio/male/f15e811721cd2c91.mp3
klarweg-audio/public/audio/words/female/21128e4906ec9a9d.mp3,klarweg-audio-cdn/audio/female/21128e4906ec9a9d.mp3
klarweg-audio/public/audio/words/male/21128e4906ec9a9d.mp3,klarweg-audio-cdn/audio/male/21128e4906ec9a9d.mp3
klarweg-audio/public/audio/words/female/4bfacbaf9dbb4fc4.mp3,klarweg-audio-cdn/audio/female/4bfacbaf9dbb4fc4.mp3
klarweg-audio/public/audio/words/male/4bfacbaf9dbb4fc4.mp3,klarweg-audio-cdn/audio/male/4bfacbaf9dbb4fc4.mp3
klarweg-audio/public/audio/words/female/582967534d0f909d.mp3,klarweg-audio-cdn/audio/female/582967534d0f909d.mp3
klarweg-audio/public/audio/words/male/582967534d0f909d.mp3,klarweg-audio-cdn/audio/male/582967534d0f909d.mp3
klarweg-audio/public/audio/words/female/736786650b5218f8.mp3,klarweg-audio-cdn/audio/female/736786650b5218f8.mp3
klarweg-audio/public/audio/words/male/736786650b5218f8.mp3,klarweg-audio-cdn/audio/male/736786650b5218f8.mp3
klarweg-audio/public/audio/words/female/c1e1113949a3ad24.mp3,klarweg-audio-cdn/audio/female/c1e1113949a3ad24.mp3
klarweg-audio/public/audio/words/male/c1e1113949a3ad24.mp3,klarweg-audio-cdn/audio/male/c1e1113949a3ad24.mp3
klarweg-audio/public/audio/words/female/b68adaf4570dfa32.mp3,klarweg-audio-cdn/audio/female/b68adaf4570dfa32.mp3
klarweg-audio/public/audio/words/male/b68adaf4570dfa32.mp3,klarweg-audio-cdn/audio/male/b68adaf4570dfa32.mp3
klarweg-audio/public/audio/words/female/851bde532ce52a0f.mp3,klarweg-audio-cdn/audio/female/851bde532ce52a0f.mp3
klarweg-audio/public/audio/words/male/851bde532ce52a0f.mp3,klarweg-audio-cdn/audio/male/851bde532ce52a0f.mp3
klarweg-audio/public/audio/words/female/1e36dbdb0bbbdcc2.mp3,klarweg-audio-cdn/audio/female/1e36dbdb0bbbdcc2.mp3
klarweg-audio/public/audio/words/male/1e36dbdb0bbbdcc2.mp3,klarweg-audio-cdn/audio/male/1e36dbdb0bbbdcc2.mp3
klarweg-audio/public/audio/words/female/09b9075f3cb4144c.mp3,klarweg-audio-cdn/audio/female/09b9075f3cb4144c.mp3
klarweg-audio/public/audio/words/male/09b9075f3cb4144c.mp3,klarweg-audio-cdn/audio/male/09b9075f3cb4144c.mp3
klarweg-audio/public/audio/words/female/e239bf96faceb797.mp3,klarweg-audio-cdn/audio/female/e239bf96faceb797.mp3
klarweg-audio/public/audio/words/male/e239bf96faceb797.mp3,klarweg-audio-cdn/audio/male/e239bf96faceb797.mp3
klarweg-audio/public/audio/words/female/491dc64a66bfd357.mp3,klarweg-audio-cdn/audio/female/491dc64a66bfd357.mp3
klarweg-audio/public/audio/words/male/491dc64a66bfd357.mp3,klarweg-audio-cdn/audio/male/491dc64a66bfd357.mp3
klarweg-audio/public/audio/words/female/3702fc1866630796.mp3,klarweg-audio-cdn/audio/female/3702fc1866630796.mp3
klarweg-audio/public/audio/words/male/3702fc1866630796.mp3,klarweg-audio-cdn/audio/male/3702fc1866630796.mp3
klarweg-audio/public/audio/words/female/647294383b2cbc24.mp3,klarweg-audio-cdn/audio/female/647294383b2cbc24.mp3
klarweg-audio/public/audio/words/male/647294383b2cbc24.mp3,klarweg-audio-cdn/audio/male/647294383b2cbc24.mp3
klarweg-audio/public/audio/words/female/0980ea12ff398fdb.mp3,klarweg-audio-cdn/audio/female/0980ea12ff398fdb.mp3
klarweg-audio/public/audio/words/male/0980ea12ff398fdb.mp3,klarweg-audio-cdn/audio/male/0980ea12ff398fdb.mp3
klarweg-audio/public/audio/words/female/a4d13c3d6230a1c7.mp3,klarweg-audio-cdn/audio/female/a4d13c3d6230a1c7.mp3
klarweg-audio/public/audio/words/male/a4d13c3d6230a1c7.mp3,klarweg-audio-cdn/audio/male/a4d13c3d6230a1c7.mp3
klarweg-audio/public/audio/words/female/004670a98825ca91.mp3,klarweg-audio-cdn/audio/female/004670a98825ca91.mp3
klarweg-audio/public/audio/words/male/004670a98825ca91.mp3,klarweg-audio-cdn/audio/male/004670a98825ca91.mp3
klarweg-audio/public/audio/words/female/f1c98ccb91d3bc7f.mp3,klarweg-audio-cdn/audio/female/f1c98ccb91d3bc7f.mp3
klarweg-audio/public/audio/words/male/f1c98ccb91d3bc7f.mp3,klarweg-audio-cdn/audio/male/f1c98ccb91d3bc7f.mp3
klarweg-audio/public/audio/words/female/4238db27a4cd4e5f.mp3,klarweg-audio-cdn/audio/female/4238db27a4cd4e5f.mp3
klarweg-audio/public/audio/words/male/4238db27a4cd4e5f.mp3,klarweg-audio-cdn/audio/male/4238db27a4cd4e5f.mp3
klarweg-audio/public/audio/words/female/85b37832ed953d79.mp3,klarweg-audio-cdn/audio/female/85b37832ed953d79.mp3
klarweg-audio/public/audio/words/male/85b37832ed953d79.mp3,klarweg-audio-cdn/audio/male/85b37832ed953d79.mp3
klarweg-audio/public/audio/words/female/9490bac85511b72a.mp3,klarweg-audio-cdn/audio/female/9490bac85511b72a.mp3
klarweg-audio/public/audio/words/male/9490bac85511b72a.mp3,klarweg-audio-cdn/audio/male/9490bac85511b72a.mp3
klarweg-audio/public/audio/words/female/ae5a7b6a60c2cc08.mp3,klarweg-audio-cdn/audio/female/ae5a7b6a60c2cc08.mp3
klarweg-audio/public/audio/words/male/ae5a7b6a60c2cc08.mp3,klarweg-audio-cdn/audio/male/ae5a7b6a60c2cc08.mp3
klarweg-audio/public/audio/words/female/cf8fdc38e79ee228.mp3,klarweg-audio-cdn/audio/female/cf8fdc38e79ee228.mp3
klarweg-audio/public/audio/words/male/cf8fdc38e79ee228.mp3,klarweg-audio-cdn/audio/male/cf8fdc38e79ee228.mp3
klarweg-audio/public/audio/words/female/de2278dc9494c182.mp3,klarweg-audio-cdn/audio/female/de2278dc9494c182.mp3
klarweg-audio/public/audio/words/male/de2278dc9494c182.mp3,klarweg-audio-cdn/audio/male/de2278dc9494c182.mp3
klarweg-audio/public/audio/words/female/0513c03e2a5a2807.mp3,klarweg-audio-cdn/audio/female/0513c03e2a5a2807.mp3
klarweg-audio/public/audio/words/male/0513c03e2a5a2807.mp3,klarweg-audio-cdn/audio/male/0513c03e2a5a2807.mp3
klarweg-audio/public/audio/words/female/168ec2b7d6cc9e85.mp3,klarweg-audio-cdn/audio/female/168ec2b7d6cc9e85.mp3
klarweg-audio/public/audio/words/male/168ec2b7d6cc9e85.mp3,klarweg-audio-cdn/audio/male/168ec2b7d6cc9e85.mp3
klarweg-audio/public/audio/words/female/1fdf049a57f40ff4.mp3,klarweg-audio-cdn/audio/female/1fdf049a57f40ff4.mp3
klarweg-audio/public/audio/words/male/1fdf049a57f40ff4.mp3,klarweg-audio-cdn/audio/male/1fdf049a57f40ff4.mp3
klarweg-audio/public/audio/words/female/88d249ad1f43ec3d.mp3,klarweg-audio-cdn/audio/female/88d249ad1f43ec3d.mp3
klarweg-audio/public/audio/words/male/88d249ad1f43ec3d.mp3,klarweg-audio-cdn/audio/male/88d249ad1f43ec3d.mp3
klarweg-audio/public/audio/words/female/4777a22201988c5b.mp3,klarweg-audio-cdn/audio/female/4777a22201988c5b.mp3
klarweg-audio/public/audio/words/male/4777a22201988c5b.mp3,klarweg-audio-cdn/audio/male/4777a22201988c5b.mp3
klarweg-audio/public/audio/words/female/7acc87e94231b64a.mp3,klarweg-audio-cdn/audio/female/7acc87e94231b64a.mp3
klarweg-audio/public/audio/words/male/7acc87e94231b64a.mp3,klarweg-audio-cdn/audio/male/7acc87e94231b64a.mp3
klarweg-audio/public/audio/words/female/29ef516c6397dbdb.mp3,klarweg-audio-cdn/audio/female/29ef516c6397dbdb.mp3
klarweg-audio/public/audio/words/male/29ef516c6397dbdb.mp3,klarweg-audio-cdn/audio/male/29ef516c6397dbdb.mp3
klarweg-audio/public/audio/words/female/813b6c181061cdf5.mp3,klarweg-audio-cdn/audio/female/813b6c181061cdf5.mp3
klarweg-audio/public/audio/words/male/813b6c181061cdf5.mp3,klarweg-audio-cdn/audio/male/813b6c181061cdf5.mp3
klarweg-audio/public/audio/words/female/9bbc28d7306fc593.mp3,klarweg-audio-cdn/audio/female/9bbc28d7306fc593.mp3
klarweg-audio/public/audio/words/male/9bbc28d7306fc593.mp3,klarweg-audio-cdn/audio/male/9bbc28d7306fc593.mp3
klarweg-audio/public/audio/words/female/792dec02ae3cea38.mp3,klarweg-audio-cdn/audio/female/792dec02ae3cea38.mp3
klarweg-audio/public/audio/words/male/792dec02ae3cea38.mp3,klarweg-audio-cdn/audio/male/792dec02ae3cea38.mp3
klarweg-audio/public/audio/words/female/860c7d1f5c757ddb.mp3,klarweg-audio-cdn/audio/female/860c7d1f5c757ddb.mp3
klarweg-audio/public/audio/words/male/860c7d1f5c757ddb.mp3,klarweg-audio-cdn/audio/male/860c7d1f5c757ddb.mp3
klarweg-audio/public/audio/words/female/b830fb575cc12e2c.mp3,klarweg-audio-cdn/audio/female/b830fb575cc12e2c.mp3
klarweg-audio/public/audio/words/male/b830fb575cc12e2c.mp3,klarweg-audio-cdn/audio/male/b830fb575cc12e2c.mp3
klarweg-audio/public/audio/words/female/2dfff992926eae30.mp3,klarweg-audio-cdn/audio/female/2dfff992926eae30.mp3
klarweg-audio/public/audio/words/male/2dfff992926eae30.mp3,klarweg-audio-cdn/audio/male/2dfff992926eae30.mp3
klarweg-audio/public/audio/words/female/5cf7d7ec1cb5c221.mp3,klarweg-audio-cdn/audio/female/5cf7d7ec1cb5c221.mp3
klarweg-audio/public/audio/words/male/5cf7d7ec1cb5c221.mp3,klarweg-audio-cdn/audio/male/5cf7d7ec1cb5c221.mp3
klarweg-audio/public/audio/words/female/24e714d3444cfdc5.mp3,klarweg-audio-cdn/audio/female/24e714d3444cfdc5.mp3
klarweg-audio/public/audio/words/male/24e714d3444cfdc5.mp3,klarweg-audio-cdn/audio/male/24e714d3444cfdc5.mp3
klarweg-audio/public/audio/words/female/bf8daa5f14f80bd0.mp3,klarweg-audio-cdn/audio/female/bf8daa5f14f80bd0.mp3
klarweg-audio/public/audio/words/male/bf8daa5f14f80bd0.mp3,klarweg-audio-cdn/audio/male/bf8daa5f14f80bd0.mp3
klarweg-audio/public/audio/words/female/9fc1ed826ec0c3d3.mp3,klarweg-audio-cdn/audio/female/9fc1ed826ec0c3d3.mp3
klarweg-audio/public/audio/words/male/9fc1ed826ec0c3d3.mp3,klarweg-audio-cdn/audio/male/9fc1ed826ec0c3d3.mp3
klarweg-audio/public/audio/words/female/205da71dcabbb114.mp3,klarweg-audio-cdn/audio/female/205da71dcabbb114.mp3
klarweg-audio/public/audio/words/male/205da71dcabbb114.mp3,klarweg-audio-cdn/audio/male/205da71dcabbb114.mp3
klarweg-audio/public/audio/words/female/3a1a7839bab1137b.mp3,klarweg-audio-cdn/audio/female/3a1a7839bab1137b.mp3
klarweg-audio/public/audio/words/male/3a1a7839bab1137b.mp3,klarweg-audio-cdn/audio/male/3a1a7839bab1137b.mp3
klarweg-audio/public/audio/words/female/91173dad46b7dd77.mp3,klarweg-audio-cdn/audio/female/91173dad46b7dd77.mp3
klarweg-audio/public/audio/words/male/91173dad46b7dd77.mp3,klarweg-audio-cdn/audio/male/91173dad46b7dd77.mp3
klarweg-audio/public/audio/words/female/f13f8e16a9f744f0.mp3,klarweg-audio-cdn/audio/female/f13f8e16a9f744f0.mp3
klarweg-audio/public/audio/words/male/f13f8e16a9f744f0.mp3,klarweg-audio-cdn/audio/male/f13f8e16a9f744f0.mp3
klarweg-audio/public/audio/words/female/f0222e7b74e6e956.mp3,klarweg-audio-cdn/audio/female/f0222e7b74e6e956.mp3
klarweg-audio/public/audio/words/male/f0222e7b74e6e956.mp3,klarweg-audio-cdn/audio/male/f0222e7b74e6e956.mp3
klarweg-audio/public/audio/words/female/0fd942363abc7027.mp3,klarweg-audio-cdn/audio/female/0fd942363abc7027.mp3
klarweg-audio/public/audio/words/male/0fd942363abc7027.mp3,klarweg-audio-cdn/audio/male/0fd942363abc7027.mp3
klarweg-audio/public/audio/words/female/26a23db02f8135a9.mp3,klarweg-audio-cdn/audio/female/26a23db02f8135a9.mp3
klarweg-audio/public/audio/words/male/26a23db02f8135a9.mp3,klarweg-audio-cdn/audio/male/26a23db02f8135a9.mp3
klarweg-audio/public/audio/words/female/72745a9aaa8a0574.mp3,klarweg-audio-cdn/audio/female/72745a9aaa8a0574.mp3
klarweg-audio/public/audio/words/male/72745a9aaa8a0574.mp3,klarweg-audio-cdn/audio/male/72745a9aaa8a0574.mp3
klarweg-audio/public/audio/words/female/9508201864adb962.mp3,klarweg-audio-cdn/audio/female/9508201864adb962.mp3
klarweg-audio/public/audio/words/male/9508201864adb962.mp3,klarweg-audio-cdn/audio/male/9508201864adb962.mp3
klarweg-audio/public/audio/words/female/7637b6f35b24e209.mp3,klarweg-audio-cdn/audio/female/7637b6f35b24e209.mp3
klarweg-audio/public/audio/words/male/7637b6f35b24e209.mp3,klarweg-audio-cdn/audio/male/7637b6f35b24e209.mp3
klarweg-audio/public/audio/words/female/9d269ad85b2202e5.mp3,klarweg-audio-cdn/audio/female/9d269ad85b2202e5.mp3
klarweg-audio/public/audio/words/male/9d269ad85b2202e5.mp3,klarweg-audio-cdn/audio/male/9d269ad85b2202e5.mp3
klarweg-audio/public/audio/words/female/0225ff1e1289ffe4.mp3,klarweg-audio-cdn/audio/female/0225ff1e1289ffe4.mp3
klarweg-audio/public/audio/words/male/0225ff1e1289ffe4.mp3,klarweg-audio-cdn/audio/male/0225ff1e1289ffe4.mp3
klarweg-audio/public/audio/words/female/e6ae6e617178aca2.mp3,klarweg-audio-cdn/audio/female/e6ae6e617178aca2.mp3
klarweg-audio/public/audio/words/male/e6ae6e617178aca2.mp3,klarweg-audio-cdn/audio/male/e6ae6e617178aca2.mp3
klarweg-audio/public/audio/words/female/eef8b9fd5d437dd9.mp3,klarweg-audio-cdn/audio/female/eef8b9fd5d437dd9.mp3
klarweg-audio/public/audio/words/male/eef8b9fd5d437dd9.mp3,klarweg-audio-cdn/audio/male/eef8b9fd5d437dd9.mp3
klarweg-audio/public/audio/words/female/7c1b4f5465201d55.mp3,klarweg-audio-cdn/audio/female/7c1b4f5465201d55.mp3
klarweg-audio/public/audio/words/male/7c1b4f5465201d55.mp3,klarweg-audio-cdn/audio/male/7c1b4f5465201d55.mp3
klarweg-audio/public/audio/words/female/0e22ec416abab1d1.mp3,klarweg-audio-cdn/audio/female/0e22ec416abab1d1.mp3
klarweg-audio/public/audio/words/male/0e22ec416abab1d1.mp3,klarweg-audio-cdn/audio/male/0e22ec416abab1d1.mp3
klarweg-audio/public/audio/words/female/57de210fc50265eb.mp3,klarweg-audio-cdn/audio/female/57de210fc50265eb.mp3
klarweg-audio/public/audio/words/male/57de210fc50265eb.mp3,klarweg-audio-cdn/audio/male/57de210fc50265eb.mp3
klarweg-audio/public/audio/words/female/66cf042eb95cec13.mp3,klarweg-audio-cdn/audio/female/66cf042eb95cec13.mp3
klarweg-audio/public/audio/words/male/66cf042eb95cec13.mp3,klarweg-audio-cdn/audio/male/66cf042eb95cec13.mp3
klarweg-audio/public/audio/words/female/43b627b12e19428e.mp3,klarweg-audio-cdn/audio/female/43b627b12e19428e.mp3
klarweg-audio/public/audio/words/male/43b627b12e19428e.mp3,klarweg-audio-cdn/audio/male/43b627b12e19428e.mp3
klarweg-audio/public/audio/words/female/48b676e2b107da67.mp3,klarweg-audio-cdn/audio/female/48b676e2b107da67.mp3
klarweg-audio/public/audio/words/male/48b676e2b107da67.mp3,klarweg-audio-cdn/audio/male/48b676e2b107da67.mp3
klarweg-audio/public/audio/words/female/bc1fbecf3a4b5e30.mp3,klarweg-audio-cdn/audio/female/bc1fbecf3a4b5e30.mp3
klarweg-audio/public/audio/words/male/bc1fbecf3a4b5e30.mp3,klarweg-audio-cdn/audio/male/bc1fbecf3a4b5e30.mp3
klarweg-audio/public/audio/words/female/c1e0a9a9f71d9ff9.mp3,klarweg-audio-cdn/audio/female/c1e0a9a9f71d9ff9.mp3
klarweg-audio/public/audio/words/male/c1e0a9a9f71d9ff9.mp3,klarweg-audio-cdn/audio/male/c1e0a9a9f71d9ff9.mp3
klarweg-audio/public/audio/words/female/ab9dd2ac725dbd43.mp3,klarweg-audio-cdn/audio/female/ab9dd2ac725dbd43.mp3
klarweg-audio/public/audio/words/male/ab9dd2ac725dbd43.mp3,klarweg-audio-cdn/audio/male/ab9dd2ac725dbd43.mp3
klarweg-audio/public/audio/words/female/6f9f46ee048b1595.mp3,klarweg-audio-cdn/audio/female/6f9f46ee048b1595.mp3
klarweg-audio/public/audio/words/male/6f9f46ee048b1595.mp3,klarweg-audio-cdn/audio/male/6f9f46ee048b1595.mp3
klarweg-audio/public/audio/words/female/80129312224fd856.mp3,klarweg-audio-cdn/audio/female/80129312224fd856.mp3
klarweg-audio/public/audio/words/male/80129312224fd856.mp3,klarweg-audio-cdn/audio/male/80129312224fd856.mp3
klarweg-audio/public/audio/words/female/30e3fa436f43745d.mp3,klarweg-audio-cdn/audio/female/30e3fa436f43745d.mp3
klarweg-audio/public/audio/words/male/30e3fa436f43745d.mp3,klarweg-audio-cdn/audio/male/30e3fa436f43745d.mp3
klarweg-audio/public/audio/words/female/70d97a717bcc53fe.mp3,klarweg-audio-cdn/audio/female/70d97a717bcc53fe.mp3
klarweg-audio/public/audio/words/male/70d97a717bcc53fe.mp3,klarweg-audio-cdn/audio/male/70d97a717bcc53fe.mp3
klarweg-audio/public/audio/words/female/86ff56b76a4f08a8.mp3,klarweg-audio-cdn/audio/female/86ff56b76a4f08a8.mp3
klarweg-audio/public/audio/words/male/86ff56b76a4f08a8.mp3,klarweg-audio-cdn/audio/male/86ff56b76a4f08a8.mp3
klarweg-audio/public/audio/words/female/9ba83425aa7fb530.mp3,klarweg-audio-cdn/audio/female/9ba83425aa7fb530.mp3
klarweg-audio/public/audio/words/male/9ba83425aa7fb530.mp3,klarweg-audio-cdn/audio/male/9ba83425aa7fb530.mp3
klarweg-audio/public/audio/words/female/115e3191eadcd2fa.mp3,klarweg-audio-cdn/audio/female/115e3191eadcd2fa.mp3
klarweg-audio/public/audio/words/male/115e3191eadcd2fa.mp3,klarweg-audio-cdn/audio/male/115e3191eadcd2fa.mp3
klarweg-audio/public/audio/words/female/9e29a5d6c79c60fe.mp3,klarweg-audio-cdn/audio/female/9e29a5d6c79c60fe.mp3
klarweg-audio/public/audio/words/male/9e29a5d6c79c60fe.mp3,klarweg-audio-cdn/audio/male/9e29a5d6c79c60fe.mp3
klarweg-audio/public/audio/words/female/2e177046bb7b0eb1.mp3,klarweg-audio-cdn/audio/female/2e177046bb7b0eb1.mp3
klarweg-audio/public/audio/words/male/2e177046bb7b0eb1.mp3,klarweg-audio-cdn/audio/male/2e177046bb7b0eb1.mp3
klarweg-audio/public/audio/words/female/9374ca4cb8941b2e.mp3,klarweg-audio-cdn/audio/female/9374ca4cb8941b2e.mp3
klarweg-audio/public/audio/words/male/9374ca4cb8941b2e.mp3,klarweg-audio-cdn/audio/male/9374ca4cb8941b2e.mp3
klarweg-audio/public/audio/words/female/b34910e0680661db.mp3,klarweg-audio-cdn/audio/female/b34910e0680661db.mp3
klarweg-audio/public/audio/words/male/b34910e0680661db.mp3,klarweg-audio-cdn/audio/male/b34910e0680661db.mp3
klarweg-audio/public/audio/words/female/0d1ef3908454fc02.mp3,klarweg-audio-cdn/audio/female/0d1ef3908454fc02.mp3
klarweg-audio/public/audio/words/male/0d1ef3908454fc02.mp3,klarweg-audio-cdn/audio/male/0d1ef3908454fc02.mp3
klarweg-audio/public/audio/words/female/b4eb1c41192811ae.mp3,klarweg-audio-cdn/audio/female/b4eb1c41192811ae.mp3
klarweg-audio/public/audio/words/male/b4eb1c41192811ae.mp3,klarweg-audio-cdn/audio/male/b4eb1c41192811ae.mp3
klarweg-audio/public/audio/words/female/129fa7713adba71e.mp3,klarweg-audio-cdn/audio/female/129fa7713adba71e.mp3
klarweg-audio/public/audio/words/male/129fa7713adba71e.mp3,klarweg-audio-cdn/audio/male/129fa7713adba71e.mp3
klarweg-audio/public/audio/words/female/6b8b22a2f91f0432.mp3,klarweg-audio-cdn/audio/female/6b8b22a2f91f0432.mp3
klarweg-audio/public/audio/words/male/6b8b22a2f91f0432.mp3,klarweg-audio-cdn/audio/male/6b8b22a2f91f0432.mp3
klarweg-audio/public/audio/words/female/78198e7ab262449a.mp3,klarweg-audio-cdn/audio/female/78198e7ab262449a.mp3
klarweg-audio/public/audio/words/male/78198e7ab262449a.mp3,klarweg-audio-cdn/audio/male/78198e7ab262449a.mp3
klarweg-audio/public/audio/words/female/18b85bf570a1a3e0.mp3,klarweg-audio-cdn/audio/female/18b85bf570a1a3e0.mp3
klarweg-audio/public/audio/words/male/18b85bf570a1a3e0.mp3,klarweg-audio-cdn/audio/male/18b85bf570a1a3e0.mp3
klarweg-audio/public/audio/words/female/467b23719c701413.mp3,klarweg-audio-cdn/audio/female/467b23719c701413.mp3
klarweg-audio/public/audio/words/male/467b23719c701413.mp3,klarweg-audio-cdn/audio/male/467b23719c701413.mp3
klarweg-audio/public/audio/words/female/f62e2af9ad0c6036.mp3,klarweg-audio-cdn/audio/female/f62e2af9ad0c6036.mp3
klarweg-audio/public/audio/words/male/f62e2af9ad0c6036.mp3,klarweg-audio-cdn/audio/male/f62e2af9ad0c6036.mp3
klarweg-audio/public/audio/words/female/2d0a20da693aeab3.mp3,klarweg-audio-cdn/audio/female/2d0a20da693aeab3.mp3
klarweg-audio/public/audio/words/male/2d0a20da693aeab3.mp3,klarweg-audio-cdn/audio/male/2d0a20da693aeab3.mp3
klarweg-audio/public/audio/words/female/e3db3c0f8a245265.mp3,klarweg-audio-cdn/audio/female/e3db3c0f8a245265.mp3
klarweg-audio/public/audio/words/male/e3db3c0f8a245265.mp3,klarweg-audio-cdn/audio/male/e3db3c0f8a245265.mp3
klarweg-audio/public/audio/words/female/49d5bd0983922bdf.mp3,klarweg-audio-cdn/audio/female/49d5bd0983922bdf.mp3
klarweg-audio/public/audio/words/male/49d5bd0983922bdf.mp3,klarweg-audio-cdn/audio/male/49d5bd0983922bdf.mp3
klarweg-audio/public/audio/words/female/fc16201e6366ae0f.mp3,klarweg-audio-cdn/audio/female/fc16201e6366ae0f.mp3
klarweg-audio/public/audio/words/male/fc16201e6366ae0f.mp3,klarweg-audio-cdn/audio/male/fc16201e6366ae0f.mp3
klarweg-audio/public/audio/words/female/1a5a123cb8f98231.mp3,klarweg-audio-cdn/audio/female/1a5a123cb8f98231.mp3
klarweg-audio/public/audio/words/male/1a5a123cb8f98231.mp3,klarweg-audio-cdn/audio/male/1a5a123cb8f98231.mp3
klarweg-audio/public/audio/words/female/d1dcd50f900b4111.mp3,klarweg-audio-cdn/audio/female/d1dcd50f900b4111.mp3
klarweg-audio/public/audio/words/male/d1dcd50f900b4111.mp3,klarweg-audio-cdn/audio/male/d1dcd50f900b4111.mp3
klarweg-audio/public/audio/words/female/da4c4ad8b5593cb8.mp3,klarweg-audio-cdn/audio/female/da4c4ad8b5593cb8.mp3
klarweg-audio/public/audio/words/male/da4c4ad8b5593cb8.mp3,klarweg-audio-cdn/audio/male/da4c4ad8b5593cb8.mp3
klarweg-audio/public/audio/words/female/2500d0ed4d0ea1b3.mp3,klarweg-audio-cdn/audio/female/2500d0ed4d0ea1b3.mp3
klarweg-audio/public/audio/words/male/2500d0ed4d0ea1b3.mp3,klarweg-audio-cdn/audio/male/2500d0ed4d0ea1b3.mp3
klarweg-audio/public/audio/words/female/bc629b4732723887.mp3,klarweg-audio-cdn/audio/female/bc629b4732723887.mp3
klarweg-audio/public/audio/words/male/bc629b4732723887.mp3,klarweg-audio-cdn/audio/male/bc629b4732723887.mp3
klarweg-audio/public/audio/words/female/eb26d4fa531af429.mp3,klarweg-audio-cdn/audio/female/eb26d4fa531af429.mp3
klarweg-audio/public/audio/words/male/eb26d4fa531af429.mp3,klarweg-audio-cdn/audio/male/eb26d4fa531af429.mp3
klarweg-audio/public/audio/words/female/e05d2c34c31c0d25.mp3,klarweg-audio-cdn/audio/female/e05d2c34c31c0d25.mp3
klarweg-audio/public/audio/words/male/e05d2c34c31c0d25.mp3,klarweg-audio-cdn/audio/male/e05d2c34c31c0d25.mp3
klarweg-audio/public/audio/words/female/2b7186b5bfe89b06.mp3,klarweg-audio-cdn/audio/female/2b7186b5bfe89b06.mp3
klarweg-audio/public/audio/words/male/2b7186b5bfe89b06.mp3,klarweg-audio-cdn/audio/male/2b7186b5bfe89b06.mp3
klarweg-audio/public/audio/words/female/5e6e2b33d6e8ae85.mp3,klarweg-audio-cdn/audio/female/5e6e2b33d6e8ae85.mp3
klarweg-audio/public/audio/words/male/5e6e2b33d6e8ae85.mp3,klarweg-audio-cdn/audio/male/5e6e2b33d6e8ae85.mp3
klarweg-audio/public/audio/words/female/d941a36dbe67051b.mp3,klarweg-audio-cdn/audio/female/d941a36dbe67051b.mp3
klarweg-audio/public/audio/words/male/d941a36dbe67051b.mp3,klarweg-audio-cdn/audio/male/d941a36dbe67051b.mp3
klarweg-audio/public/audio/words/female/962fdc0677ccfa0e.mp3,klarweg-audio-cdn/audio/female/962fdc0677ccfa0e.mp3
klarweg-audio/public/audio/words/male/962fdc0677ccfa0e.mp3,klarweg-audio-cdn/audio/male/962fdc0677ccfa0e.mp3
klarweg-audio/public/audio/words/female/d054bbd6a8f8bc1c.mp3,klarweg-audio-cdn/audio/female/d054bbd6a8f8bc1c.mp3
klarweg-audio/public/audio/words/male/d054bbd6a8f8bc1c.mp3,klarweg-audio-cdn/audio/male/d054bbd6a8f8bc1c.mp3
klarweg-audio/public/audio/words/female/fed880d0cd4f54e0.mp3,klarweg-audio-cdn/audio/female/fed880d0cd4f54e0.mp3
klarweg-audio/public/audio/words/male/fed880d0cd4f54e0.mp3,klarweg-audio-cdn/audio/male/fed880d0cd4f54e0.mp3
klarweg-audio/public/audio/words/female/fd90f9badbff2b8f.mp3,klarweg-audio-cdn/audio/female/fd90f9badbff2b8f.mp3
klarweg-audio/public/audio/words/male/fd90f9badbff2b8f.mp3,klarweg-audio-cdn/audio/male/fd90f9badbff2b8f.mp3
klarweg-audio/public/audio/words/female/61207e91a62aeb53.mp3,klarweg-audio-cdn/audio/female/61207e91a62aeb53.mp3
klarweg-audio/public/audio/words/male/61207e91a62aeb53.mp3,klarweg-audio-cdn/audio/male/61207e91a62aeb53.mp3
klarweg-audio/public/audio/words/female/14399e48ef8d5cc2.mp3,klarweg-audio-cdn/audio/female/14399e48ef8d5cc2.mp3
klarweg-audio/public/audio/words/male/14399e48ef8d5cc2.mp3,klarweg-audio-cdn/audio/male/14399e48ef8d5cc2.mp3
klarweg-audio/public/audio/words/female/fe8552ece02fa7a4.mp3,klarweg-audio-cdn/audio/female/fe8552ece02fa7a4.mp3
klarweg-audio/public/audio/words/male/fe8552ece02fa7a4.mp3,klarweg-audio-cdn/audio/male/fe8552ece02fa7a4.mp3
klarweg-audio/public/audio/words/female/8d31784680164d41.mp3,klarweg-audio-cdn/audio/female/8d31784680164d41.mp3
klarweg-audio/public/audio/words/male/8d31784680164d41.mp3,klarweg-audio-cdn/audio/male/8d31784680164d41.mp3
klarweg-audio/public/audio/words/female/4d03db393cf10c84.mp3,klarweg-audio-cdn/audio/female/4d03db393cf10c84.mp3
klarweg-audio/public/audio/words/male/4d03db393cf10c84.mp3,klarweg-audio-cdn/audio/male/4d03db393cf10c84.mp3
klarweg-audio/public/audio/words/female/6233d70a7147a643.mp3,klarweg-audio-cdn/audio/female/6233d70a7147a643.mp3
klarweg-audio/public/audio/words/male/6233d70a7147a643.mp3,klarweg-audio-cdn/audio/male/6233d70a7147a643.mp3
klarweg-audio/public/audio/words/female/d6250021d71ab363.mp3,klarweg-audio-cdn/audio/female/d6250021d71ab363.mp3
klarweg-audio/public/audio/words/male/d6250021d71ab363.mp3,klarweg-audio-cdn/audio/male/d6250021d71ab363.mp3
klarweg-audio/public/audio/words/female/d5b7e81295ca0471.mp3,klarweg-audio-cdn/audio/female/d5b7e81295ca0471.mp3
klarweg-audio/public/audio/words/male/d5b7e81295ca0471.mp3,klarweg-audio-cdn/audio/male/d5b7e81295ca0471.mp3
klarweg-audio/public/audio/words/female/628c0cd262e63b2d.mp3,klarweg-audio-cdn/audio/female/628c0cd262e63b2d.mp3
klarweg-audio/public/audio/words/male/628c0cd262e63b2d.mp3,klarweg-audio-cdn/audio/male/628c0cd262e63b2d.mp3
klarweg-audio/public/audio/words/female/06385de71001e523.mp3,klarweg-audio-cdn/audio/female/06385de71001e523.mp3
klarweg-audio/public/audio/words/male/06385de71001e523.mp3,klarweg-audio-cdn/audio/male/06385de71001e523.mp3
klarweg-audio/public/audio/words/female/38ed1bfd317f6615.mp3,klarweg-audio-cdn/audio/female/38ed1bfd317f6615.mp3
klarweg-audio/public/audio/words/male/38ed1bfd317f6615.mp3,klarweg-audio-cdn/audio/male/38ed1bfd317f6615.mp3
klarweg-audio/public/audio/words/female/03b2fc370c7ee882.mp3,klarweg-audio-cdn/audio/female/03b2fc370c7ee882.mp3
klarweg-audio/public/audio/words/male/03b2fc370c7ee882.mp3,klarweg-audio-cdn/audio/male/03b2fc370c7ee882.mp3
klarweg-audio/public/audio/words/female/aef301c3545e4418.mp3,klarweg-audio-cdn/audio/female/aef301c3545e4418.mp3
klarweg-audio/public/audio/words/male/aef301c3545e4418.mp3,klarweg-audio-cdn/audio/male/aef301c3545e4418.mp3
klarweg-audio/public/audio/words/female/6a8cd96a4b778934.mp3,klarweg-audio-cdn/audio/female/6a8cd96a4b778934.mp3
klarweg-audio/public/audio/words/male/6a8cd96a4b778934.mp3,klarweg-audio-cdn/audio/male/6a8cd96a4b778934.mp3
klarweg-audio/public/audio/words/female/240fa461ee74af35.mp3,klarweg-audio-cdn/audio/female/240fa461ee74af35.mp3
klarweg-audio/public/audio/words/male/240fa461ee74af35.mp3,klarweg-audio-cdn/audio/male/240fa461ee74af35.mp3
klarweg-audio/public/audio/words/female/c2da96d7c1a7a0f7.mp3,klarweg-audio-cdn/audio/female/c2da96d7c1a7a0f7.mp3
klarweg-audio/public/audio/words/male/c2da96d7c1a7a0f7.mp3,klarweg-audio-cdn/audio/male/c2da96d7c1a7a0f7.mp3
klarweg-audio/public/audio/words/female/7f812985703138c5.mp3,klarweg-audio-cdn/audio/female/7f812985703138c5.mp3
klarweg-audio/public/audio/words/male/7f812985703138c5.mp3,klarweg-audio-cdn/audio/male/7f812985703138c5.mp3
klarweg-audio/public/audio/words/female/cd5b158f21b7588b.mp3,klarweg-audio-cdn/audio/female/cd5b158f21b7588b.mp3
klarweg-audio/public/audio/words/male/cd5b158f21b7588b.mp3,klarweg-audio-cdn/audio/male/cd5b158f21b7588b.mp3
klarweg-audio/public/audio/words/female/a665c12561dff12c.mp3,klarweg-audio-cdn/audio/female/a665c12561dff12c.mp3
klarweg-audio/public/audio/words/male/a665c12561dff12c.mp3,klarweg-audio-cdn/audio/male/a665c12561dff12c.mp3
klarweg-audio/public/audio/words/female/1f9aaa7a1c25923a.mp3,klarweg-audio-cdn/audio/female/1f9aaa7a1c25923a.mp3
klarweg-audio/public/audio/words/male/1f9aaa7a1c25923a.mp3,klarweg-audio-cdn/audio/male/1f9aaa7a1c25923a.mp3
klarweg-audio/public/audio/words/female/11082b184042b42b.mp3,klarweg-audio-cdn/audio/female/11082b184042b42b.mp3
klarweg-audio/public/audio/words/male/11082b184042b42b.mp3,klarweg-audio-cdn/audio/male/11082b184042b42b.mp3
klarweg-audio/public/audio/words/female/317b32c143692b99.mp3,klarweg-audio-cdn/audio/female/317b32c143692b99.mp3
klarweg-audio/public/audio/words/male/317b32c143692b99.mp3,klarweg-audio-cdn/audio/male/317b32c143692b99.mp3
klarweg-audio/public/audio/words/female/20c62e49eaaf34ad.mp3,klarweg-audio-cdn/audio/female/20c62e49eaaf34ad.mp3
klarweg-audio/public/audio/words/male/20c62e49eaaf34ad.mp3,klarweg-audio-cdn/audio/male/20c62e49eaaf34ad.mp3
klarweg-audio/public/audio/words/female/b3b94fab4818c5cc.mp3,klarweg-audio-cdn/audio/female/b3b94fab4818c5cc.mp3
klarweg-audio/public/audio/words/male/b3b94fab4818c5cc.mp3,klarweg-audio-cdn/audio/male/b3b94fab4818c5cc.mp3
klarweg-audio/public/audio/words/female/74234e98afe7498f.mp3,klarweg-audio-cdn/audio/female/74234e98afe7498f.mp3
klarweg-audio/public/audio/words/male/74234e98afe7498f.mp3,klarweg-audio-cdn/audio/male/74234e98afe7498f.mp3
klarweg-audio/public/audio/words/female/7870fc7b98ead909.mp3,klarweg-audio-cdn/audio/female/7870fc7b98ead909.mp3
klarweg-audio/public/audio/words/male/7870fc7b98ead909.mp3,klarweg-audio-cdn/audio/male/7870fc7b98ead909.mp3
klarweg-audio/public/audio/words/female/e9b5b78ab02082e0.mp3,klarweg-audio-cdn/audio/female/e9b5b78ab02082e0.mp3
klarweg-audio/public/audio/words/male/e9b5b78ab02082e0.mp3,klarweg-audio-cdn/audio/male/e9b5b78ab02082e0.mp3
klarweg-audio/public/audio/words/female/bd11495d222bdbf6.mp3,klarweg-audio-cdn/audio/female/bd11495d222bdbf6.mp3
klarweg-audio/public/audio/words/male/bd11495d222bdbf6.mp3,klarweg-audio-cdn/audio/male/bd11495d222bdbf6.mp3
klarweg-audio/public/audio/words/female/b81d9593a3f6c4f7.mp3,klarweg-audio-cdn/audio/female/b81d9593a3f6c4f7.mp3
klarweg-audio/public/audio/words/male/b81d9593a3f6c4f7.mp3,klarweg-audio-cdn/audio/male/b81d9593a3f6c4f7.mp3
klarweg-audio/public/audio/words/female/c0615f5d25bcf7be.mp3,klarweg-audio-cdn/audio/female/c0615f5d25bcf7be.mp3
klarweg-audio/public/audio/words/male/c0615f5d25bcf7be.mp3,klarweg-audio-cdn/audio/male/c0615f5d25bcf7be.mp3
klarweg-audio/public/audio/words/female/8e2c7ac508139a02.mp3,klarweg-audio-cdn/audio/female/8e2c7ac508139a02.mp3
klarweg-audio/public/audio/words/male/8e2c7ac508139a02.mp3,klarweg-audio-cdn/audio/male/8e2c7ac508139a02.mp3
klarweg-audio/public/audio/words/female/8d1290503a08cb98.mp3,klarweg-audio-cdn/audio/female/8d1290503a08cb98.mp3
klarweg-audio/public/audio/words/male/8d1290503a08cb98.mp3,klarweg-audio-cdn/audio/male/8d1290503a08cb98.mp3
klarweg-audio/public/audio/words/female/c53a0674de4ba784.mp3,klarweg-audio-cdn/audio/female/c53a0674de4ba784.mp3
klarweg-audio/public/audio/words/male/c53a0674de4ba784.mp3,klarweg-audio-cdn/audio/male/c53a0674de4ba784.mp3
klarweg-audio/public/audio/words/female/6a581ee901185606.mp3,klarweg-audio-cdn/audio/female/6a581ee901185606.mp3
klarweg-audio/public/audio/words/male/6a581ee901185606.mp3,klarweg-audio-cdn/audio/male/6a581ee901185606.mp3
klarweg-audio/public/audio/words/female/f6fc84c9f21c2490.mp3,klarweg-audio-cdn/audio/female/f6fc84c9f21c2490.mp3
klarweg-audio/public/audio/words/male/f6fc84c9f21c2490.mp3,klarweg-audio-cdn/audio/male/f6fc84c9f21c2490.mp3
klarweg-audio/public/audio/words/female/1b4c9133da73a711.mp3,klarweg-audio-cdn/audio/female/1b4c9133da73a711.mp3
klarweg-audio/public/audio/words/male/1b4c9133da73a711.mp3,klarweg-audio-cdn/audio/male/1b4c9133da73a711.mp3
klarweg-audio/public/audio/words/female/c0522b061d4ca9ce.mp3,klarweg-audio-cdn/audio/female/c0522b061d4ca9ce.mp3
klarweg-audio/public/audio/words/male/c0522b061d4ca9ce.mp3,klarweg-audio-cdn/audio/male/c0522b061d4ca9ce.mp3
klarweg-audio/public/audio/words/female/d767a21a25461095.mp3,klarweg-audio-cdn/audio/female/d767a21a25461095.mp3
klarweg-audio/public/audio/words/male/d767a21a25461095.mp3,klarweg-audio-cdn/audio/male/d767a21a25461095.mp3
klarweg-audio/public/audio/words/female/b1b763860d4f30c2.mp3,klarweg-audio-cdn/audio/female/b1b763860d4f30c2.mp3
klarweg-audio/public/audio/words/male/b1b763860d4f30c2.mp3,klarweg-audio-cdn/audio/male/b1b763860d4f30c2.mp3
klarweg-audio/public/audio/words/female/69bcbd7ffad79ac7.mp3,klarweg-audio-cdn/audio/female/69bcbd7ffad79ac7.mp3
klarweg-audio/public/audio/words/male/69bcbd7ffad79ac7.mp3,klarweg-audio-cdn/audio/male/69bcbd7ffad79ac7.mp3
klarweg-audio/public/audio/words/female/3aff2d0b9afd3ad0.mp3,klarweg-audio-cdn/audio/female/3aff2d0b9afd3ad0.mp3
klarweg-audio/public/audio/words/male/3aff2d0b9afd3ad0.mp3,klarweg-audio-cdn/audio/male/3aff2d0b9afd3ad0.mp3
klarweg-audio/public/audio/words/female/2576acef43122ced.mp3,klarweg-audio-cdn/audio/female/2576acef43122ced.mp3
klarweg-audio/public/audio/words/male/2576acef43122ced.mp3,klarweg-audio-cdn/audio/male/2576acef43122ced.mp3
klarweg-audio/public/audio/words/female/2ad23d52745b2f93.mp3,klarweg-audio-cdn/audio/female/2ad23d52745b2f93.mp3
klarweg-audio/public/audio/words/male/2ad23d52745b2f93.mp3,klarweg-audio-cdn/audio/male/2ad23d52745b2f93.mp3
klarweg-audio/public/audio/words/female/be90a010f80db4c7.mp3,klarweg-audio-cdn/audio/female/be90a010f80db4c7.mp3
klarweg-audio/public/audio/words/male/be90a010f80db4c7.mp3,klarweg-audio-cdn/audio/male/be90a010f80db4c7.mp3
klarweg-audio/public/audio/words/female/7dad0d9d765d65b1.mp3,klarweg-audio-cdn/audio/female/7dad0d9d765d65b1.mp3
klarweg-audio/public/audio/words/male/7dad0d9d765d65b1.mp3,klarweg-audio-cdn/audio/male/7dad0d9d765d65b1.mp3
klarweg-audio/public/audio/words/female/383ef36928344f56.mp3,klarweg-audio-cdn/audio/female/383ef36928344f56.mp3
klarweg-audio/public/audio/words/male/383ef36928344f56.mp3,klarweg-audio-cdn/audio/male/383ef36928344f56.mp3
klarweg-audio/public/audio/words/female/93cf4c939fa3a5cf.mp3,klarweg-audio-cdn/audio/female/93cf4c939fa3a5cf.mp3
klarweg-audio/public/audio/words/male/93cf4c939fa3a5cf.mp3,klarweg-audio-cdn/audio/male/93cf4c939fa3a5cf.mp3
klarweg-audio/public/audio/words/female/7c7855beb76faf49.mp3,klarweg-audio-cdn/audio/female/7c7855beb76faf49.mp3
klarweg-audio/public/audio/words/male/7c7855beb76faf49.mp3,klarweg-audio-cdn/audio/male/7c7855beb76faf49.mp3
klarweg-audio/public/audio/words/female/5beb3be4e871a7ea.mp3,klarweg-audio-cdn/audio/female/5beb3be4e871a7ea.mp3
klarweg-audio/public/audio/words/male/5beb3be4e871a7ea.mp3,klarweg-audio-cdn/audio/male/5beb3be4e871a7ea.mp3
klarweg-audio/public/audio/words/female/4c7de2c3da6dc0ae.mp3,klarweg-audio-cdn/audio/female/4c7de2c3da6dc0ae.mp3
klarweg-audio/public/audio/words/male/4c7de2c3da6dc0ae.mp3,klarweg-audio-cdn/audio/male/4c7de2c3da6dc0ae.mp3
klarweg-audio/public/audio/words/female/b24ee4c36acab23b.mp3,klarweg-audio-cdn/audio/female/b24ee4c36acab23b.mp3
klarweg-audio/public/audio/words/male/b24ee4c36acab23b.mp3,klarweg-audio-cdn/audio/male/b24ee4c36acab23b.mp3
klarweg-audio/public/audio/words/female/c9ef6e1c3c6fc0be.mp3,klarweg-audio-cdn/audio/female/c9ef6e1c3c6fc0be.mp3
klarweg-audio/public/audio/words/male/c9ef6e1c3c6fc0be.mp3,klarweg-audio-cdn/audio/male/c9ef6e1c3c6fc0be.mp3
klarweg-audio/public/audio/words/female/feb3c8df3980afcf.mp3,klarweg-audio-cdn/audio/female/feb3c8df3980afcf.mp3
klarweg-audio/public/audio/words/male/feb3c8df3980afcf.mp3,klarweg-audio-cdn/audio/male/feb3c8df3980afcf.mp3
klarweg-audio/public/audio/words/female/e165daa8ab4199f2.mp3,klarweg-audio-cdn/audio/female/e165daa8ab4199f2.mp3
klarweg-audio/public/audio/words/male/e165daa8ab4199f2.mp3,klarweg-audio-cdn/audio/male/e165daa8ab4199f2.mp3
klarweg-audio/public/audio/words/female/1dc1a057de09d1ce.mp3,klarweg-audio-cdn/audio/female/1dc1a057de09d1ce.mp3
klarweg-audio/public/audio/words/male/1dc1a057de09d1ce.mp3,klarweg-audio-cdn/audio/male/1dc1a057de09d1ce.mp3
klarweg-audio/public/audio/words/female/89df3ccba905f3c5.mp3,klarweg-audio-cdn/audio/female/89df3ccba905f3c5.mp3
klarweg-audio/public/audio/words/male/89df3ccba905f3c5.mp3,klarweg-audio-cdn/audio/male/89df3ccba905f3c5.mp3
klarweg-audio/public/audio/words/female/f98a2892161525f8.mp3,klarweg-audio-cdn/audio/female/f98a2892161525f8.mp3
klarweg-audio/public/audio/words/male/f98a2892161525f8.mp3,klarweg-audio-cdn/audio/male/f98a2892161525f8.mp3
klarweg-audio/public/audio/words/female/762b928af41f2d6b.mp3,klarweg-audio-cdn/audio/female/762b928af41f2d6b.mp3
klarweg-audio/public/audio/words/male/762b928af41f2d6b.mp3,klarweg-audio-cdn/audio/male/762b928af41f2d6b.mp3
klarweg-audio/public/audio/words/female/2d36924f5e5032dd.mp3,klarweg-audio-cdn/audio/female/2d36924f5e5032dd.mp3
klarweg-audio/public/audio/words/male/2d36924f5e5032dd.mp3,klarweg-audio-cdn/audio/male/2d36924f5e5032dd.mp3
klarweg-audio/public/audio/words/female/c3822338275b5be2.mp3,klarweg-audio-cdn/audio/female/c3822338275b5be2.mp3
klarweg-audio/public/audio/words/male/c3822338275b5be2.mp3,klarweg-audio-cdn/audio/male/c3822338275b5be2.mp3
klarweg-audio/public/audio/words/female/dd3fbf0d05afcd41.mp3,klarweg-audio-cdn/audio/female/dd3fbf0d05afcd41.mp3
klarweg-audio/public/audio/words/male/dd3fbf0d05afcd41.mp3,klarweg-audio-cdn/audio/male/dd3fbf0d05afcd41.mp3
klarweg-audio/public/audio/words/female/d08d6b2fc265248b.mp3,klarweg-audio-cdn/audio/female/d08d6b2fc265248b.mp3
klarweg-audio/public/audio/words/male/d08d6b2fc265248b.mp3,klarweg-audio-cdn/audio/male/d08d6b2fc265248b.mp3
klarweg-audio/public/audio/words/female/d9fd3cd92a8423b5.mp3,klarweg-audio-cdn/audio/female/d9fd3cd92a8423b5.mp3
klarweg-audio/public/audio/words/male/d9fd3cd92a8423b5.mp3,klarweg-audio-cdn/audio/male/d9fd3cd92a8423b5.mp3
klarweg-audio/public/audio/words/female/519abe000ef0de14.mp3,klarweg-audio-cdn/audio/female/519abe000ef0de14.mp3
klarweg-audio/public/audio/words/male/519abe000ef0de14.mp3,klarweg-audio-cdn/audio/male/519abe000ef0de14.mp3
klarweg-audio/public/audio/words/female/7cb3fe3362d5985f.mp3,klarweg-audio-cdn/audio/female/7cb3fe3362d5985f.mp3
klarweg-audio/public/audio/words/male/7cb3fe3362d5985f.mp3,klarweg-audio-cdn/audio/male/7cb3fe3362d5985f.mp3
klarweg-audio/public/audio/words/female/953ae3742f333d14.mp3,klarweg-audio-cdn/audio/female/953ae3742f333d14.mp3
klarweg-audio/public/audio/words/male/953ae3742f333d14.mp3,klarweg-audio-cdn/audio/male/953ae3742f333d14.mp3
klarweg-audio/public/audio/words/female/3a8a5e054d45ed83.mp3,klarweg-audio-cdn/audio/female/3a8a5e054d45ed83.mp3
klarweg-audio/public/audio/words/male/3a8a5e054d45ed83.mp3,klarweg-audio-cdn/audio/male/3a8a5e054d45ed83.mp3
klarweg-audio/public/audio/words/female/7ec879c8c860699e.mp3,klarweg-audio-cdn/audio/female/7ec879c8c860699e.mp3
klarweg-audio/public/audio/words/male/7ec879c8c860699e.mp3,klarweg-audio-cdn/audio/male/7ec879c8c860699e.mp3
klarweg-audio/public/audio/words/female/abe366fcbaefc5ce.mp3,klarweg-audio-cdn/audio/female/abe366fcbaefc5ce.mp3
klarweg-audio/public/audio/words/male/abe366fcbaefc5ce.mp3,klarweg-audio-cdn/audio/male/abe366fcbaefc5ce.mp3
klarweg-audio/public/audio/words/female/273ebf746efe816c.mp3,klarweg-audio-cdn/audio/female/273ebf746efe816c.mp3
klarweg-audio/public/audio/words/male/273ebf746efe816c.mp3,klarweg-audio-cdn/audio/male/273ebf746efe816c.mp3
klarweg-audio/public/audio/words/female/b5f9036d932291cb.mp3,klarweg-audio-cdn/audio/female/b5f9036d932291cb.mp3
klarweg-audio/public/audio/words/male/b5f9036d932291cb.mp3,klarweg-audio-cdn/audio/male/b5f9036d932291cb.mp3
klarweg-audio/public/audio/words/female/d1a1b68aa147beb5.mp3,klarweg-audio-cdn/audio/female/d1a1b68aa147beb5.mp3
klarweg-audio/public/audio/words/male/d1a1b68aa147beb5.mp3,klarweg-audio-cdn/audio/male/d1a1b68aa147beb5.mp3
klarweg-audio/public/audio/words/female/433986a0717047e0.mp3,klarweg-audio-cdn/audio/female/433986a0717047e0.mp3
klarweg-audio/public/audio/words/male/433986a0717047e0.mp3,klarweg-audio-cdn/audio/male/433986a0717047e0.mp3
klarweg-audio/public/audio/words/female/e9408fecaa192316.mp3,klarweg-audio-cdn/audio/female/e9408fecaa192316.mp3
klarweg-audio/public/audio/words/male/e9408fecaa192316.mp3,klarweg-audio-cdn/audio/male/e9408fecaa192316.mp3
klarweg-audio/public/audio/words/female/c332fc7f8cf70b01.mp3,klarweg-audio-cdn/audio/female/c332fc7f8cf70b01.mp3
klarweg-audio/public/audio/words/male/c332fc7f8cf70b01.mp3,klarweg-audio-cdn/audio/male/c332fc7f8cf70b01.mp3
klarweg-audio/public/audio/words/female/71ef3d033ff50fc4.mp3,klarweg-audio-cdn/audio/female/71ef3d033ff50fc4.mp3
klarweg-audio/public/audio/words/male/71ef3d033ff50fc4.mp3,klarweg-audio-cdn/audio/male/71ef3d033ff50fc4.mp3
klarweg-audio/public/audio/words/female/33d2db544a77f20a.mp3,klarweg-audio-cdn/audio/female/33d2db544a77f20a.mp3
klarweg-audio/public/audio/words/male/33d2db544a77f20a.mp3,klarweg-audio-cdn/audio/male/33d2db544a77f20a.mp3
klarweg-audio/public/audio/words/female/316415bc2502dfd7.mp3,klarweg-audio-cdn/audio/female/316415bc2502dfd7.mp3
klarweg-audio/public/audio/words/male/316415bc2502dfd7.mp3,klarweg-audio-cdn/audio/male/316415bc2502dfd7.mp3
klarweg-audio/public/audio/words/female/29ad21f519ab2178.mp3,klarweg-audio-cdn/audio/female/29ad21f519ab2178.mp3
klarweg-audio/public/audio/words/male/29ad21f519ab2178.mp3,klarweg-audio-cdn/audio/male/29ad21f519ab2178.mp3
klarweg-audio/public/audio/words/female/7e5b86b700f5d8af.mp3,klarweg-audio-cdn/audio/female/7e5b86b700f5d8af.mp3
klarweg-audio/public/audio/words/male/7e5b86b700f5d8af.mp3,klarweg-audio-cdn/audio/male/7e5b86b700f5d8af.mp3
klarweg-audio/public/audio/words/female/afa66261ec952cf7.mp3,klarweg-audio-cdn/audio/female/afa66261ec952cf7.mp3
klarweg-audio/public/audio/words/male/afa66261ec952cf7.mp3,klarweg-audio-cdn/audio/male/afa66261ec952cf7.mp3
klarweg-audio/public/audio/words/female/beeb26352f357172.mp3,klarweg-audio-cdn/audio/female/beeb26352f357172.mp3
klarweg-audio/public/audio/words/male/beeb26352f357172.mp3,klarweg-audio-cdn/audio/male/beeb26352f357172.mp3
klarweg-audio/public/audio/words/female/36a3071f1c8e9e48.mp3,klarweg-audio-cdn/audio/female/36a3071f1c8e9e48.mp3
klarweg-audio/public/audio/words/male/36a3071f1c8e9e48.mp3,klarweg-audio-cdn/audio/male/36a3071f1c8e9e48.mp3
klarweg-audio/public/audio/words/female/960295a598fefba5.mp3,klarweg-audio-cdn/audio/female/960295a598fefba5.mp3
klarweg-audio/public/audio/words/male/960295a598fefba5.mp3,klarweg-audio-cdn/audio/male/960295a598fefba5.mp3
klarweg-audio/public/audio/words/female/c0275bffd2bbfe32.mp3,klarweg-audio-cdn/audio/female/c0275bffd2bbfe32.mp3
klarweg-audio/public/audio/words/male/c0275bffd2bbfe32.mp3,klarweg-audio-cdn/audio/male/c0275bffd2bbfe32.mp3
klarweg-audio/public/audio/words/female/a8b1ce1080ca3888.mp3,klarweg-audio-cdn/audio/female/a8b1ce1080ca3888.mp3
klarweg-audio/public/audio/words/male/a8b1ce1080ca3888.mp3,klarweg-audio-cdn/audio/male/a8b1ce1080ca3888.mp3
klarweg-audio/public/audio/words/female/ed719858ee1b140e.mp3,klarweg-audio-cdn/audio/female/ed719858ee1b140e.mp3
klarweg-audio/public/audio/words/male/ed719858ee1b140e.mp3,klarweg-audio-cdn/audio/male/ed719858ee1b140e.mp3
klarweg-audio/public/audio/words/female/1a028e829b255703.mp3,klarweg-audio-cdn/audio/female/1a028e829b255703.mp3
klarweg-audio/public/audio/words/male/1a028e829b255703.mp3,klarweg-audio-cdn/audio/male/1a028e829b255703.mp3
klarweg-audio/public/audio/words/female/bd84c74b5f8e787b.mp3,klarweg-audio-cdn/audio/female/bd84c74b5f8e787b.mp3
klarweg-audio/public/audio/words/male/bd84c74b5f8e787b.mp3,klarweg-audio-cdn/audio/male/bd84c74b5f8e787b.mp3
klarweg-audio/public/audio/words/female/92da5df94e327061.mp3,klarweg-audio-cdn/audio/female/92da5df94e327061.mp3
klarweg-audio/public/audio/words/male/92da5df94e327061.mp3,klarweg-audio-cdn/audio/male/92da5df94e327061.mp3
klarweg-audio/public/audio/words/female/79fd402e06e7d262.mp3,klarweg-audio-cdn/audio/female/79fd402e06e7d262.mp3
klarweg-audio/public/audio/words/male/79fd402e06e7d262.mp3,klarweg-audio-cdn/audio/male/79fd402e06e7d262.mp3
klarweg-audio/public/audio/words/female/ed8862db32fe9ba7.mp3,klarweg-audio-cdn/audio/female/ed8862db32fe9ba7.mp3
klarweg-audio/public/audio/words/male/ed8862db32fe9ba7.mp3,klarweg-audio-cdn/audio/male/ed8862db32fe9ba7.mp3
klarweg-audio/public/audio/words/female/7f60bc06d7cc83eb.mp3,klarweg-audio-cdn/audio/female/7f60bc06d7cc83eb.mp3
klarweg-audio/public/audio/words/male/7f60bc06d7cc83eb.mp3,klarweg-audio-cdn/audio/male/7f60bc06d7cc83eb.mp3
klarweg-audio/public/audio/words/female/2cf3fbb812da4a3a.mp3,klarweg-audio-cdn/audio/female/2cf3fbb812da4a3a.mp3
klarweg-audio/public/audio/words/male/2cf3fbb812da4a3a.mp3,klarweg-audio-cdn/audio/male/2cf3fbb812da4a3a.mp3
klarweg-audio/public/audio/words/female/a1510e7837174e85.mp3,klarweg-audio-cdn/audio/female/a1510e7837174e85.mp3
klarweg-audio/public/audio/words/male/a1510e7837174e85.mp3,klarweg-audio-cdn/audio/male/a1510e7837174e85.mp3
klarweg-audio/public/audio/words/female/74245635669e77c0.mp3,klarweg-audio-cdn/audio/female/74245635669e77c0.mp3
klarweg-audio/public/audio/words/male/74245635669e77c0.mp3,klarweg-audio-cdn/audio/male/74245635669e77c0.mp3
klarweg-audio/public/audio/words/female/907114a73986290c.mp3,klarweg-audio-cdn/audio/female/907114a73986290c.mp3
klarweg-audio/public/audio/words/male/907114a73986290c.mp3,klarweg-audio-cdn/audio/male/907114a73986290c.mp3
klarweg-audio/public/audio/words/female/f0abec8675ebc550.mp3,klarweg-audio-cdn/audio/female/f0abec8675ebc550.mp3
klarweg-audio/public/audio/words/male/f0abec8675ebc550.mp3,klarweg-audio-cdn/audio/male/f0abec8675ebc550.mp3
klarweg-audio/public/audio/words/female/dfb625f92fdd9a91.mp3,klarweg-audio-cdn/audio/female/dfb625f92fdd9a91.mp3
klarweg-audio/public/audio/words/male/dfb625f92fdd9a91.mp3,klarweg-audio-cdn/audio/male/dfb625f92fdd9a91.mp3
klarweg-audio/public/audio/words/female/bf49dee46b6bf94b.mp3,klarweg-audio-cdn/audio/female/bf49dee46b6bf94b.mp3
klarweg-audio/public/audio/words/male/bf49dee46b6bf94b.mp3,klarweg-audio-cdn/audio/male/bf49dee46b6bf94b.mp3
klarweg-audio/public/audio/words/female/fa7c22ec618437bf.mp3,klarweg-audio-cdn/audio/female/fa7c22ec618437bf.mp3
klarweg-audio/public/audio/words/male/fa7c22ec618437bf.mp3,klarweg-audio-cdn/audio/male/fa7c22ec618437bf.mp3
klarweg-audio/public/audio/words/female/fea55ac7ed0b0eed.mp3,klarweg-audio-cdn/audio/female/fea55ac7ed0b0eed.mp3
klarweg-audio/public/audio/words/male/fea55ac7ed0b0eed.mp3,klarweg-audio-cdn/audio/male/fea55ac7ed0b0eed.mp3
klarweg-audio/public/audio/words/female/392f499f09809dec.mp3,klarweg-audio-cdn/audio/female/392f499f09809dec.mp3
klarweg-audio/public/audio/words/male/392f499f09809dec.mp3,klarweg-audio-cdn/audio/male/392f499f09809dec.mp3
klarweg-audio/public/audio/words/female/dc91f6e773a352aa.mp3,klarweg-audio-cdn/audio/female/dc91f6e773a352aa.mp3
klarweg-audio/public/audio/words/male/dc91f6e773a352aa.mp3,klarweg-audio-cdn/audio/male/dc91f6e773a352aa.mp3
klarweg-audio/public/audio/words/female/3436db9d27d75b4c.mp3,klarweg-audio-cdn/audio/female/3436db9d27d75b4c.mp3
klarweg-audio/public/audio/words/male/3436db9d27d75b4c.mp3,klarweg-audio-cdn/audio/male/3436db9d27d75b4c.mp3
klarweg-audio/public/audio/words/female/752dd02be4dfaa40.mp3,klarweg-audio-cdn/audio/female/752dd02be4dfaa40.mp3
klarweg-audio/public/audio/words/male/752dd02be4dfaa40.mp3,klarweg-audio-cdn/audio/male/752dd02be4dfaa40.mp3
klarweg-audio/public/audio/words/female/1e9d34deb9f99027.mp3,klarweg-audio-cdn/audio/female/1e9d34deb9f99027.mp3
klarweg-audio/public/audio/words/male/1e9d34deb9f99027.mp3,klarweg-audio-cdn/audio/male/1e9d34deb9f99027.mp3
klarweg-audio/public/audio/words/female/25c6fc8bf8fb8adb.mp3,klarweg-audio-cdn/audio/female/25c6fc8bf8fb8adb.mp3
klarweg-audio/public/audio/words/male/25c6fc8bf8fb8adb.mp3,klarweg-audio-cdn/audio/male/25c6fc8bf8fb8adb.mp3
klarweg-audio/public/audio/words/female/154020524df61c3f.mp3,klarweg-audio-cdn/audio/female/154020524df61c3f.mp3
klarweg-audio/public/audio/words/male/154020524df61c3f.mp3,klarweg-audio-cdn/audio/male/154020524df61c3f.mp3
klarweg-audio/public/audio/words/female/d98122c7190fda25.mp3,klarweg-audio-cdn/audio/female/d98122c7190fda25.mp3
klarweg-audio/public/audio/words/male/d98122c7190fda25.mp3,klarweg-audio-cdn/audio/male/d98122c7190fda25.mp3
klarweg-audio/public/audio/words/female/66640795291ece1d.mp3,klarweg-audio-cdn/audio/female/66640795291ece1d.mp3
klarweg-audio/public/audio/words/male/66640795291ece1d.mp3,klarweg-audio-cdn/audio/male/66640795291ece1d.mp3
klarweg-audio/public/audio/words/female/a1d9890884c1b4b9.mp3,klarweg-audio-cdn/audio/female/a1d9890884c1b4b9.mp3
klarweg-audio/public/audio/words/male/a1d9890884c1b4b9.mp3,klarweg-audio-cdn/audio/male/a1d9890884c1b4b9.mp3
klarweg-audio/public/audio/words/female/2ae3016e365168bb.mp3,klarweg-audio-cdn/audio/female/2ae3016e365168bb.mp3
klarweg-audio/public/audio/words/male/2ae3016e365168bb.mp3,klarweg-audio-cdn/audio/male/2ae3016e365168bb.mp3
klarweg-audio/public/audio/words/female/d1759198baa0eef6.mp3,klarweg-audio-cdn/audio/female/d1759198baa0eef6.mp3
klarweg-audio/public/audio/words/male/d1759198baa0eef6.mp3,klarweg-audio-cdn/audio/male/d1759198baa0eef6.mp3
klarweg-audio/public/audio/words/female/2cca3ebb66b03065.mp3,klarweg-audio-cdn/audio/female/2cca3ebb66b03065.mp3
klarweg-audio/public/audio/words/male/2cca3ebb66b03065.mp3,klarweg-audio-cdn/audio/male/2cca3ebb66b03065.mp3
klarweg-audio/public/audio/words/female/411ca812146cd904.mp3,klarweg-audio-cdn/audio/female/411ca812146cd904.mp3
klarweg-audio/public/audio/words/male/411ca812146cd904.mp3,klarweg-audio-cdn/audio/male/411ca812146cd904.mp3
klarweg-audio/public/audio/words/female/3207379c7db1e1c5.mp3,klarweg-audio-cdn/audio/female/3207379c7db1e1c5.mp3
klarweg-audio/public/audio/words/male/3207379c7db1e1c5.mp3,klarweg-audio-cdn/audio/male/3207379c7db1e1c5.mp3
klarweg-audio/public/audio/words/female/6977d57accf6e34b.mp3,klarweg-audio-cdn/audio/female/6977d57accf6e34b.mp3
klarweg-audio/public/audio/words/male/6977d57accf6e34b.mp3,klarweg-audio-cdn/audio/male/6977d57accf6e34b.mp3
klarweg-audio/public/audio/words/female/6e3815e97afad8de.mp3,klarweg-audio-cdn/audio/female/6e3815e97afad8de.mp3
klarweg-audio/public/audio/words/male/6e3815e97afad8de.mp3,klarweg-audio-cdn/audio/male/6e3815e97afad8de.mp3
klarweg-audio/public/audio/words/female/386dbf01efbd156e.mp3,klarweg-audio-cdn/audio/female/386dbf01efbd156e.mp3
klarweg-audio/public/audio/words/male/386dbf01efbd156e.mp3,klarweg-audio-cdn/audio/male/386dbf01efbd156e.mp3
klarweg-audio/public/audio/words/female/bfaef50e7ee665cd.mp3,klarweg-audio-cdn/audio/female/bfaef50e7ee665cd.mp3
klarweg-audio/public/audio/words/male/bfaef50e7ee665cd.mp3,klarweg-audio-cdn/audio/male/bfaef50e7ee665cd.mp3
klarweg-audio/public/audio/words/female/8dc77d583088b7ad.mp3,klarweg-audio-cdn/audio/female/8dc77d583088b7ad.mp3
klarweg-audio/public/audio/words/male/8dc77d583088b7ad.mp3,klarweg-audio-cdn/audio/male/8dc77d583088b7ad.mp3
klarweg-audio/public/audio/words/female/b107fea73230497d.mp3,klarweg-audio-cdn/audio/female/b107fea73230497d.mp3
klarweg-audio/public/audio/words/male/b107fea73230497d.mp3,klarweg-audio-cdn/audio/male/b107fea73230497d.mp3
klarweg-audio/public/audio/words/female/56bd521a623aae5c.mp3,klarweg-audio-cdn/audio/female/56bd521a623aae5c.mp3
klarweg-audio/public/audio/words/male/56bd521a623aae5c.mp3,klarweg-audio-cdn/audio/male/56bd521a623aae5c.mp3
klarweg-audio/public/audio/words/female/a02b10335a385c04.mp3,klarweg-audio-cdn/audio/female/a02b10335a385c04.mp3
klarweg-audio/public/audio/words/male/a02b10335a385c04.mp3,klarweg-audio-cdn/audio/male/a02b10335a385c04.mp3
klarweg-audio/public/audio/words/female/3c27eb210163b4a9.mp3,klarweg-audio-cdn/audio/female/3c27eb210163b4a9.mp3
klarweg-audio/public/audio/words/male/3c27eb210163b4a9.mp3,klarweg-audio-cdn/audio/male/3c27eb210163b4a9.mp3
klarweg-audio/public/audio/words/female/73d1b1b1bc1dabfb.mp3,klarweg-audio-cdn/audio/female/73d1b1b1bc1dabfb.mp3
klarweg-audio/public/audio/words/male/73d1b1b1bc1dabfb.mp3,klarweg-audio-cdn/audio/male/73d1b1b1bc1dabfb.mp3
klarweg-audio/public/audio/words/female/b7a782f0bf901afc.mp3,klarweg-audio-cdn/audio/female/b7a782f0bf901afc.mp3
klarweg-audio/public/audio/words/male/b7a782f0bf901afc.mp3,klarweg-audio-cdn/audio/male/b7a782f0bf901afc.mp3
klarweg-audio/public/audio/words/female/5622ed373f7e2e9e.mp3,klarweg-audio-cdn/audio/female/5622ed373f7e2e9e.mp3
klarweg-audio/public/audio/words/male/5622ed373f7e2e9e.mp3,klarweg-audio-cdn/audio/male/5622ed373f7e2e9e.mp3
klarweg-audio/public/audio/words/female/59a045b583d71063.mp3,klarweg-audio-cdn/audio/female/59a045b583d71063.mp3
klarweg-audio/public/audio/words/male/59a045b583d71063.mp3,klarweg-audio-cdn/audio/male/59a045b583d71063.mp3
klarweg-audio/public/audio/words/female/c6c7b54b59635035.mp3,klarweg-audio-cdn/audio/female/c6c7b54b59635035.mp3
klarweg-audio/public/audio/words/male/c6c7b54b59635035.mp3,klarweg-audio-cdn/audio/male/c6c7b54b59635035.mp3
klarweg-audio/public/audio/words/female/641ad34225350dcc.mp3,klarweg-audio-cdn/audio/female/641ad34225350dcc.mp3
klarweg-audio/public/audio/words/male/641ad34225350dcc.mp3,klarweg-audio-cdn/audio/male/641ad34225350dcc.mp3
klarweg-audio/public/audio/words/female/bab784f6ff3391bd.mp3,klarweg-audio-cdn/audio/female/bab784f6ff3391bd.mp3
klarweg-audio/public/audio/words/male/bab784f6ff3391bd.mp3,klarweg-audio-cdn/audio/male/bab784f6ff3391bd.mp3
klarweg-audio/public/audio/words/female/ed6c0721084c2a69.mp3,klarweg-audio-cdn/audio/female/ed6c0721084c2a69.mp3
klarweg-audio/public/audio/words/male/ed6c0721084c2a69.mp3,klarweg-audio-cdn/audio/male/ed6c0721084c2a69.mp3
klarweg-audio/public/audio/words/female/d5e24b5d72b01245.mp3,klarweg-audio-cdn/audio/female/d5e24b5d72b01245.mp3
klarweg-audio/public/audio/words/male/d5e24b5d72b01245.mp3,klarweg-audio-cdn/audio/male/d5e24b5d72b01245.mp3
klarweg-audio/public/audio/words/female/a0a5719b1d11a424.mp3,klarweg-audio-cdn/audio/female/a0a5719b1d11a424.mp3
klarweg-audio/public/audio/words/male/a0a5719b1d11a424.mp3,klarweg-audio-cdn/audio/male/a0a5719b1d11a424.mp3
klarweg-audio/public/audio/words/female/85955db377cec50a.mp3,klarweg-audio-cdn/audio/female/85955db377cec50a.mp3
klarweg-audio/public/audio/words/male/85955db377cec50a.mp3,klarweg-audio-cdn/audio/male/85955db377cec50a.mp3
klarweg-audio/public/audio/words/female/ad705ee19c048a9f.mp3,klarweg-audio-cdn/audio/female/ad705ee19c048a9f.mp3
klarweg-audio/public/audio/words/male/ad705ee19c048a9f.mp3,klarweg-audio-cdn/audio/male/ad705ee19c048a9f.mp3
klarweg-audio/public/audio/words/female/6e49e65081b2bcb5.mp3,klarweg-audio-cdn/audio/female/6e49e65081b2bcb5.mp3
klarweg-audio/public/audio/words/male/6e49e65081b2bcb5.mp3,klarweg-audio-cdn/audio/male/6e49e65081b2bcb5.mp3
klarweg-audio/public/audio/words/female/bcade5095df6aac4.mp3,klarweg-audio-cdn/audio/female/bcade5095df6aac4.mp3
klarweg-audio/public/audio/words/male/bcade5095df6aac4.mp3,klarweg-audio-cdn/audio/male/bcade5095df6aac4.mp3
klarweg-audio/public/audio/words/female/28720365c5e7476a.mp3,klarweg-audio-cdn/audio/female/28720365c5e7476a.mp3
klarweg-audio/public/audio/words/male/28720365c5e7476a.mp3,klarweg-audio-cdn/audio/male/28720365c5e7476a.mp3
klarweg-audio/public/audio/words/female/d61a3cfbed410d59.mp3,klarweg-audio-cdn/audio/female/d61a3cfbed410d59.mp3
klarweg-audio/public/audio/words/male/d61a3cfbed410d59.mp3,klarweg-audio-cdn/audio/male/d61a3cfbed410d59.mp3
klarweg-audio/public/audio/words/female/11239872d178729a.mp3,klarweg-audio-cdn/audio/female/11239872d178729a.mp3
klarweg-audio/public/audio/words/male/11239872d178729a.mp3,klarweg-audio-cdn/audio/male/11239872d178729a.mp3
klarweg-audio/public/audio/words/female/7ab5d8bd3e5fc8eb.mp3,klarweg-audio-cdn/audio/female/7ab5d8bd3e5fc8eb.mp3
klarweg-audio/public/audio/words/male/7ab5d8bd3e5fc8eb.mp3,klarweg-audio-cdn/audio/male/7ab5d8bd3e5fc8eb.mp3
klarweg-audio/public/audio/words/female/4a516c4d73fc36fa.mp3,klarweg-audio-cdn/audio/female/4a516c4d73fc36fa.mp3
klarweg-audio/public/audio/words/male/4a516c4d73fc36fa.mp3,klarweg-audio-cdn/audio/male/4a516c4d73fc36fa.mp3
klarweg-audio/public/audio/words/female/6e9375f5553961ad.mp3,klarweg-audio-cdn/audio/female/6e9375f5553961ad.mp3
klarweg-audio/public/audio/words/male/6e9375f5553961ad.mp3,klarweg-audio-cdn/audio/male/6e9375f5553961ad.mp3
klarweg-audio/public/audio/words/female/72908fba92a5cd49.mp3,klarweg-audio-cdn/audio/female/72908fba92a5cd49.mp3
klarweg-audio/public/audio/words/male/72908fba92a5cd49.mp3,klarweg-audio-cdn/audio/male/72908fba92a5cd49.mp3
klarweg-audio/public/audio/words/female/4aecd0315aa7b6be.mp3,klarweg-audio-cdn/audio/female/4aecd0315aa7b6be.mp3
klarweg-audio/public/audio/words/male/4aecd0315aa7b6be.mp3,klarweg-audio-cdn/audio/male/4aecd0315aa7b6be.mp3
klarweg-audio/public/audio/words/female/b51c854170449c38.mp3,klarweg-audio-cdn/audio/female/b51c854170449c38.mp3
klarweg-audio/public/audio/words/male/b51c854170449c38.mp3,klarweg-audio-cdn/audio/male/b51c854170449c38.mp3
klarweg-audio/public/audio/words/female/afc107da16c46bcc.mp3,klarweg-audio-cdn/audio/female/afc107da16c46bcc.mp3
klarweg-audio/public/audio/words/male/afc107da16c46bcc.mp3,klarweg-audio-cdn/audio/male/afc107da16c46bcc.mp3
klarweg-audio/public/audio/words/female/893e7e1a18943ca2.mp3,klarweg-audio-cdn/audio/female/893e7e1a18943ca2.mp3
klarweg-audio/public/audio/words/male/893e7e1a18943ca2.mp3,klarweg-audio-cdn/audio/male/893e7e1a18943ca2.mp3
klarweg-audio/public/audio/words/female/c9e29d6d6f1b68cc.mp3,klarweg-audio-cdn/audio/female/c9e29d6d6f1b68cc.mp3
klarweg-audio/public/audio/words/male/c9e29d6d6f1b68cc.mp3,klarweg-audio-cdn/audio/male/c9e29d6d6f1b68cc.mp3
klarweg-audio/public/audio/words/female/4221b9b808159cb2.mp3,klarweg-audio-cdn/audio/female/4221b9b808159cb2.mp3
klarweg-audio/public/audio/words/male/4221b9b808159cb2.mp3,klarweg-audio-cdn/audio/male/4221b9b808159cb2.mp3
klarweg-audio/public/audio/words/female/289c90decf40c8ec.mp3,klarweg-audio-cdn/audio/female/289c90decf40c8ec.mp3
klarweg-audio/public/audio/words/male/289c90decf40c8ec.mp3,klarweg-audio-cdn/audio/male/289c90decf40c8ec.mp3
klarweg-audio/public/audio/words/female/28ede2a42d4b1c81.mp3,klarweg-audio-cdn/audio/female/28ede2a42d4b1c81.mp3
klarweg-audio/public/audio/words/male/28ede2a42d4b1c81.mp3,klarweg-audio-cdn/audio/male/28ede2a42d4b1c81.mp3
klarweg-audio/public/audio/words/female/40462142c50e5c3e.mp3,klarweg-audio-cdn/audio/female/40462142c50e5c3e.mp3
klarweg-audio/public/audio/words/male/40462142c50e5c3e.mp3,klarweg-audio-cdn/audio/male/40462142c50e5c3e.mp3
klarweg-audio/public/audio/words/female/98b63d6297734a36.mp3,klarweg-audio-cdn/audio/female/98b63d6297734a36.mp3
klarweg-audio/public/audio/words/male/98b63d6297734a36.mp3,klarweg-audio-cdn/audio/male/98b63d6297734a36.mp3
klarweg-audio/public/audio/words/female/856cc99d87343400.mp3,klarweg-audio-cdn/audio/female/856cc99d87343400.mp3
klarweg-audio/public/audio/words/male/856cc99d87343400.mp3,klarweg-audio-cdn/audio/male/856cc99d87343400.mp3
klarweg-audio/public/audio/words/female/dbdd2e50a7ff6928.mp3,klarweg-audio-cdn/audio/female/dbdd2e50a7ff6928.mp3
klarweg-audio/public/audio/words/male/dbdd2e50a7ff6928.mp3,klarweg-audio-cdn/audio/male/dbdd2e50a7ff6928.mp3
klarweg-audio/public/audio/words/female/3d8bd1b0cbfce6aa.mp3,klarweg-audio-cdn/audio/female/3d8bd1b0cbfce6aa.mp3
klarweg-audio/public/audio/words/male/3d8bd1b0cbfce6aa.mp3,klarweg-audio-cdn/audio/male/3d8bd1b0cbfce6aa.mp3
klarweg-audio/public/audio/words/female/424e318e871b5c9c.mp3,klarweg-audio-cdn/audio/female/424e318e871b5c9c.mp3
klarweg-audio/public/audio/words/male/424e318e871b5c9c.mp3,klarweg-audio-cdn/audio/male/424e318e871b5c9c.mp3
klarweg-audio/public/audio/words/female/6e332213c4cafe5d.mp3,klarweg-audio-cdn/audio/female/6e332213c4cafe5d.mp3
klarweg-audio/public/audio/words/male/6e332213c4cafe5d.mp3,klarweg-audio-cdn/audio/male/6e332213c4cafe5d.mp3
klarweg-audio/public/audio/words/female/9073105e84873b92.mp3,klarweg-audio-cdn/audio/female/9073105e84873b92.mp3
klarweg-audio/public/audio/words/male/9073105e84873b92.mp3,klarweg-audio-cdn/audio/male/9073105e84873b92.mp3
klarweg-audio/public/audio/words/female/df65e7b4f08bb349.mp3,klarweg-audio-cdn/audio/female/df65e7b4f08bb349.mp3
klarweg-audio/public/audio/words/male/df65e7b4f08bb349.mp3,klarweg-audio-cdn/audio/male/df65e7b4f08bb349.mp3
klarweg-audio/public/audio/words/female/0ff4e0726ba0ae90.mp3,klarweg-audio-cdn/audio/female/0ff4e0726ba0ae90.mp3
klarweg-audio/public/audio/words/male/0ff4e0726ba0ae90.mp3,klarweg-audio-cdn/audio/male/0ff4e0726ba0ae90.mp3
klarweg-audio/public/audio/words/female/bf65c1637f933b73.mp3,klarweg-audio-cdn/audio/female/bf65c1637f933b73.mp3
klarweg-audio/public/audio/words/male/bf65c1637f933b73.mp3,klarweg-audio-cdn/audio/male/bf65c1637f933b73.mp3
klarweg-audio/public/audio/words/female/266a2d74b84a28f0.mp3,klarweg-audio-cdn/audio/female/266a2d74b84a28f0.mp3
klarweg-audio/public/audio/words/male/266a2d74b84a28f0.mp3,klarweg-audio-cdn/audio/male/266a2d74b84a28f0.mp3
klarweg-audio/public/audio/words/female/d82c7cf9254ffc1a.mp3,klarweg-audio-cdn/audio/female/d82c7cf9254ffc1a.mp3
klarweg-audio/public/audio/words/male/d82c7cf9254ffc1a.mp3,klarweg-audio-cdn/audio/male/d82c7cf9254ffc1a.mp3
klarweg-audio/public/audio/words/female/5845f4bec3ab8ea5.mp3,klarweg-audio-cdn/audio/female/5845f4bec3ab8ea5.mp3
klarweg-audio/public/audio/words/male/5845f4bec3ab8ea5.mp3,klarweg-audio-cdn/audio/male/5845f4bec3ab8ea5.mp3
klarweg-audio/public/audio/words/female/5706d716b20a3109.mp3,klarweg-audio-cdn/audio/female/5706d716b20a3109.mp3
klarweg-audio/public/audio/words/male/5706d716b20a3109.mp3,klarweg-audio-cdn/audio/male/5706d716b20a3109.mp3
klarweg-audio/public/audio/words/female/68b7cadd669ad0e9.mp3,klarweg-audio-cdn/audio/female/68b7cadd669ad0e9.mp3
klarweg-audio/public/audio/words/male/68b7cadd669ad0e9.mp3,klarweg-audio-cdn/audio/male/68b7cadd669ad0e9.mp3
klarweg-audio/public/audio/words/female/2a87becac449ced6.mp3,klarweg-audio-cdn/audio/female/2a87becac449ced6.mp3
klarweg-audio/public/audio/words/male/2a87becac449ced6.mp3,klarweg-audio-cdn/audio/male/2a87becac449ced6.mp3
klarweg-audio/public/audio/words/female/aa27b889d8a66148.mp3,klarweg-audio-cdn/audio/female/aa27b889d8a66148.mp3
klarweg-audio/public/audio/words/male/aa27b889d8a66148.mp3,klarweg-audio-cdn/audio/male/aa27b889d8a66148.mp3
klarweg-audio/public/audio/words/female/679e5df28b7d6a0c.mp3,klarweg-audio-cdn/audio/female/679e5df28b7d6a0c.mp3
klarweg-audio/public/audio/words/male/679e5df28b7d6a0c.mp3,klarweg-audio-cdn/audio/male/679e5df28b7d6a0c.mp3
klarweg-audio/public/audio/words/female/b98f104a1cad9f27.mp3,klarweg-audio-cdn/audio/female/b98f104a1cad9f27.mp3
klarweg-audio/public/audio/words/male/b98f104a1cad9f27.mp3,klarweg-audio-cdn/audio/male/b98f104a1cad9f27.mp3
klarweg-audio/public/audio/words/female/c54f2494f9db0321.mp3,klarweg-audio-cdn/audio/female/c54f2494f9db0321.mp3
klarweg-audio/public/audio/words/male/c54f2494f9db0321.mp3,klarweg-audio-cdn/audio/male/c54f2494f9db0321.mp3
klarweg-audio/public/audio/words/female/f4b98407254271e7.mp3,klarweg-audio-cdn/audio/female/f4b98407254271e7.mp3
klarweg-audio/public/audio/words/male/f4b98407254271e7.mp3,klarweg-audio-cdn/audio/male/f4b98407254271e7.mp3
klarweg-audio/public/audio/words/female/3e4f13f6b0ebb53e.mp3,klarweg-audio-cdn/audio/female/3e4f13f6b0ebb53e.mp3
klarweg-audio/public/audio/words/male/3e4f13f6b0ebb53e.mp3,klarweg-audio-cdn/audio/male/3e4f13f6b0ebb53e.mp3
klarweg-audio/public/audio/words/female/6ae32dc0c18d4acc.mp3,klarweg-audio-cdn/audio/female/6ae32dc0c18d4acc.mp3
klarweg-audio/public/audio/words/male/6ae32dc0c18d4acc.mp3,klarweg-audio-cdn/audio/male/6ae32dc0c18d4acc.mp3
klarweg-audio/public/audio/words/female/ca914ac8703696b5.mp3,klarweg-audio-cdn/audio/female/ca914ac8703696b5.mp3
klarweg-audio/public/audio/words/male/ca914ac8703696b5.mp3,klarweg-audio-cdn/audio/male/ca914ac8703696b5.mp3
klarweg-audio/public/audio/words/female/d7fd2742573d91ca.mp3,klarweg-audio-cdn/audio/female/d7fd2742573d91ca.mp3
klarweg-audio/public/audio/words/male/d7fd2742573d91ca.mp3,klarweg-audio-cdn/audio/male/d7fd2742573d91ca.mp3
klarweg-audio/public/audio/words/female/5fb93abaf138f952.mp3,klarweg-audio-cdn/audio/female/5fb93abaf138f952.mp3
klarweg-audio/public/audio/words/male/5fb93abaf138f952.mp3,klarweg-audio-cdn/audio/male/5fb93abaf138f952.mp3
klarweg-audio/public/audio/words/female/70f34c11bac7cbf9.mp3,klarweg-audio-cdn/audio/female/70f34c11bac7cbf9.mp3
klarweg-audio/public/audio/words/male/70f34c11bac7cbf9.mp3,klarweg-audio-cdn/audio/male/70f34c11bac7cbf9.mp3
klarweg-audio/public/audio/words/female/f7ce109a837ccc16.mp3,klarweg-audio-cdn/audio/female/f7ce109a837ccc16.mp3
klarweg-audio/public/audio/words/male/f7ce109a837ccc16.mp3,klarweg-audio-cdn/audio/male/f7ce109a837ccc16.mp3
klarweg-audio/public/audio/words/female/89c96ec12b2a3008.mp3,klarweg-audio-cdn/audio/female/89c96ec12b2a3008.mp3
klarweg-audio/public/audio/words/male/89c96ec12b2a3008.mp3,klarweg-audio-cdn/audio/male/89c96ec12b2a3008.mp3
klarweg-audio/public/audio/words/female/6b8baccb2f21e7cc.mp3,klarweg-audio-cdn/audio/female/6b8baccb2f21e7cc.mp3
klarweg-audio/public/audio/words/male/6b8baccb2f21e7cc.mp3,klarweg-audio-cdn/audio/male/6b8baccb2f21e7cc.mp3
klarweg-audio/public/audio/words/female/08d45bd491765ce9.mp3,klarweg-audio-cdn/audio/female/08d45bd491765ce9.mp3
klarweg-audio/public/audio/words/male/08d45bd491765ce9.mp3,klarweg-audio-cdn/audio/male/08d45bd491765ce9.mp3
klarweg-audio/public/audio/words/female/7fd87fbf5eca1022.mp3,klarweg-audio-cdn/audio/female/7fd87fbf5eca1022.mp3
klarweg-audio/public/audio/words/male/7fd87fbf5eca1022.mp3,klarweg-audio-cdn/audio/male/7fd87fbf5eca1022.mp3
klarweg-audio/public/audio/words/female/ac478c92465a4e3c.mp3,klarweg-audio-cdn/audio/female/ac478c92465a4e3c.mp3
klarweg-audio/public/audio/words/male/ac478c92465a4e3c.mp3,klarweg-audio-cdn/audio/male/ac478c92465a4e3c.mp3
klarweg-audio/public/audio/words/female/43ce6022b9318e93.mp3,klarweg-audio-cdn/audio/female/43ce6022b9318e93.mp3
klarweg-audio/public/audio/words/male/43ce6022b9318e93.mp3,klarweg-audio-cdn/audio/male/43ce6022b9318e93.mp3
klarweg-audio/public/audio/words/female/9ea3edf69c579667.mp3,klarweg-audio-cdn/audio/female/9ea3edf69c579667.mp3
klarweg-audio/public/audio/words/male/9ea3edf69c579667.mp3,klarweg-audio-cdn/audio/male/9ea3edf69c579667.mp3
klarweg-audio/public/audio/words/female/929f1ca4b2be58d7.mp3,klarweg-audio-cdn/audio/female/929f1ca4b2be58d7.mp3
klarweg-audio/public/audio/words/male/929f1ca4b2be58d7.mp3,klarweg-audio-cdn/audio/male/929f1ca4b2be58d7.mp3
klarweg-audio/public/audio/words/female/cf8bb8550cb88527.mp3,klarweg-audio-cdn/audio/female/cf8bb8550cb88527.mp3
klarweg-audio/public/audio/words/male/cf8bb8550cb88527.mp3,klarweg-audio-cdn/audio/male/cf8bb8550cb88527.mp3
klarweg-audio/public/audio/words/female/2fe6f3540f088373.mp3,klarweg-audio-cdn/audio/female/2fe6f3540f088373.mp3
klarweg-audio/public/audio/words/male/2fe6f3540f088373.mp3,klarweg-audio-cdn/audio/male/2fe6f3540f088373.mp3
klarweg-audio/public/audio/words/female/356d7d6c69a67f28.mp3,klarweg-audio-cdn/audio/female/356d7d6c69a67f28.mp3
klarweg-audio/public/audio/words/male/356d7d6c69a67f28.mp3,klarweg-audio-cdn/audio/male/356d7d6c69a67f28.mp3
klarweg-audio/public/audio/words/female/f52131dd299b0647.mp3,klarweg-audio-cdn/audio/female/f52131dd299b0647.mp3
klarweg-audio/public/audio/words/male/f52131dd299b0647.mp3,klarweg-audio-cdn/audio/male/f52131dd299b0647.mp3
klarweg-audio/public/audio/words/female/3b63a8775ad34d99.mp3,klarweg-audio-cdn/audio/female/3b63a8775ad34d99.mp3
klarweg-audio/public/audio/words/male/3b63a8775ad34d99.mp3,klarweg-audio-cdn/audio/male/3b63a8775ad34d99.mp3
klarweg-audio/public/audio/words/female/907d3a75c94ce758.mp3,klarweg-audio-cdn/audio/female/907d3a75c94ce758.mp3
klarweg-audio/public/audio/words/male/907d3a75c94ce758.mp3,klarweg-audio-cdn/audio/male/907d3a75c94ce758.mp3
klarweg-audio/public/audio/words/female/6f4470aa8a3e171c.mp3,klarweg-audio-cdn/audio/female/6f4470aa8a3e171c.mp3
klarweg-audio/public/audio/words/male/6f4470aa8a3e171c.mp3,klarweg-audio-cdn/audio/male/6f4470aa8a3e171c.mp3
klarweg-audio/public/audio/words/female/1a6aac5cfccfa116.mp3,klarweg-audio-cdn/audio/female/1a6aac5cfccfa116.mp3
klarweg-audio/public/audio/words/male/1a6aac5cfccfa116.mp3,klarweg-audio-cdn/audio/male/1a6aac5cfccfa116.mp3
klarweg-audio/public/audio/words/female/e0f1d12bf33ad77a.mp3,klarweg-audio-cdn/audio/female/e0f1d12bf33ad77a.mp3
klarweg-audio/public/audio/words/male/e0f1d12bf33ad77a.mp3,klarweg-audio-cdn/audio/male/e0f1d12bf33ad77a.mp3
klarweg-audio/public/audio/words/female/e11cb91a6244b4ce.mp3,klarweg-audio-cdn/audio/female/e11cb91a6244b4ce.mp3
klarweg-audio/public/audio/words/male/e11cb91a6244b4ce.mp3,klarweg-audio-cdn/audio/male/e11cb91a6244b4ce.mp3
klarweg-audio/public/audio/words/female/65c55d4bb8d8ad92.mp3,klarweg-audio-cdn/audio/female/65c55d4bb8d8ad92.mp3
klarweg-audio/public/audio/words/male/65c55d4bb8d8ad92.mp3,klarweg-audio-cdn/audio/male/65c55d4bb8d8ad92.mp3
klarweg-audio/public/audio/words/female/5d99599b60a043d4.mp3,klarweg-audio-cdn/audio/female/5d99599b60a043d4.mp3
klarweg-audio/public/audio/words/male/5d99599b60a043d4.mp3,klarweg-audio-cdn/audio/male/5d99599b60a043d4.mp3
klarweg-audio/public/audio/words/female/0f0aa408c1832abe.mp3,klarweg-audio-cdn/audio/female/0f0aa408c1832abe.mp3
klarweg-audio/public/audio/words/male/0f0aa408c1832abe.mp3,klarweg-audio-cdn/audio/male/0f0aa408c1832abe.mp3
klarweg-audio/public/audio/words/female/227835ebcc7b746e.mp3,klarweg-audio-cdn/audio/female/227835ebcc7b746e.mp3
klarweg-audio/public/audio/words/male/227835ebcc7b746e.mp3,klarweg-audio-cdn/audio/male/227835ebcc7b746e.mp3
klarweg-audio/public/audio/words/female/8686500d6c75cc9b.mp3,klarweg-audio-cdn/audio/female/8686500d6c75cc9b.mp3
klarweg-audio/public/audio/words/male/8686500d6c75cc9b.mp3,klarweg-audio-cdn/audio/male/8686500d6c75cc9b.mp3
klarweg-audio/public/audio/words/female/b63b99f6383ba713.mp3,klarweg-audio-cdn/audio/female/b63b99f6383ba713.mp3
klarweg-audio/public/audio/words/male/b63b99f6383ba713.mp3,klarweg-audio-cdn/audio/male/b63b99f6383ba713.mp3
klarweg-audio/public/audio/words/female/07f4964be311417a.mp3,klarweg-audio-cdn/audio/female/07f4964be311417a.mp3
klarweg-audio/public/audio/words/male/07f4964be311417a.mp3,klarweg-audio-cdn/audio/male/07f4964be311417a.mp3
klarweg-audio/public/audio/words/female/be55f49c924ce87c.mp3,klarweg-audio-cdn/audio/female/be55f49c924ce87c.mp3
klarweg-audio/public/audio/words/male/be55f49c924ce87c.mp3,klarweg-audio-cdn/audio/male/be55f49c924ce87c.mp3
klarweg-audio/public/audio/words/female/a0da933af08c0066.mp3,klarweg-audio-cdn/audio/female/a0da933af08c0066.mp3
klarweg-audio/public/audio/words/male/a0da933af08c0066.mp3,klarweg-audio-cdn/audio/male/a0da933af08c0066.mp3
klarweg-audio/public/audio/words/female/705105b00334e9f1.mp3,klarweg-audio-cdn/audio/female/705105b00334e9f1.mp3
klarweg-audio/public/audio/words/male/705105b00334e9f1.mp3,klarweg-audio-cdn/audio/male/705105b00334e9f1.mp3
klarweg-audio/public/audio/words/female/76541c29d1e6db0b.mp3,klarweg-audio-cdn/audio/female/76541c29d1e6db0b.mp3
klarweg-audio/public/audio/words/male/76541c29d1e6db0b.mp3,klarweg-audio-cdn/audio/male/76541c29d1e6db0b.mp3
klarweg-audio/public/audio/words/female/5281e4cf0e28cc0e.mp3,klarweg-audio-cdn/audio/female/5281e4cf0e28cc0e.mp3
klarweg-audio/public/audio/words/male/5281e4cf0e28cc0e.mp3,klarweg-audio-cdn/audio/male/5281e4cf0e28cc0e.mp3
klarweg-audio/public/audio/words/female/cba3bf6ff960e9d0.mp3,klarweg-audio-cdn/audio/female/cba3bf6ff960e9d0.mp3
klarweg-audio/public/audio/words/male/cba3bf6ff960e9d0.mp3,klarweg-audio-cdn/audio/male/cba3bf6ff960e9d0.mp3
klarweg-audio/public/audio/words/female/4c2da3e99d2826f2.mp3,klarweg-audio-cdn/audio/female/4c2da3e99d2826f2.mp3
klarweg-audio/public/audio/words/male/4c2da3e99d2826f2.mp3,klarweg-audio-cdn/audio/male/4c2da3e99d2826f2.mp3
klarweg-audio/public/audio/words/female/9926b4b832aad391.mp3,klarweg-audio-cdn/audio/female/9926b4b832aad391.mp3
klarweg-audio/public/audio/words/male/9926b4b832aad391.mp3,klarweg-audio-cdn/audio/male/9926b4b832aad391.mp3
klarweg-audio/public/audio/words/female/258b3bc751977eb0.mp3,klarweg-audio-cdn/audio/female/258b3bc751977eb0.mp3
klarweg-audio/public/audio/words/male/258b3bc751977eb0.mp3,klarweg-audio-cdn/audio/male/258b3bc751977eb0.mp3
klarweg-audio/public/audio/words/female/039c08ea7d3c8ac1.mp3,klarweg-audio-cdn/audio/female/039c08ea7d3c8ac1.mp3
klarweg-audio/public/audio/words/male/039c08ea7d3c8ac1.mp3,klarweg-audio-cdn/audio/male/039c08ea7d3c8ac1.mp3
klarweg-audio/public/audio/words/female/d812c4d4431dac67.mp3,klarweg-audio-cdn/audio/female/d812c4d4431dac67.mp3
klarweg-audio/public/audio/words/male/d812c4d4431dac67.mp3,klarweg-audio-cdn/audio/male/d812c4d4431dac67.mp3
klarweg-audio/public/audio/words/female/f741046fdac8702d.mp3,klarweg-audio-cdn/audio/female/f741046fdac8702d.mp3
klarweg-audio/public/audio/words/male/f741046fdac8702d.mp3,klarweg-audio-cdn/audio/male/f741046fdac8702d.mp3
klarweg-audio/public/audio/words/female/b9f7335e5cd7d814.mp3,klarweg-audio-cdn/audio/female/b9f7335e5cd7d814.mp3
klarweg-audio/public/audio/words/male/b9f7335e5cd7d814.mp3,klarweg-audio-cdn/audio/male/b9f7335e5cd7d814.mp3
klarweg-audio/public/audio/words/female/e797c0013811a1d1.mp3,klarweg-audio-cdn/audio/female/e797c0013811a1d1.mp3
klarweg-audio/public/audio/words/male/e797c0013811a1d1.mp3,klarweg-audio-cdn/audio/male/e797c0013811a1d1.mp3
klarweg-audio/public/audio/words/female/35487809a6ee83cc.mp3,klarweg-audio-cdn/audio/female/35487809a6ee83cc.mp3
klarweg-audio/public/audio/words/male/35487809a6ee83cc.mp3,klarweg-audio-cdn/audio/male/35487809a6ee83cc.mp3
klarweg-audio/public/audio/words/female/4a3f1139f614aab2.mp3,klarweg-audio-cdn/audio/female/4a3f1139f614aab2.mp3
klarweg-audio/public/audio/words/male/4a3f1139f614aab2.mp3,klarweg-audio-cdn/audio/male/4a3f1139f614aab2.mp3
klarweg-audio/public/audio/words/female/01ee4019f0dc2558.mp3,klarweg-audio-cdn/audio/female/01ee4019f0dc2558.mp3
klarweg-audio/public/audio/words/male/01ee4019f0dc2558.mp3,klarweg-audio-cdn/audio/male/01ee4019f0dc2558.mp3
klarweg-audio/public/audio/words/female/2b11749ab802b7fd.mp3,klarweg-audio-cdn/audio/female/2b11749ab802b7fd.mp3
klarweg-audio/public/audio/words/male/2b11749ab802b7fd.mp3,klarweg-audio-cdn/audio/male/2b11749ab802b7fd.mp3
klarweg-audio/public/audio/words/female/dda8ec0c3aea1b99.mp3,klarweg-audio-cdn/audio/female/dda8ec0c3aea1b99.mp3
klarweg-audio/public/audio/words/male/dda8ec0c3aea1b99.mp3,klarweg-audio-cdn/audio/male/dda8ec0c3aea1b99.mp3
klarweg-audio/public/audio/words/female/0007489cd4b0a84b.mp3,klarweg-audio-cdn/audio/female/0007489cd4b0a84b.mp3
klarweg-audio/public/audio/words/male/0007489cd4b0a84b.mp3,klarweg-audio-cdn/audio/male/0007489cd4b0a84b.mp3
klarweg-audio/public/audio/words/female/15b7fc716a39e0c7.mp3,klarweg-audio-cdn/audio/female/15b7fc716a39e0c7.mp3
klarweg-audio/public/audio/words/male/15b7fc716a39e0c7.mp3,klarweg-audio-cdn/audio/male/15b7fc716a39e0c7.mp3
klarweg-audio/public/audio/words/female/40da704412ee6dfb.mp3,klarweg-audio-cdn/audio/female/40da704412ee6dfb.mp3
klarweg-audio/public/audio/words/male/40da704412ee6dfb.mp3,klarweg-audio-cdn/audio/male/40da704412ee6dfb.mp3
klarweg-audio/public/audio/words/female/6cece6c1ea57f6ef.mp3,klarweg-audio-cdn/audio/female/6cece6c1ea57f6ef.mp3
klarweg-audio/public/audio/words/male/6cece6c1ea57f6ef.mp3,klarweg-audio-cdn/audio/male/6cece6c1ea57f6ef.mp3
klarweg-audio/public/audio/words/female/1a3a0ff076fbfa58.mp3,klarweg-audio-cdn/audio/female/1a3a0ff076fbfa58.mp3
klarweg-audio/public/audio/words/male/1a3a0ff076fbfa58.mp3,klarweg-audio-cdn/audio/male/1a3a0ff076fbfa58.mp3
klarweg-audio/public/audio/words/female/999da4de4d657b8e.mp3,klarweg-audio-cdn/audio/female/999da4de4d657b8e.mp3
klarweg-audio/public/audio/words/male/999da4de4d657b8e.mp3,klarweg-audio-cdn/audio/male/999da4de4d657b8e.mp3
klarweg-audio/public/audio/words/female/8fb391fb1c42da3a.mp3,klarweg-audio-cdn/audio/female/8fb391fb1c42da3a.mp3
klarweg-audio/public/audio/words/male/8fb391fb1c42da3a.mp3,klarweg-audio-cdn/audio/male/8fb391fb1c42da3a.mp3
klarweg-audio/public/audio/words/female/ed83bb1519d2dd3e.mp3,klarweg-audio-cdn/audio/female/ed83bb1519d2dd3e.mp3
klarweg-audio/public/audio/words/male/ed83bb1519d2dd3e.mp3,klarweg-audio-cdn/audio/male/ed83bb1519d2dd3e.mp3
klarweg-audio/public/audio/words/female/f8f26225fd1d7a1c.mp3,klarweg-audio-cdn/audio/female/f8f26225fd1d7a1c.mp3
klarweg-audio/public/audio/words/male/f8f26225fd1d7a1c.mp3,klarweg-audio-cdn/audio/male/f8f26225fd1d7a1c.mp3
klarweg-audio/public/audio/words/female/c58061e325595c57.mp3,klarweg-audio-cdn/audio/female/c58061e325595c57.mp3
klarweg-audio/public/audio/words/male/c58061e325595c57.mp3,klarweg-audio-cdn/audio/male/c58061e325595c57.mp3
klarweg-audio/public/audio/words/female/5d0f856ff3a6f541.mp3,klarweg-audio-cdn/audio/female/5d0f856ff3a6f541.mp3
klarweg-audio/public/audio/words/male/5d0f856ff3a6f541.mp3,klarweg-audio-cdn/audio/male/5d0f856ff3a6f541.mp3
klarweg-audio/public/audio/words/female/4944af70480b82a6.mp3,klarweg-audio-cdn/audio/female/4944af70480b82a6.mp3
klarweg-audio/public/audio/words/male/4944af70480b82a6.mp3,klarweg-audio-cdn/audio/male/4944af70480b82a6.mp3
klarweg-audio/public/audio/words/female/75e6d0fc3c87a18e.mp3,klarweg-audio-cdn/audio/female/75e6d0fc3c87a18e.mp3
klarweg-audio/public/audio/words/male/75e6d0fc3c87a18e.mp3,klarweg-audio-cdn/audio/male/75e6d0fc3c87a18e.mp3
klarweg-audio/public/audio/words/female/153a94538ccb5e2e.mp3,klarweg-audio-cdn/audio/female/153a94538ccb5e2e.mp3
klarweg-audio/public/audio/words/male/153a94538ccb5e2e.mp3,klarweg-audio-cdn/audio/male/153a94538ccb5e2e.mp3
klarweg-audio/public/audio/words/female/f1899985b91147e5.mp3,klarweg-audio-cdn/audio/female/f1899985b91147e5.mp3
klarweg-audio/public/audio/words/male/f1899985b91147e5.mp3,klarweg-audio-cdn/audio/male/f1899985b91147e5.mp3
klarweg-audio/public/audio/words/female/0151d86fc4284f38.mp3,klarweg-audio-cdn/audio/female/0151d86fc4284f38.mp3
klarweg-audio/public/audio/words/male/0151d86fc4284f38.mp3,klarweg-audio-cdn/audio/male/0151d86fc4284f38.mp3
klarweg-audio/public/audio/words/female/29bf07a11592d69f.mp3,klarweg-audio-cdn/audio/female/29bf07a11592d69f.mp3
klarweg-audio/public/audio/words/male/29bf07a11592d69f.mp3,klarweg-audio-cdn/audio/male/29bf07a11592d69f.mp3
klarweg-audio/public/audio/words/female/b49d7e8de3c7f289.mp3,klarweg-audio-cdn/audio/female/b49d7e8de3c7f289.mp3
klarweg-audio/public/audio/words/male/b49d7e8de3c7f289.mp3,klarweg-audio-cdn/audio/male/b49d7e8de3c7f289.mp3
klarweg-audio/public/audio/words/female/9a27f8494941d641.mp3,klarweg-audio-cdn/audio/female/9a27f8494941d641.mp3
klarweg-audio/public/audio/words/male/9a27f8494941d641.mp3,klarweg-audio-cdn/audio/male/9a27f8494941d641.mp3
klarweg-audio/public/audio/words/female/bedd6f98909f0da2.mp3,klarweg-audio-cdn/audio/female/bedd6f98909f0da2.mp3
klarweg-audio/public/audio/words/male/bedd6f98909f0da2.mp3,klarweg-audio-cdn/audio/male/bedd6f98909f0da2.mp3
klarweg-audio/public/audio/words/female/0ba644700be57973.mp3,klarweg-audio-cdn/audio/female/0ba644700be57973.mp3
klarweg-audio/public/audio/words/male/0ba644700be57973.mp3,klarweg-audio-cdn/audio/male/0ba644700be57973.mp3
klarweg-audio/public/audio/words/female/897169c2507737c5.mp3,klarweg-audio-cdn/audio/female/897169c2507737c5.mp3
klarweg-audio/public/audio/words/male/897169c2507737c5.mp3,klarweg-audio-cdn/audio/male/897169c2507737c5.mp3
klarweg-audio/public/audio/words/female/0a4fa400b3af8ba5.mp3,klarweg-audio-cdn/audio/female/0a4fa400b3af8ba5.mp3
klarweg-audio/public/audio/words/male/0a4fa400b3af8ba5.mp3,klarweg-audio-cdn/audio/male/0a4fa400b3af8ba5.mp3
klarweg-audio/public/audio/words/female/82cefa8283d30fda.mp3,klarweg-audio-cdn/audio/female/82cefa8283d30fda.mp3
klarweg-audio/public/audio/words/male/82cefa8283d30fda.mp3,klarweg-audio-cdn/audio/male/82cefa8283d30fda.mp3
klarweg-audio/public/audio/words/female/c0d171272d6fc6d1.mp3,klarweg-audio-cdn/audio/female/c0d171272d6fc6d1.mp3
klarweg-audio/public/audio/words/male/c0d171272d6fc6d1.mp3,klarweg-audio-cdn/audio/male/c0d171272d6fc6d1.mp3
klarweg-audio/public/audio/words/female/88f7591d8af4d5d8.mp3,klarweg-audio-cdn/audio/female/88f7591d8af4d5d8.mp3
klarweg-audio/public/audio/words/male/88f7591d8af4d5d8.mp3,klarweg-audio-cdn/audio/male/88f7591d8af4d5d8.mp3
klarweg-audio/public/audio/words/female/a2b2a71af443e376.mp3,klarweg-audio-cdn/audio/female/a2b2a71af443e376.mp3
klarweg-audio/public/audio/words/male/a2b2a71af443e376.mp3,klarweg-audio-cdn/audio/male/a2b2a71af443e376.mp3
klarweg-audio/public/audio/words/female/150805392ea240a6.mp3,klarweg-audio-cdn/audio/female/150805392ea240a6.mp3
klarweg-audio/public/audio/words/male/150805392ea240a6.mp3,klarweg-audio-cdn/audio/male/150805392ea240a6.mp3
klarweg-audio/public/audio/words/female/b00738a0f797aa3b.mp3,klarweg-audio-cdn/audio/female/b00738a0f797aa3b.mp3
klarweg-audio/public/audio/words/male/b00738a0f797aa3b.mp3,klarweg-audio-cdn/audio/male/b00738a0f797aa3b.mp3
klarweg-audio/public/audio/words/female/c90e298cb9c66acf.mp3,klarweg-audio-cdn/audio/female/c90e298cb9c66acf.mp3
klarweg-audio/public/audio/words/male/c90e298cb9c66acf.mp3,klarweg-audio-cdn/audio/male/c90e298cb9c66acf.mp3
klarweg-audio/public/audio/words/female/ccd1d16622a3d2a1.mp3,klarweg-audio-cdn/audio/female/ccd1d16622a3d2a1.mp3
klarweg-audio/public/audio/words/male/ccd1d16622a3d2a1.mp3,klarweg-audio-cdn/audio/male/ccd1d16622a3d2a1.mp3
klarweg-audio/public/audio/words/female/da719fd7cd54ba65.mp3,klarweg-audio-cdn/audio/female/da719fd7cd54ba65.mp3
klarweg-audio/public/audio/words/male/da719fd7cd54ba65.mp3,klarweg-audio-cdn/audio/male/da719fd7cd54ba65.mp3
klarweg-audio/public/audio/words/female/4f6d925e21c10e2a.mp3,klarweg-audio-cdn/audio/female/4f6d925e21c10e2a.mp3
klarweg-audio/public/audio/words/male/4f6d925e21c10e2a.mp3,klarweg-audio-cdn/audio/male/4f6d925e21c10e2a.mp3
klarweg-audio/public/audio/words/female/189d9577524c1841.mp3,klarweg-audio-cdn/audio/female/189d9577524c1841.mp3
klarweg-audio/public/audio/words/male/189d9577524c1841.mp3,klarweg-audio-cdn/audio/male/189d9577524c1841.mp3
klarweg-audio/public/audio/words/female/6f1c3dd066fc384f.mp3,klarweg-audio-cdn/audio/female/6f1c3dd066fc384f.mp3
klarweg-audio/public/audio/words/male/6f1c3dd066fc384f.mp3,klarweg-audio-cdn/audio/male/6f1c3dd066fc384f.mp3
klarweg-audio/public/audio/words/female/47d52135a77b7f6f.mp3,klarweg-audio-cdn/audio/female/47d52135a77b7f6f.mp3
klarweg-audio/public/audio/words/male/47d52135a77b7f6f.mp3,klarweg-audio-cdn/audio/male/47d52135a77b7f6f.mp3
klarweg-audio/public/audio/words/female/2e128521ab7b2da8.mp3,klarweg-audio-cdn/audio/female/2e128521ab7b2da8.mp3
klarweg-audio/public/audio/words/male/2e128521ab7b2da8.mp3,klarweg-audio-cdn/audio/male/2e128521ab7b2da8.mp3
klarweg-audio/public/audio/words/female/5698297c083ca40a.mp3,klarweg-audio-cdn/audio/female/5698297c083ca40a.mp3
klarweg-audio/public/audio/words/male/5698297c083ca40a.mp3,klarweg-audio-cdn/audio/male/5698297c083ca40a.mp3
klarweg-audio/public/audio/words/female/02d32e49b917481d.mp3,klarweg-audio-cdn/audio/female/02d32e49b917481d.mp3
klarweg-audio/public/audio/words/male/02d32e49b917481d.mp3,klarweg-audio-cdn/audio/male/02d32e49b917481d.mp3
klarweg-audio/public/audio/words/female/98360a5943ce1ff1.mp3,klarweg-audio-cdn/audio/female/98360a5943ce1ff1.mp3
klarweg-audio/public/audio/words/male/98360a5943ce1ff1.mp3,klarweg-audio-cdn/audio/male/98360a5943ce1ff1.mp3
klarweg-audio/public/audio/words/female/0b722db40164f1a6.mp3,klarweg-audio-cdn/audio/female/0b722db40164f1a6.mp3
klarweg-audio/public/audio/words/male/0b722db40164f1a6.mp3,klarweg-audio-cdn/audio/male/0b722db40164f1a6.mp3
klarweg-audio/public/audio/words/female/550f7a64816f20f7.mp3,klarweg-audio-cdn/audio/female/550f7a64816f20f7.mp3
klarweg-audio/public/audio/words/male/550f7a64816f20f7.mp3,klarweg-audio-cdn/audio/male/550f7a64816f20f7.mp3
klarweg-audio/public/audio/words/female/78280005cf0ea241.mp3,klarweg-audio-cdn/audio/female/78280005cf0ea241.mp3
klarweg-audio/public/audio/words/male/78280005cf0ea241.mp3,klarweg-audio-cdn/audio/male/78280005cf0ea241.mp3
klarweg-audio/public/audio/words/female/1feede4d1839b04d.mp3,klarweg-audio-cdn/audio/female/1feede4d1839b04d.mp3
klarweg-audio/public/audio/words/male/1feede4d1839b04d.mp3,klarweg-audio-cdn/audio/male/1feede4d1839b04d.mp3
klarweg-audio/public/audio/words/female/cd2a56ee1cb695c0.mp3,klarweg-audio-cdn/audio/female/cd2a56ee1cb695c0.mp3
klarweg-audio/public/audio/words/male/cd2a56ee1cb695c0.mp3,klarweg-audio-cdn/audio/male/cd2a56ee1cb695c0.mp3
klarweg-audio/public/audio/words/female/9dbe3cfc5af797f3.mp3,klarweg-audio-cdn/audio/female/9dbe3cfc5af797f3.mp3
klarweg-audio/public/audio/words/male/9dbe3cfc5af797f3.mp3,klarweg-audio-cdn/audio/male/9dbe3cfc5af797f3.mp3
klarweg-audio/public/audio/words/female/9c37e31548b1adfd.mp3,klarweg-audio-cdn/audio/female/9c37e31548b1adfd.mp3
klarweg-audio/public/audio/words/male/9c37e31548b1adfd.mp3,klarweg-audio-cdn/audio/male/9c37e31548b1adfd.mp3
klarweg-audio/public/audio/words/female/5ef962f1d4047edf.mp3,klarweg-audio-cdn/audio/female/5ef962f1d4047edf.mp3
klarweg-audio/public/audio/words/male/5ef962f1d4047edf.mp3,klarweg-audio-cdn/audio/male/5ef962f1d4047edf.mp3
klarweg-audio/public/audio/words/female/05d737d9fde66872.mp3,klarweg-audio-cdn/audio/female/05d737d9fde66872.mp3
klarweg-audio/public/audio/words/male/05d737d9fde66872.mp3,klarweg-audio-cdn/audio/male/05d737d9fde66872.mp3
klarweg-audio/public/audio/words/female/85a6bda440fb16b9.mp3,klarweg-audio-cdn/audio/female/85a6bda440fb16b9.mp3
klarweg-audio/public/audio/words/male/85a6bda440fb16b9.mp3,klarweg-audio-cdn/audio/male/85a6bda440fb16b9.mp3
klarweg-audio/public/audio/words/female/f7ecf587ae23d081.mp3,klarweg-audio-cdn/audio/female/f7ecf587ae23d081.mp3
klarweg-audio/public/audio/words/male/f7ecf587ae23d081.mp3,klarweg-audio-cdn/audio/male/f7ecf587ae23d081.mp3
klarweg-audio/public/audio/words/female/b07d6029c657fff6.mp3,klarweg-audio-cdn/audio/female/b07d6029c657fff6.mp3
klarweg-audio/public/audio/words/male/b07d6029c657fff6.mp3,klarweg-audio-cdn/audio/male/b07d6029c657fff6.mp3
klarweg-audio/public/audio/words/female/70f5f8852578418e.mp3,klarweg-audio-cdn/audio/female/70f5f8852578418e.mp3
klarweg-audio/public/audio/words/male/70f5f8852578418e.mp3,klarweg-audio-cdn/audio/male/70f5f8852578418e.mp3
klarweg-audio/public/audio/words/female/86334d5fd3a75af9.mp3,klarweg-audio-cdn/audio/female/86334d5fd3a75af9.mp3
klarweg-audio/public/audio/words/male/86334d5fd3a75af9.mp3,klarweg-audio-cdn/audio/male/86334d5fd3a75af9.mp3
klarweg-audio/public/audio/words/female/e0237be37e22ff87.mp3,klarweg-audio-cdn/audio/female/e0237be37e22ff87.mp3
klarweg-audio/public/audio/words/male/e0237be37e22ff87.mp3,klarweg-audio-cdn/audio/male/e0237be37e22ff87.mp3
klarweg-audio/public/audio/words/female/e149c968630bbac9.mp3,klarweg-audio-cdn/audio/female/e149c968630bbac9.mp3
klarweg-audio/public/audio/words/male/e149c968630bbac9.mp3,klarweg-audio-cdn/audio/male/e149c968630bbac9.mp3
klarweg-audio/public/audio/words/female/b3b42a8a71bf2f89.mp3,klarweg-audio-cdn/audio/female/b3b42a8a71bf2f89.mp3
klarweg-audio/public/audio/words/male/b3b42a8a71bf2f89.mp3,klarweg-audio-cdn/audio/male/b3b42a8a71bf2f89.mp3
klarweg-audio/public/audio/words/female/ee8f004aba7bc734.mp3,klarweg-audio-cdn/audio/female/ee8f004aba7bc734.mp3
klarweg-audio/public/audio/words/male/ee8f004aba7bc734.mp3,klarweg-audio-cdn/audio/male/ee8f004aba7bc734.mp3
klarweg-audio/public/audio/words/female/1752f0682de3751e.mp3,klarweg-audio-cdn/audio/female/1752f0682de3751e.mp3
klarweg-audio/public/audio/words/male/1752f0682de3751e.mp3,klarweg-audio-cdn/audio/male/1752f0682de3751e.mp3
klarweg-audio/public/audio/words/female/c5247de5509cda6a.mp3,klarweg-audio-cdn/audio/female/c5247de5509cda6a.mp3
klarweg-audio/public/audio/words/male/c5247de5509cda6a.mp3,klarweg-audio-cdn/audio/male/c5247de5509cda6a.mp3
klarweg-audio/public/audio/words/female/a1c3b8c8d57c4b5f.mp3,klarweg-audio-cdn/audio/female/a1c3b8c8d57c4b5f.mp3
klarweg-audio/public/audio/words/male/a1c3b8c8d57c4b5f.mp3,klarweg-audio-cdn/audio/male/a1c3b8c8d57c4b5f.mp3
klarweg-audio/public/audio/words/female/07a89a220e679358.mp3,klarweg-audio-cdn/audio/female/07a89a220e679358.mp3
klarweg-audio/public/audio/words/male/07a89a220e679358.mp3,klarweg-audio-cdn/audio/male/07a89a220e679358.mp3
klarweg-audio/public/audio/words/female/17ca6614da92187b.mp3,klarweg-audio-cdn/audio/female/17ca6614da92187b.mp3
klarweg-audio/public/audio/words/male/17ca6614da92187b.mp3,klarweg-audio-cdn/audio/male/17ca6614da92187b.mp3
klarweg-audio/public/audio/words/female/2b2640f29ba334a5.mp3,klarweg-audio-cdn/audio/female/2b2640f29ba334a5.mp3
klarweg-audio/public/audio/words/male/2b2640f29ba334a5.mp3,klarweg-audio-cdn/audio/male/2b2640f29ba334a5.mp3
klarweg-audio/public/audio/words/female/3311e1456c197823.mp3,klarweg-audio-cdn/audio/female/3311e1456c197823.mp3
klarweg-audio/public/audio/words/male/3311e1456c197823.mp3,klarweg-audio-cdn/audio/male/3311e1456c197823.mp3
klarweg-audio/public/audio/words/female/cffff7330d51b217.mp3,klarweg-audio-cdn/audio/female/cffff7330d51b217.mp3
klarweg-audio/public/audio/words/male/cffff7330d51b217.mp3,klarweg-audio-cdn/audio/male/cffff7330d51b217.mp3
klarweg-audio/public/audio/words/female/655bb19929ca2aa5.mp3,klarweg-audio-cdn/audio/female/655bb19929ca2aa5.mp3
klarweg-audio/public/audio/words/male/655bb19929ca2aa5.mp3,klarweg-audio-cdn/audio/male/655bb19929ca2aa5.mp3
klarweg-audio/public/audio/words/female/b66d65cbcc19203b.mp3,klarweg-audio-cdn/audio/female/b66d65cbcc19203b.mp3
klarweg-audio/public/audio/words/male/b66d65cbcc19203b.mp3,klarweg-audio-cdn/audio/male/b66d65cbcc19203b.mp3
klarweg-audio/public/audio/words/female/345279238813c40e.mp3,klarweg-audio-cdn/audio/female/345279238813c40e.mp3
klarweg-audio/public/audio/words/male/345279238813c40e.mp3,klarweg-audio-cdn/audio/male/345279238813c40e.mp3
klarweg-audio/public/audio/words/female/de508c6ec12e7eda.mp3,klarweg-audio-cdn/audio/female/de508c6ec12e7eda.mp3
klarweg-audio/public/audio/words/male/de508c6ec12e7eda.mp3,klarweg-audio-cdn/audio/male/de508c6ec12e7eda.mp3
klarweg-audio/public/audio/words/female/8203934551c0b29b.mp3,klarweg-audio-cdn/audio/female/8203934551c0b29b.mp3
klarweg-audio/public/audio/words/male/8203934551c0b29b.mp3,klarweg-audio-cdn/audio/male/8203934551c0b29b.mp3
klarweg-audio/public/audio/words/female/b6a7041acd92e4ab.mp3,klarweg-audio-cdn/audio/female/b6a7041acd92e4ab.mp3
klarweg-audio/public/audio/words/male/b6a7041acd92e4ab.mp3,klarweg-audio-cdn/audio/male/b6a7041acd92e4ab.mp3
klarweg-audio/public/audio/words/female/a6f257168a9f776e.mp3,klarweg-audio-cdn/audio/female/a6f257168a9f776e.mp3
klarweg-audio/public/audio/words/male/a6f257168a9f776e.mp3,klarweg-audio-cdn/audio/male/a6f257168a9f776e.mp3
klarweg-audio/public/audio/words/female/5cdbadb420f923c3.mp3,klarweg-audio-cdn/audio/female/5cdbadb420f923c3.mp3
klarweg-audio/public/audio/words/male/5cdbadb420f923c3.mp3,klarweg-audio-cdn/audio/male/5cdbadb420f923c3.mp3
klarweg-audio/public/audio/words/female/7fcb712b48a34f69.mp3,klarweg-audio-cdn/audio/female/7fcb712b48a34f69.mp3
klarweg-audio/public/audio/words/male/7fcb712b48a34f69.mp3,klarweg-audio-cdn/audio/male/7fcb712b48a34f69.mp3
klarweg-audio/public/audio/words/female/9769c214bb5c14d1.mp3,klarweg-audio-cdn/audio/female/9769c214bb5c14d1.mp3
klarweg-audio/public/audio/words/male/9769c214bb5c14d1.mp3,klarweg-audio-cdn/audio/male/9769c214bb5c14d1.mp3
klarweg-audio/public/audio/words/female/143297931dfeecd1.mp3,klarweg-audio-cdn/audio/female/143297931dfeecd1.mp3
klarweg-audio/public/audio/words/male/143297931dfeecd1.mp3,klarweg-audio-cdn/audio/male/143297931dfeecd1.mp3
klarweg-audio/public/audio/words/female/f1c8991d0eafe32d.mp3,klarweg-audio-cdn/audio/female/f1c8991d0eafe32d.mp3
klarweg-audio/public/audio/words/male/f1c8991d0eafe32d.mp3,klarweg-audio-cdn/audio/male/f1c8991d0eafe32d.mp3
klarweg-audio/public/audio/words/female/bb2f7bdc02ea45fa.mp3,klarweg-audio-cdn/audio/female/bb2f7bdc02ea45fa.mp3
klarweg-audio/public/audio/words/male/bb2f7bdc02ea45fa.mp3,klarweg-audio-cdn/audio/male/bb2f7bdc02ea45fa.mp3
klarweg-audio/public/audio/words/female/e9c27104b64759c2.mp3,klarweg-audio-cdn/audio/female/e9c27104b64759c2.mp3
klarweg-audio/public/audio/words/male/e9c27104b64759c2.mp3,klarweg-audio-cdn/audio/male/e9c27104b64759c2.mp3
klarweg-audio/public/audio/words/female/e6ef1607d712270f.mp3,klarweg-audio-cdn/audio/female/e6ef1607d712270f.mp3
klarweg-audio/public/audio/words/male/e6ef1607d712270f.mp3,klarweg-audio-cdn/audio/male/e6ef1607d712270f.mp3
klarweg-audio/public/audio/words/female/a390ed15b3f95c68.mp3,klarweg-audio-cdn/audio/female/a390ed15b3f95c68.mp3
klarweg-audio/public/audio/words/male/a390ed15b3f95c68.mp3,klarweg-audio-cdn/audio/male/a390ed15b3f95c68.mp3
klarweg-audio/public/audio/words/female/6f5e99634a9d6659.mp3,klarweg-audio-cdn/audio/female/6f5e99634a9d6659.mp3
klarweg-audio/public/audio/words/male/6f5e99634a9d6659.mp3,klarweg-audio-cdn/audio/male/6f5e99634a9d6659.mp3
klarweg-audio/public/audio/words/female/856853451e3f2979.mp3,klarweg-audio-cdn/audio/female/856853451e3f2979.mp3
klarweg-audio/public/audio/words/male/856853451e3f2979.mp3,klarweg-audio-cdn/audio/male/856853451e3f2979.mp3
klarweg-audio/public/audio/words/female/6b5b2c750e67dbf6.mp3,klarweg-audio-cdn/audio/female/6b5b2c750e67dbf6.mp3
klarweg-audio/public/audio/words/male/6b5b2c750e67dbf6.mp3,klarweg-audio-cdn/audio/male/6b5b2c750e67dbf6.mp3
klarweg-audio/public/audio/words/female/cc550d9e9951ac9f.mp3,klarweg-audio-cdn/audio/female/cc550d9e9951ac9f.mp3
klarweg-audio/public/audio/words/male/cc550d9e9951ac9f.mp3,klarweg-audio-cdn/audio/male/cc550d9e9951ac9f.mp3
klarweg-audio/public/audio/words/female/9fb1316449c10944.mp3,klarweg-audio-cdn/audio/female/9fb1316449c10944.mp3
klarweg-audio/public/audio/words/male/9fb1316449c10944.mp3,klarweg-audio-cdn/audio/male/9fb1316449c10944.mp3
klarweg-audio/public/audio/words/female/87bf5becfb27fb3b.mp3,klarweg-audio-cdn/audio/female/87bf5becfb27fb3b.mp3
klarweg-audio/public/audio/words/male/87bf5becfb27fb3b.mp3,klarweg-audio-cdn/audio/male/87bf5becfb27fb3b.mp3
klarweg-audio/public/audio/words/female/0f89b3fc161fb884.mp3,klarweg-audio-cdn/audio/female/0f89b3fc161fb884.mp3
klarweg-audio/public/audio/words/male/0f89b3fc161fb884.mp3,klarweg-audio-cdn/audio/male/0f89b3fc161fb884.mp3
klarweg-audio/public/audio/words/female/12460c3c6196bf53.mp3,klarweg-audio-cdn/audio/female/12460c3c6196bf53.mp3
klarweg-audio/public/audio/words/male/12460c3c6196bf53.mp3,klarweg-audio-cdn/audio/male/12460c3c6196bf53.mp3
klarweg-audio/public/audio/words/female/3f4cc02537536e4b.mp3,klarweg-audio-cdn/audio/female/3f4cc02537536e4b.mp3
klarweg-audio/public/audio/words/male/3f4cc02537536e4b.mp3,klarweg-audio-cdn/audio/male/3f4cc02537536e4b.mp3
klarweg-audio/public/audio/words/female/38b8f0f1d5079a65.mp3,klarweg-audio-cdn/audio/female/38b8f0f1d5079a65.mp3
klarweg-audio/public/audio/words/male/38b8f0f1d5079a65.mp3,klarweg-audio-cdn/audio/male/38b8f0f1d5079a65.mp3
klarweg-audio/public/audio/words/female/1fdab5e29cb2e329.mp3,klarweg-audio-cdn/audio/female/1fdab5e29cb2e329.mp3
klarweg-audio/public/audio/words/male/1fdab5e29cb2e329.mp3,klarweg-audio-cdn/audio/male/1fdab5e29cb2e329.mp3
klarweg-audio/public/audio/words/female/46aa232b70fa4068.mp3,klarweg-audio-cdn/audio/female/46aa232b70fa4068.mp3
klarweg-audio/public/audio/words/male/46aa232b70fa4068.mp3,klarweg-audio-cdn/audio/male/46aa232b70fa4068.mp3
klarweg-audio/public/audio/words/female/e40ec211054c6054.mp3,klarweg-audio-cdn/audio/female/e40ec211054c6054.mp3
klarweg-audio/public/audio/words/male/e40ec211054c6054.mp3,klarweg-audio-cdn/audio/male/e40ec211054c6054.mp3
klarweg-audio/public/audio/words/female/5897b00b413dc92b.mp3,klarweg-audio-cdn/audio/female/5897b00b413dc92b.mp3
klarweg-audio/public/audio/words/male/5897b00b413dc92b.mp3,klarweg-audio-cdn/audio/male/5897b00b413dc92b.mp3
klarweg-audio/public/audio/words/female/6b868db9bd585a9e.mp3,klarweg-audio-cdn/audio/female/6b868db9bd585a9e.mp3
klarweg-audio/public/audio/words/male/6b868db9bd585a9e.mp3,klarweg-audio-cdn/audio/male/6b868db9bd585a9e.mp3
klarweg-audio/public/audio/words/female/4d67d5e93414d9c6.mp3,klarweg-audio-cdn/audio/female/4d67d5e93414d9c6.mp3
klarweg-audio/public/audio/words/male/4d67d5e93414d9c6.mp3,klarweg-audio-cdn/audio/male/4d67d5e93414d9c6.mp3
klarweg-audio/public/audio/words/female/6ca19aeb61a4f7d5.mp3,klarweg-audio-cdn/audio/female/6ca19aeb61a4f7d5.mp3
klarweg-audio/public/audio/words/male/6ca19aeb61a4f7d5.mp3,klarweg-audio-cdn/audio/male/6ca19aeb61a4f7d5.mp3
klarweg-audio/public/audio/words/female/fd0d70f12b9f13e0.mp3,klarweg-audio-cdn/audio/female/fd0d70f12b9f13e0.mp3
klarweg-audio/public/audio/words/male/fd0d70f12b9f13e0.mp3,klarweg-audio-cdn/audio/male/fd0d70f12b9f13e0.mp3
klarweg-audio/public/audio/words/female/ae53c67abceda42d.mp3,klarweg-audio-cdn/audio/female/ae53c67abceda42d.mp3
klarweg-audio/public/audio/words/male/ae53c67abceda42d.mp3,klarweg-audio-cdn/audio/male/ae53c67abceda42d.mp3
klarweg-audio/public/audio/words/female/7c023de1beef1f3e.mp3,klarweg-audio-cdn/audio/female/7c023de1beef1f3e.mp3
klarweg-audio/public/audio/words/male/7c023de1beef1f3e.mp3,klarweg-audio-cdn/audio/male/7c023de1beef1f3e.mp3
klarweg-audio/public/audio/words/female/2b1ed1426f03c201.mp3,klarweg-audio-cdn/audio/female/2b1ed1426f03c201.mp3
klarweg-audio/public/audio/words/male/2b1ed1426f03c201.mp3,klarweg-audio-cdn/audio/male/2b1ed1426f03c201.mp3
klarweg-audio/public/audio/words/female/2690d931f187a97b.mp3,klarweg-audio-cdn/audio/female/2690d931f187a97b.mp3
klarweg-audio/public/audio/words/male/2690d931f187a97b.mp3,klarweg-audio-cdn/audio/male/2690d931f187a97b.mp3
klarweg-audio/public/audio/words/female/87a6427375177e09.mp3,klarweg-audio-cdn/audio/female/87a6427375177e09.mp3
klarweg-audio/public/audio/words/male/87a6427375177e09.mp3,klarweg-audio-cdn/audio/male/87a6427375177e09.mp3
klarweg-audio/public/audio/words/female/2202ef0eee2ed242.mp3,klarweg-audio-cdn/audio/female/2202ef0eee2ed242.mp3
klarweg-audio/public/audio/words/male/2202ef0eee2ed242.mp3,klarweg-audio-cdn/audio/male/2202ef0eee2ed242.mp3
klarweg-audio/public/audio/words/female/30a831f6bc9f54be.mp3,klarweg-audio-cdn/audio/female/30a831f6bc9f54be.mp3
klarweg-audio/public/audio/words/male/30a831f6bc9f54be.mp3,klarweg-audio-cdn/audio/male/30a831f6bc9f54be.mp3
klarweg-audio/public/audio/words/female/074f08fb33c3b655.mp3,klarweg-audio-cdn/audio/female/074f08fb33c3b655.mp3
klarweg-audio/public/audio/words/male/074f08fb33c3b655.mp3,klarweg-audio-cdn/audio/male/074f08fb33c3b655.mp3
klarweg-audio/public/audio/words/female/09676c14214f2113.mp3,klarweg-audio-cdn/audio/female/09676c14214f2113.mp3
klarweg-audio/public/audio/words/male/09676c14214f2113.mp3,klarweg-audio-cdn/audio/male/09676c14214f2113.mp3
klarweg-audio/public/audio/words/female/5a4a69a35e1fe24d.mp3,klarweg-audio-cdn/audio/female/5a4a69a35e1fe24d.mp3
klarweg-audio/public/audio/words/male/5a4a69a35e1fe24d.mp3,klarweg-audio-cdn/audio/male/5a4a69a35e1fe24d.mp3
klarweg-audio/public/audio/words/female/9dec102003ea03e0.mp3,klarweg-audio-cdn/audio/female/9dec102003ea03e0.mp3
klarweg-audio/public/audio/words/male/9dec102003ea03e0.mp3,klarweg-audio-cdn/audio/male/9dec102003ea03e0.mp3
klarweg-audio/public/audio/words/female/8f3f5c4909076d68.mp3,klarweg-audio-cdn/audio/female/8f3f5c4909076d68.mp3
klarweg-audio/public/audio/words/male/8f3f5c4909076d68.mp3,klarweg-audio-cdn/audio/male/8f3f5c4909076d68.mp3
klarweg-audio/public/audio/words/female/ba761133e38144b6.mp3,klarweg-audio-cdn/audio/female/ba761133e38144b6.mp3
klarweg-audio/public/audio/words/male/ba761133e38144b6.mp3,klarweg-audio-cdn/audio/male/ba761133e38144b6.mp3
klarweg-audio/public/audio/words/female/8bf5b5516af7c9c2.mp3,klarweg-audio-cdn/audio/female/8bf5b5516af7c9c2.mp3
klarweg-audio/public/audio/words/male/8bf5b5516af7c9c2.mp3,klarweg-audio-cdn/audio/male/8bf5b5516af7c9c2.mp3
klarweg-audio/public/audio/words/female/bf831df8fa5a4348.mp3,klarweg-audio-cdn/audio/female/bf831df8fa5a4348.mp3
klarweg-audio/public/audio/words/male/bf831df8fa5a4348.mp3,klarweg-audio-cdn/audio/male/bf831df8fa5a4348.mp3
klarweg-audio/public/audio/words/female/07ecc166b96c2157.mp3,klarweg-audio-cdn/audio/female/07ecc166b96c2157.mp3
klarweg-audio/public/audio/words/male/07ecc166b96c2157.mp3,klarweg-audio-cdn/audio/male/07ecc166b96c2157.mp3
klarweg-audio/public/audio/words/female/ff7fdeb2f5e2cca7.mp3,klarweg-audio-cdn/audio/female/ff7fdeb2f5e2cca7.mp3
klarweg-audio/public/audio/words/male/ff7fdeb2f5e2cca7.mp3,klarweg-audio-cdn/audio/male/ff7fdeb2f5e2cca7.mp3
klarweg-audio/public/audio/words/female/e24047360b2b6f0b.mp3,klarweg-audio-cdn/audio/female/e24047360b2b6f0b.mp3
klarweg-audio/public/audio/words/male/e24047360b2b6f0b.mp3,klarweg-audio-cdn/audio/male/e24047360b2b6f0b.mp3
klarweg-audio/public/audio/words/female/1e0753b4d75b2e92.mp3,klarweg-audio-cdn/audio/female/1e0753b4d75b2e92.mp3
klarweg-audio/public/audio/words/male/1e0753b4d75b2e92.mp3,klarweg-audio-cdn/audio/male/1e0753b4d75b2e92.mp3
klarweg-audio/public/audio/words/female/2891cb189e27b7e5.mp3,klarweg-audio-cdn/audio/female/2891cb189e27b7e5.mp3
klarweg-audio/public/audio/words/male/2891cb189e27b7e5.mp3,klarweg-audio-cdn/audio/male/2891cb189e27b7e5.mp3
klarweg-audio/public/audio/words/female/c918b35b0c2a5c61.mp3,klarweg-audio-cdn/audio/female/c918b35b0c2a5c61.mp3
klarweg-audio/public/audio/words/male/c918b35b0c2a5c61.mp3,klarweg-audio-cdn/audio/male/c918b35b0c2a5c61.mp3
klarweg-audio/public/audio/words/female/449fd00116561c37.mp3,klarweg-audio-cdn/audio/female/449fd00116561c37.mp3
klarweg-audio/public/audio/words/male/449fd00116561c37.mp3,klarweg-audio-cdn/audio/male/449fd00116561c37.mp3
klarweg-audio/public/audio/words/female/bbe8e9531e011540.mp3,klarweg-audio-cdn/audio/female/bbe8e9531e011540.mp3
klarweg-audio/public/audio/words/male/bbe8e9531e011540.mp3,klarweg-audio-cdn/audio/male/bbe8e9531e011540.mp3
klarweg-audio/public/audio/words/female/cbae7ee44341af2e.mp3,klarweg-audio-cdn/audio/female/cbae7ee44341af2e.mp3
klarweg-audio/public/audio/words/male/cbae7ee44341af2e.mp3,klarweg-audio-cdn/audio/male/cbae7ee44341af2e.mp3
klarweg-audio/public/audio/words/female/e28a6c9ca29762a8.mp3,klarweg-audio-cdn/audio/female/e28a6c9ca29762a8.mp3
klarweg-audio/public/audio/words/male/e28a6c9ca29762a8.mp3,klarweg-audio-cdn/audio/male/e28a6c9ca29762a8.mp3
klarweg-audio/public/audio/words/female/6e01724bc2c3936b.mp3,klarweg-audio-cdn/audio/female/6e01724bc2c3936b.mp3
klarweg-audio/public/audio/words/male/6e01724bc2c3936b.mp3,klarweg-audio-cdn/audio/male/6e01724bc2c3936b.mp3
klarweg-audio/public/audio/words/female/0d36e6b6d74baf7a.mp3,klarweg-audio-cdn/audio/female/0d36e6b6d74baf7a.mp3
klarweg-audio/public/audio/words/male/0d36e6b6d74baf7a.mp3,klarweg-audio-cdn/audio/male/0d36e6b6d74baf7a.mp3
klarweg-audio/public/audio/words/female/ce6adc15e5cab3ba.mp3,klarweg-audio-cdn/audio/female/ce6adc15e5cab3ba.mp3
klarweg-audio/public/audio/words/male/ce6adc15e5cab3ba.mp3,klarweg-audio-cdn/audio/male/ce6adc15e5cab3ba.mp3
klarweg-audio/public/audio/words/female/999e5da0e764bd69.mp3,klarweg-audio-cdn/audio/female/999e5da0e764bd69.mp3
klarweg-audio/public/audio/words/male/999e5da0e764bd69.mp3,klarweg-audio-cdn/audio/male/999e5da0e764bd69.mp3
klarweg-audio/public/audio/words/female/d382670e3fdc3b31.mp3,klarweg-audio-cdn/audio/female/d382670e3fdc3b31.mp3
klarweg-audio/public/audio/words/male/d382670e3fdc3b31.mp3,klarweg-audio-cdn/audio/male/d382670e3fdc3b31.mp3
klarweg-audio/public/audio/words/female/724fcd529789635a.mp3,klarweg-audio-cdn/audio/female/724fcd529789635a.mp3
klarweg-audio/public/audio/words/male/724fcd529789635a.mp3,klarweg-audio-cdn/audio/male/724fcd529789635a.mp3
klarweg-audio/public/audio/words/female/3a30dec0a93f9c95.mp3,klarweg-audio-cdn/audio/female/3a30dec0a93f9c95.mp3
klarweg-audio/public/audio/words/male/3a30dec0a93f9c95.mp3,klarweg-audio-cdn/audio/male/3a30dec0a93f9c95.mp3
klarweg-audio/public/audio/words/female/be91af51bd8c35ff.mp3,klarweg-audio-cdn/audio/female/be91af51bd8c35ff.mp3
klarweg-audio/public/audio/words/male/be91af51bd8c35ff.mp3,klarweg-audio-cdn/audio/male/be91af51bd8c35ff.mp3
klarweg-audio/public/audio/words/female/1528fbbefd421d9b.mp3,klarweg-audio-cdn/audio/female/1528fbbefd421d9b.mp3
klarweg-audio/public/audio/words/male/1528fbbefd421d9b.mp3,klarweg-audio-cdn/audio/male/1528fbbefd421d9b.mp3
klarweg-audio/public/audio/words/female/fb6a4beb3be3daf8.mp3,klarweg-audio-cdn/audio/female/fb6a4beb3be3daf8.mp3
klarweg-audio/public/audio/words/male/fb6a4beb3be3daf8.mp3,klarweg-audio-cdn/audio/male/fb6a4beb3be3daf8.mp3
klarweg-audio/public/audio/words/female/7b503b767bbf7fd9.mp3,klarweg-audio-cdn/audio/female/7b503b767bbf7fd9.mp3
klarweg-audio/public/audio/words/male/7b503b767bbf7fd9.mp3,klarweg-audio-cdn/audio/male/7b503b767bbf7fd9.mp3
klarweg-audio/public/audio/words/female/f90db5b0ce07fe2c.mp3,klarweg-audio-cdn/audio/female/f90db5b0ce07fe2c.mp3
klarweg-audio/public/audio/words/male/f90db5b0ce07fe2c.mp3,klarweg-audio-cdn/audio/male/f90db5b0ce07fe2c.mp3
klarweg-audio/public/audio/words/female/6c62cdfd1d7d4842.mp3,klarweg-audio-cdn/audio/female/6c62cdfd1d7d4842.mp3
klarweg-audio/public/audio/words/male/6c62cdfd1d7d4842.mp3,klarweg-audio-cdn/audio/male/6c62cdfd1d7d4842.mp3
klarweg-audio/public/audio/words/female/36f72779d382583d.mp3,klarweg-audio-cdn/audio/female/36f72779d382583d.mp3
klarweg-audio/public/audio/words/male/36f72779d382583d.mp3,klarweg-audio-cdn/audio/male/36f72779d382583d.mp3
klarweg-audio/public/audio/words/female/286618004cd9dc4b.mp3,klarweg-audio-cdn/audio/female/286618004cd9dc4b.mp3
klarweg-audio/public/audio/words/male/286618004cd9dc4b.mp3,klarweg-audio-cdn/audio/male/286618004cd9dc4b.mp3
klarweg-audio/public/audio/words/female/e9858a5a7dde8deb.mp3,klarweg-audio-cdn/audio/female/e9858a5a7dde8deb.mp3
klarweg-audio/public/audio/words/male/e9858a5a7dde8deb.mp3,klarweg-audio-cdn/audio/male/e9858a5a7dde8deb.mp3
klarweg-audio/public/audio/words/female/59a6a98c548dce26.mp3,klarweg-audio-cdn/audio/female/59a6a98c548dce26.mp3
klarweg-audio/public/audio/words/male/59a6a98c548dce26.mp3,klarweg-audio-cdn/audio/male/59a6a98c548dce26.mp3
klarweg-audio/public/audio/words/female/3297e4b4eff6c3f4.mp3,klarweg-audio-cdn/audio/female/3297e4b4eff6c3f4.mp3
klarweg-audio/public/audio/words/male/3297e4b4eff6c3f4.mp3,klarweg-audio-cdn/audio/male/3297e4b4eff6c3f4.mp3
klarweg-audio/public/audio/words/female/6b2a686b6b7b1921.mp3,klarweg-audio-cdn/audio/female/6b2a686b6b7b1921.mp3
klarweg-audio/public/audio/words/male/6b2a686b6b7b1921.mp3,klarweg-audio-cdn/audio/male/6b2a686b6b7b1921.mp3
klarweg-audio/public/audio/words/female/a4d388725e532f20.mp3,klarweg-audio-cdn/audio/female/a4d388725e532f20.mp3
klarweg-audio/public/audio/words/male/a4d388725e532f20.mp3,klarweg-audio-cdn/audio/male/a4d388725e532f20.mp3
klarweg-audio/public/audio/words/female/e04874b2333dd401.mp3,klarweg-audio-cdn/audio/female/e04874b2333dd401.mp3
klarweg-audio/public/audio/words/male/e04874b2333dd401.mp3,klarweg-audio-cdn/audio/male/e04874b2333dd401.mp3
klarweg-audio/public/audio/words/female/3d23c6f610b12684.mp3,klarweg-audio-cdn/audio/female/3d23c6f610b12684.mp3
klarweg-audio/public/audio/words/male/3d23c6f610b12684.mp3,klarweg-audio-cdn/audio/male/3d23c6f610b12684.mp3
klarweg-audio/public/audio/words/female/529c02b10972d4b0.mp3,klarweg-audio-cdn/audio/female/529c02b10972d4b0.mp3
klarweg-audio/public/audio/words/male/529c02b10972d4b0.mp3,klarweg-audio-cdn/audio/male/529c02b10972d4b0.mp3
klarweg-audio/public/audio/words/female/6b8a3531075ac099.mp3,klarweg-audio-cdn/audio/female/6b8a3531075ac099.mp3
klarweg-audio/public/audio/words/male/6b8a3531075ac099.mp3,klarweg-audio-cdn/audio/male/6b8a3531075ac099.mp3
klarweg-audio/public/audio/words/female/1285a0b9fa030eb1.mp3,klarweg-audio-cdn/audio/female/1285a0b9fa030eb1.mp3
klarweg-audio/public/audio/words/male/1285a0b9fa030eb1.mp3,klarweg-audio-cdn/audio/male/1285a0b9fa030eb1.mp3
klarweg-audio/public/audio/words/female/d64da840691a853a.mp3,klarweg-audio-cdn/audio/female/d64da840691a853a.mp3
klarweg-audio/public/audio/words/male/d64da840691a853a.mp3,klarweg-audio-cdn/audio/male/d64da840691a853a.mp3
klarweg-audio/public/audio/words/female/f99e78f7e6ffc7db.mp3,klarweg-audio-cdn/audio/female/f99e78f7e6ffc7db.mp3
klarweg-audio/public/audio/words/male/f99e78f7e6ffc7db.mp3,klarweg-audio-cdn/audio/male/f99e78f7e6ffc7db.mp3
klarweg-audio/public/audio/words/female/6b44c6cd9463ccf9.mp3,klarweg-audio-cdn/audio/female/6b44c6cd9463ccf9.mp3
klarweg-audio/public/audio/words/male/6b44c6cd9463ccf9.mp3,klarweg-audio-cdn/audio/male/6b44c6cd9463ccf9.mp3
klarweg-audio/public/audio/words/female/64fd5a8dc11254e5.mp3,klarweg-audio-cdn/audio/female/64fd5a8dc11254e5.mp3
klarweg-audio/public/audio/words/male/64fd5a8dc11254e5.mp3,klarweg-audio-cdn/audio/male/64fd5a8dc11254e5.mp3
klarweg-audio/public/audio/words/female/be5118cf75efcd9e.mp3,klarweg-audio-cdn/audio/female/be5118cf75efcd9e.mp3
klarweg-audio/public/audio/words/male/be5118cf75efcd9e.mp3,klarweg-audio-cdn/audio/male/be5118cf75efcd9e.mp3
klarweg-audio/public/audio/words/female/a0aed452e759759c.mp3,klarweg-audio-cdn/audio/female/a0aed452e759759c.mp3
klarweg-audio/public/audio/words/male/a0aed452e759759c.mp3,klarweg-audio-cdn/audio/male/a0aed452e759759c.mp3
klarweg-audio/public/audio/words/female/2f044c15fa995191.mp3,klarweg-audio-cdn/audio/female/2f044c15fa995191.mp3
klarweg-audio/public/audio/words/male/2f044c15fa995191.mp3,klarweg-audio-cdn/audio/male/2f044c15fa995191.mp3
klarweg-audio/public/audio/words/female/506c16c44499cd50.mp3,klarweg-audio-cdn/audio/female/506c16c44499cd50.mp3
klarweg-audio/public/audio/words/male/506c16c44499cd50.mp3,klarweg-audio-cdn/audio/male/506c16c44499cd50.mp3
klarweg-audio/public/audio/words/female/fbed39f29b30abf3.mp3,klarweg-audio-cdn/audio/female/fbed39f29b30abf3.mp3
klarweg-audio/public/audio/words/male/fbed39f29b30abf3.mp3,klarweg-audio-cdn/audio/male/fbed39f29b30abf3.mp3
klarweg-audio/public/audio/words/female/7e237da752cf6c3a.mp3,klarweg-audio-cdn/audio/female/7e237da752cf6c3a.mp3
klarweg-audio/public/audio/words/male/7e237da752cf6c3a.mp3,klarweg-audio-cdn/audio/male/7e237da752cf6c3a.mp3
klarweg-audio/public/audio/words/female/4b1a5c53c5d68786.mp3,klarweg-audio-cdn/audio/female/4b1a5c53c5d68786.mp3
klarweg-audio/public/audio/words/male/4b1a5c53c5d68786.mp3,klarweg-audio-cdn/audio/male/4b1a5c53c5d68786.mp3
klarweg-audio/public/audio/words/female/c45b8ec878727b53.mp3,klarweg-audio-cdn/audio/female/c45b8ec878727b53.mp3
klarweg-audio/public/audio/words/male/c45b8ec878727b53.mp3,klarweg-audio-cdn/audio/male/c45b8ec878727b53.mp3
klarweg-audio/public/audio/words/female/b6bea1195b02f052.mp3,klarweg-audio-cdn/audio/female/b6bea1195b02f052.mp3
klarweg-audio/public/audio/words/male/b6bea1195b02f052.mp3,klarweg-audio-cdn/audio/male/b6bea1195b02f052.mp3
klarweg-audio/public/audio/words/female/737ab9c51a5ee9fc.mp3,klarweg-audio-cdn/audio/female/737ab9c51a5ee9fc.mp3
klarweg-audio/public/audio/words/male/737ab9c51a5ee9fc.mp3,klarweg-audio-cdn/audio/male/737ab9c51a5ee9fc.mp3
klarweg-audio/public/audio/words/female/d7b1d78bbe44cc93.mp3,klarweg-audio-cdn/audio/female/d7b1d78bbe44cc93.mp3
klarweg-audio/public/audio/words/male/d7b1d78bbe44cc93.mp3,klarweg-audio-cdn/audio/male/d7b1d78bbe44cc93.mp3
klarweg-audio/public/audio/words/female/27465941a716b26f.mp3,klarweg-audio-cdn/audio/female/27465941a716b26f.mp3
klarweg-audio/public/audio/words/male/27465941a716b26f.mp3,klarweg-audio-cdn/audio/male/27465941a716b26f.mp3
klarweg-audio/public/audio/words/female/bc880df7c54d8ab9.mp3,klarweg-audio-cdn/audio/female/bc880df7c54d8ab9.mp3
klarweg-audio/public/audio/words/male/bc880df7c54d8ab9.mp3,klarweg-audio-cdn/audio/male/bc880df7c54d8ab9.mp3
klarweg-audio/public/audio/words/female/058dc6d635b77304.mp3,klarweg-audio-cdn/audio/female/058dc6d635b77304.mp3
klarweg-audio/public/audio/words/male/058dc6d635b77304.mp3,klarweg-audio-cdn/audio/male/058dc6d635b77304.mp3
klarweg-audio/public/audio/words/female/aee77a931a53f1df.mp3,klarweg-audio-cdn/audio/female/aee77a931a53f1df.mp3
klarweg-audio/public/audio/words/male/aee77a931a53f1df.mp3,klarweg-audio-cdn/audio/male/aee77a931a53f1df.mp3
klarweg-audio/public/audio/words/female/df83ffc7fc122380.mp3,klarweg-audio-cdn/audio/female/df83ffc7fc122380.mp3
klarweg-audio/public/audio/words/male/df83ffc7fc122380.mp3,klarweg-audio-cdn/audio/male/df83ffc7fc122380.mp3
klarweg-audio/public/audio/words/female/9855205f8f7d59bf.mp3,klarweg-audio-cdn/audio/female/9855205f8f7d59bf.mp3
klarweg-audio/public/audio/words/male/9855205f8f7d59bf.mp3,klarweg-audio-cdn/audio/male/9855205f8f7d59bf.mp3
klarweg-audio/public/audio/words/female/c96efb172f7769c4.mp3,klarweg-audio-cdn/audio/female/c96efb172f7769c4.mp3
klarweg-audio/public/audio/words/male/c96efb172f7769c4.mp3,klarweg-audio-cdn/audio/male/c96efb172f7769c4.mp3
klarweg-audio/public/audio/words/female/ac4fbf6a7e98d194.mp3,klarweg-audio-cdn/audio/female/ac4fbf6a7e98d194.mp3
klarweg-audio/public/audio/words/male/ac4fbf6a7e98d194.mp3,klarweg-audio-cdn/audio/male/ac4fbf6a7e98d194.mp3
klarweg-audio/public/audio/words/female/fa5aaa4b7c1795e7.mp3,klarweg-audio-cdn/audio/female/fa5aaa4b7c1795e7.mp3
klarweg-audio/public/audio/words/male/fa5aaa4b7c1795e7.mp3,klarweg-audio-cdn/audio/male/fa5aaa4b7c1795e7.mp3
klarweg-audio/public/audio/words/female/dbe3a7da3adeb58f.mp3,klarweg-audio-cdn/audio/female/dbe3a7da3adeb58f.mp3
klarweg-audio/public/audio/words/male/dbe3a7da3adeb58f.mp3,klarweg-audio-cdn/audio/male/dbe3a7da3adeb58f.mp3
klarweg-audio/public/audio/words/female/f562cb0e485bff11.mp3,klarweg-audio-cdn/audio/female/f562cb0e485bff11.mp3
klarweg-audio/public/audio/words/male/f562cb0e485bff11.mp3,klarweg-audio-cdn/audio/male/f562cb0e485bff11.mp3
klarweg-audio/public/audio/words/female/e0da450859b3d16b.mp3,klarweg-audio-cdn/audio/female/e0da450859b3d16b.mp3
klarweg-audio/public/audio/words/male/e0da450859b3d16b.mp3,klarweg-audio-cdn/audio/male/e0da450859b3d16b.mp3
klarweg-audio/public/audio/words/female/afc8775311550117.mp3,klarweg-audio-cdn/audio/female/afc8775311550117.mp3
klarweg-audio/public/audio/words/male/afc8775311550117.mp3,klarweg-audio-cdn/audio/male/afc8775311550117.mp3
klarweg-audio/public/audio/words/female/fae09f79fd16eebb.mp3,klarweg-audio-cdn/audio/female/fae09f79fd16eebb.mp3
klarweg-audio/public/audio/words/male/fae09f79fd16eebb.mp3,klarweg-audio-cdn/audio/male/fae09f79fd16eebb.mp3
klarweg-audio/public/audio/words/female/b17285e641903383.mp3,klarweg-audio-cdn/audio/female/b17285e641903383.mp3
klarweg-audio/public/audio/words/male/b17285e641903383.mp3,klarweg-audio-cdn/audio/male/b17285e641903383.mp3
klarweg-audio/public/audio/words/female/9b4bc2048bcd0be8.mp3,klarweg-audio-cdn/audio/female/9b4bc2048bcd0be8.mp3
klarweg-audio/public/audio/words/male/9b4bc2048bcd0be8.mp3,klarweg-audio-cdn/audio/male/9b4bc2048bcd0be8.mp3
klarweg-audio/public/audio/words/female/29180e211213a400.mp3,klarweg-audio-cdn/audio/female/29180e211213a400.mp3
klarweg-audio/public/audio/words/male/29180e211213a400.mp3,klarweg-audio-cdn/audio/male/29180e211213a400.mp3
klarweg-audio/public/audio/words/female/ec68bf9237fb8be0.mp3,klarweg-audio-cdn/audio/female/ec68bf9237fb8be0.mp3
klarweg-audio/public/audio/words/male/ec68bf9237fb8be0.mp3,klarweg-audio-cdn/audio/male/ec68bf9237fb8be0.mp3
klarweg-audio/public/audio/words/female/12bb787e434fa10c.mp3,klarweg-audio-cdn/audio/female/12bb787e434fa10c.mp3
klarweg-audio/public/audio/words/male/12bb787e434fa10c.mp3,klarweg-audio-cdn/audio/male/12bb787e434fa10c.mp3
klarweg-audio/public/audio/words/female/6f581f7e40bd5cd1.mp3,klarweg-audio-cdn/audio/female/6f581f7e40bd5cd1.mp3
klarweg-audio/public/audio/words/male/6f581f7e40bd5cd1.mp3,klarweg-audio-cdn/audio/male/6f581f7e40bd5cd1.mp3
klarweg-audio/public/audio/words/female/741414c3cf7e468e.mp3,klarweg-audio-cdn/audio/female/741414c3cf7e468e.mp3
klarweg-audio/public/audio/words/male/741414c3cf7e468e.mp3,klarweg-audio-cdn/audio/male/741414c3cf7e468e.mp3
klarweg-audio/public/audio/words/female/05ed26c4b69259d7.mp3,klarweg-audio-cdn/audio/female/05ed26c4b69259d7.mp3
klarweg-audio/public/audio/words/male/05ed26c4b69259d7.mp3,klarweg-audio-cdn/audio/male/05ed26c4b69259d7.mp3
klarweg-audio/public/audio/words/female/8bb0a68027a2f164.mp3,klarweg-audio-cdn/audio/female/8bb0a68027a2f164.mp3
klarweg-audio/public/audio/words/male/8bb0a68027a2f164.mp3,klarweg-audio-cdn/audio/male/8bb0a68027a2f164.mp3
klarweg-audio/public/audio/words/female/6fec2408a7dc6eb6.mp3,klarweg-audio-cdn/audio/female/6fec2408a7dc6eb6.mp3
klarweg-audio/public/audio/words/male/6fec2408a7dc6eb6.mp3,klarweg-audio-cdn/audio/male/6fec2408a7dc6eb6.mp3
klarweg-audio/public/audio/words/female/c6cff59850138029.mp3,klarweg-audio-cdn/audio/female/c6cff59850138029.mp3
klarweg-audio/public/audio/words/male/c6cff59850138029.mp3,klarweg-audio-cdn/audio/male/c6cff59850138029.mp3
klarweg-audio/public/audio/words/female/efe16f88312f7836.mp3,klarweg-audio-cdn/audio/female/efe16f88312f7836.mp3
klarweg-audio/public/audio/words/male/efe16f88312f7836.mp3,klarweg-audio-cdn/audio/male/efe16f88312f7836.mp3
klarweg-audio/public/audio/words/female/ca59d66f52647658.mp3,klarweg-audio-cdn/audio/female/ca59d66f52647658.mp3
klarweg-audio/public/audio/words/male/ca59d66f52647658.mp3,klarweg-audio-cdn/audio/male/ca59d66f52647658.mp3
klarweg-audio/public/audio/words/female/665baf19c300c625.mp3,klarweg-audio-cdn/audio/female/665baf19c300c625.mp3
klarweg-audio/public/audio/words/male/665baf19c300c625.mp3,klarweg-audio-cdn/audio/male/665baf19c300c625.mp3
klarweg-audio/public/audio/words/female/1cbacf2aed9b7555.mp3,klarweg-audio-cdn/audio/female/1cbacf2aed9b7555.mp3
klarweg-audio/public/audio/words/male/1cbacf2aed9b7555.mp3,klarweg-audio-cdn/audio/male/1cbacf2aed9b7555.mp3
klarweg-audio/public/audio/words/female/07c7a8b6ea8a6a45.mp3,klarweg-audio-cdn/audio/female/07c7a8b6ea8a6a45.mp3
klarweg-audio/public/audio/words/male/07c7a8b6ea8a6a45.mp3,klarweg-audio-cdn/audio/male/07c7a8b6ea8a6a45.mp3
klarweg-audio/public/audio/words/female/30e75a6a0b759b7b.mp3,klarweg-audio-cdn/audio/female/30e75a6a0b759b7b.mp3
klarweg-audio/public/audio/words/male/30e75a6a0b759b7b.mp3,klarweg-audio-cdn/audio/male/30e75a6a0b759b7b.mp3
klarweg-audio/public/audio/words/female/6742b8eebfb38f45.mp3,klarweg-audio-cdn/audio/female/6742b8eebfb38f45.mp3
klarweg-audio/public/audio/words/male/6742b8eebfb38f45.mp3,klarweg-audio-cdn/audio/male/6742b8eebfb38f45.mp3
klarweg-audio/public/audio/words/female/839d2d517079bf5b.mp3,klarweg-audio-cdn/audio/female/839d2d517079bf5b.mp3
klarweg-audio/public/audio/words/male/839d2d517079bf5b.mp3,klarweg-audio-cdn/audio/male/839d2d517079bf5b.mp3
klarweg-audio/public/audio/words/female/66d2598a0d80f0b5.mp3,klarweg-audio-cdn/audio/female/66d2598a0d80f0b5.mp3
klarweg-audio/public/audio/words/male/66d2598a0d80f0b5.mp3,klarweg-audio-cdn/audio/male/66d2598a0d80f0b5.mp3
klarweg-audio/public/audio/words/female/1fcb668ac5b68a2b.mp3,klarweg-audio-cdn/audio/female/1fcb668ac5b68a2b.mp3
klarweg-audio/public/audio/words/male/1fcb668ac5b68a2b.mp3,klarweg-audio-cdn/audio/male/1fcb668ac5b68a2b.mp3
klarweg-audio/public/audio/words/female/90f732cfc6ee9709.mp3,klarweg-audio-cdn/audio/female/90f732cfc6ee9709.mp3
klarweg-audio/public/audio/words/male/90f732cfc6ee9709.mp3,klarweg-audio-cdn/audio/male/90f732cfc6ee9709.mp3
klarweg-audio/public/audio/words/female/7130770c482804e1.mp3,klarweg-audio-cdn/audio/female/7130770c482804e1.mp3
klarweg-audio/public/audio/words/male/7130770c482804e1.mp3,klarweg-audio-cdn/audio/male/7130770c482804e1.mp3
klarweg-audio/public/audio/words/female/ed04280a09c25a13.mp3,klarweg-audio-cdn/audio/female/ed04280a09c25a13.mp3
klarweg-audio/public/audio/words/male/ed04280a09c25a13.mp3,klarweg-audio-cdn/audio/male/ed04280a09c25a13.mp3
klarweg-audio/public/audio/words/female/0ded76bd69aad0c0.mp3,klarweg-audio-cdn/audio/female/0ded76bd69aad0c0.mp3
klarweg-audio/public/audio/words/male/0ded76bd69aad0c0.mp3,klarweg-audio-cdn/audio/male/0ded76bd69aad0c0.mp3
klarweg-audio/public/audio/words/female/9fecd070294fdc61.mp3,klarweg-audio-cdn/audio/female/9fecd070294fdc61.mp3
klarweg-audio/public/audio/words/male/9fecd070294fdc61.mp3,klarweg-audio-cdn/audio/male/9fecd070294fdc61.mp3
klarweg-audio/public/audio/words/female/71cef4827d48f9dc.mp3,klarweg-audio-cdn/audio/female/71cef4827d48f9dc.mp3
klarweg-audio/public/audio/words/male/71cef4827d48f9dc.mp3,klarweg-audio-cdn/audio/male/71cef4827d48f9dc.mp3
klarweg-audio/public/audio/words/female/950afb6ce5131d08.mp3,klarweg-audio-cdn/audio/female/950afb6ce5131d08.mp3
klarweg-audio/public/audio/words/male/950afb6ce5131d08.mp3,klarweg-audio-cdn/audio/male/950afb6ce5131d08.mp3
klarweg-audio/public/audio/words/female/7deda8c4b67ba09e.mp3,klarweg-audio-cdn/audio/female/7deda8c4b67ba09e.mp3
klarweg-audio/public/audio/words/male/7deda8c4b67ba09e.mp3,klarweg-audio-cdn/audio/male/7deda8c4b67ba09e.mp3
klarweg-audio/public/audio/words/female/12edb37881430053.mp3,klarweg-audio-cdn/audio/female/12edb37881430053.mp3
klarweg-audio/public/audio/words/male/12edb37881430053.mp3,klarweg-audio-cdn/audio/male/12edb37881430053.mp3
klarweg-audio/public/audio/words/female/36aa888d9cfdab97.mp3,klarweg-audio-cdn/audio/female/36aa888d9cfdab97.mp3
klarweg-audio/public/audio/words/male/36aa888d9cfdab97.mp3,klarweg-audio-cdn/audio/male/36aa888d9cfdab97.mp3
klarweg-audio/public/audio/words/female/1722438896d2544c.mp3,klarweg-audio-cdn/audio/female/1722438896d2544c.mp3
klarweg-audio/public/audio/words/male/1722438896d2544c.mp3,klarweg-audio-cdn/audio/male/1722438896d2544c.mp3
klarweg-audio/public/audio/words/female/c4b1d0035e7ab491.mp3,klarweg-audio-cdn/audio/female/c4b1d0035e7ab491.mp3
klarweg-audio/public/audio/words/male/c4b1d0035e7ab491.mp3,klarweg-audio-cdn/audio/male/c4b1d0035e7ab491.mp3
klarweg-audio/public/audio/words/female/61219a4775747059.mp3,klarweg-audio-cdn/audio/female/61219a4775747059.mp3
klarweg-audio/public/audio/words/male/61219a4775747059.mp3,klarweg-audio-cdn/audio/male/61219a4775747059.mp3
klarweg-audio/public/audio/words/female/bda8b4cfb3e67006.mp3,klarweg-audio-cdn/audio/female/bda8b4cfb3e67006.mp3
klarweg-audio/public/audio/words/male/bda8b4cfb3e67006.mp3,klarweg-audio-cdn/audio/male/bda8b4cfb3e67006.mp3
klarweg-audio/public/audio/words/female/9bf9bc5dce820169.mp3,klarweg-audio-cdn/audio/female/9bf9bc5dce820169.mp3
klarweg-audio/public/audio/words/male/9bf9bc5dce820169.mp3,klarweg-audio-cdn/audio/male/9bf9bc5dce820169.mp3
klarweg-audio/public/audio/words/female/719bff8903b090df.mp3,klarweg-audio-cdn/audio/female/719bff8903b090df.mp3
klarweg-audio/public/audio/words/male/719bff8903b090df.mp3,klarweg-audio-cdn/audio/male/719bff8903b090df.mp3
klarweg-audio/public/audio/words/female/9936f32bbcff5774.mp3,klarweg-audio-cdn/audio/female/9936f32bbcff5774.mp3
klarweg-audio/public/audio/words/male/9936f32bbcff5774.mp3,klarweg-audio-cdn/audio/male/9936f32bbcff5774.mp3
klarweg-audio/public/audio/words/female/14e7915497a9da33.mp3,klarweg-audio-cdn/audio/female/14e7915497a9da33.mp3
klarweg-audio/public/audio/words/male/14e7915497a9da33.mp3,klarweg-audio-cdn/audio/male/14e7915497a9da33.mp3
klarweg-audio/public/audio/words/female/1210b3c01d3fcdd2.mp3,klarweg-audio-cdn/audio/female/1210b3c01d3fcdd2.mp3
klarweg-audio/public/audio/words/male/1210b3c01d3fcdd2.mp3,klarweg-audio-cdn/audio/male/1210b3c01d3fcdd2.mp3
klarweg-audio/public/audio/words/female/672556b12c138d82.mp3,klarweg-audio-cdn/audio/female/672556b12c138d82.mp3
klarweg-audio/public/audio/words/male/672556b12c138d82.mp3,klarweg-audio-cdn/audio/male/672556b12c138d82.mp3
klarweg-audio/public/audio/words/female/5f0bfecd6132fd4f.mp3,klarweg-audio-cdn/audio/female/5f0bfecd6132fd4f.mp3
klarweg-audio/public/audio/words/male/5f0bfecd6132fd4f.mp3,klarweg-audio-cdn/audio/male/5f0bfecd6132fd4f.mp3
klarweg-audio/public/audio/words/female/0c2a563d2b18b89d.mp3,klarweg-audio-cdn/audio/female/0c2a563d2b18b89d.mp3
klarweg-audio/public/audio/words/male/0c2a563d2b18b89d.mp3,klarweg-audio-cdn/audio/male/0c2a563d2b18b89d.mp3
klarweg-audio/public/audio/words/female/a336bd63349b8d70.mp3,klarweg-audio-cdn/audio/female/a336bd63349b8d70.mp3
klarweg-audio/public/audio/words/male/a336bd63349b8d70.mp3,klarweg-audio-cdn/audio/male/a336bd63349b8d70.mp3
klarweg-audio/public/audio/words/female/aa157c5f016fe6ab.mp3,klarweg-audio-cdn/audio/female/aa157c5f016fe6ab.mp3
klarweg-audio/public/audio/words/male/aa157c5f016fe6ab.mp3,klarweg-audio-cdn/audio/male/aa157c5f016fe6ab.mp3
klarweg-audio/public/audio/words/female/a20438386f68e7ee.mp3,klarweg-audio-cdn/audio/female/a20438386f68e7ee.mp3
klarweg-audio/public/audio/words/male/a20438386f68e7ee.mp3,klarweg-audio-cdn/audio/male/a20438386f68e7ee.mp3
klarweg-audio/public/audio/words/female/c03821366506ce9f.mp3,klarweg-audio-cdn/audio/female/c03821366506ce9f.mp3
klarweg-audio/public/audio/words/male/c03821366506ce9f.mp3,klarweg-audio-cdn/audio/male/c03821366506ce9f.mp3
klarweg-audio/public/audio/words/female/39adc0b2f9d30444.mp3,klarweg-audio-cdn/audio/female/39adc0b2f9d30444.mp3
klarweg-audio/public/audio/words/male/39adc0b2f9d30444.mp3,klarweg-audio-cdn/audio/male/39adc0b2f9d30444.mp3
klarweg-audio/public/audio/words/female/43f421d21454eb26.mp3,klarweg-audio-cdn/audio/female/43f421d21454eb26.mp3
klarweg-audio/public/audio/words/male/43f421d21454eb26.mp3,klarweg-audio-cdn/audio/male/43f421d21454eb26.mp3
klarweg-audio/public/audio/words/female/d657b37bff373e45.mp3,klarweg-audio-cdn/audio/female/d657b37bff373e45.mp3
klarweg-audio/public/audio/words/male/d657b37bff373e45.mp3,klarweg-audio-cdn/audio/male/d657b37bff373e45.mp3
klarweg-audio/public/audio/words/female/fc7858612b745782.mp3,klarweg-audio-cdn/audio/female/fc7858612b745782.mp3
klarweg-audio/public/audio/words/male/fc7858612b745782.mp3,klarweg-audio-cdn/audio/male/fc7858612b745782.mp3
klarweg-audio/public/audio/words/female/103cece6343a0b3e.mp3,klarweg-audio-cdn/audio/female/103cece6343a0b3e.mp3
klarweg-audio/public/audio/words/male/103cece6343a0b3e.mp3,klarweg-audio-cdn/audio/male/103cece6343a0b3e.mp3
klarweg-audio/public/audio/words/female/9ea607e9d22e3d41.mp3,klarweg-audio-cdn/audio/female/9ea607e9d22e3d41.mp3
klarweg-audio/public/audio/words/male/9ea607e9d22e3d41.mp3,klarweg-audio-cdn/audio/male/9ea607e9d22e3d41.mp3
klarweg-audio/public/audio/words/female/ba3338403adf6de9.mp3,klarweg-audio-cdn/audio/female/ba3338403adf6de9.mp3
klarweg-audio/public/audio/words/male/ba3338403adf6de9.mp3,klarweg-audio-cdn/audio/male/ba3338403adf6de9.mp3
klarweg-audio/public/audio/words/female/d4eaabfbe4be7547.mp3,klarweg-audio-cdn/audio/female/d4eaabfbe4be7547.mp3
klarweg-audio/public/audio/words/male/d4eaabfbe4be7547.mp3,klarweg-audio-cdn/audio/male/d4eaabfbe4be7547.mp3
klarweg-audio/public/audio/words/female/1c6e2f3ef9552689.mp3,klarweg-audio-cdn/audio/female/1c6e2f3ef9552689.mp3
klarweg-audio/public/audio/words/male/1c6e2f3ef9552689.mp3,klarweg-audio-cdn/audio/male/1c6e2f3ef9552689.mp3
klarweg-audio/public/audio/words/female/dbbf9a28cc62c32f.mp3,klarweg-audio-cdn/audio/female/dbbf9a28cc62c32f.mp3
klarweg-audio/public/audio/words/male/dbbf9a28cc62c32f.mp3,klarweg-audio-cdn/audio/male/dbbf9a28cc62c32f.mp3
klarweg-audio/public/audio/words/female/bc0df5f38e947877.mp3,klarweg-audio-cdn/audio/female/bc0df5f38e947877.mp3
klarweg-audio/public/audio/words/male/bc0df5f38e947877.mp3,klarweg-audio-cdn/audio/male/bc0df5f38e947877.mp3
klarweg-audio/public/audio/words/female/31e2c328380570ef.mp3,klarweg-audio-cdn/audio/female/31e2c328380570ef.mp3
klarweg-audio/public/audio/words/male/31e2c328380570ef.mp3,klarweg-audio-cdn/audio/male/31e2c328380570ef.mp3
klarweg-audio/public/audio/words/female/7160ae9ad5e735da.mp3,klarweg-audio-cdn/audio/female/7160ae9ad5e735da.mp3
klarweg-audio/public/audio/words/male/7160ae9ad5e735da.mp3,klarweg-audio-cdn/audio/male/7160ae9ad5e735da.mp3
klarweg-audio/public/audio/words/female/d0b6e76e4aae7997.mp3,klarweg-audio-cdn/audio/female/d0b6e76e4aae7997.mp3
klarweg-audio/public/audio/words/male/d0b6e76e4aae7997.mp3,klarweg-audio-cdn/audio/male/d0b6e76e4aae7997.mp3
klarweg-audio/public/audio/words/female/f2c10b328bbcb9ca.mp3,klarweg-audio-cdn/audio/female/f2c10b328bbcb9ca.mp3
klarweg-audio/public/audio/words/male/f2c10b328bbcb9ca.mp3,klarweg-audio-cdn/audio/male/f2c10b328bbcb9ca.mp3
klarweg-audio/public/audio/words/female/45a44bebb1ee17be.mp3,klarweg-audio-cdn/audio/female/45a44bebb1ee17be.mp3
klarweg-audio/public/audio/words/male/45a44bebb1ee17be.mp3,klarweg-audio-cdn/audio/male/45a44bebb1ee17be.mp3
klarweg-audio/public/audio/words/female/e97703b717bcaa7a.mp3,klarweg-audio-cdn/audio/female/e97703b717bcaa7a.mp3
klarweg-audio/public/audio/words/male/e97703b717bcaa7a.mp3,klarweg-audio-cdn/audio/male/e97703b717bcaa7a.mp3
klarweg-audio/public/audio/words/female/4b32334e48755f84.mp3,klarweg-audio-cdn/audio/female/4b32334e48755f84.mp3
klarweg-audio/public/audio/words/male/4b32334e48755f84.mp3,klarweg-audio-cdn/audio/male/4b32334e48755f84.mp3
klarweg-audio/public/audio/words/female/2ab4c9b6354beecd.mp3,klarweg-audio-cdn/audio/female/2ab4c9b6354beecd.mp3
klarweg-audio/public/audio/words/male/2ab4c9b6354beecd.mp3,klarweg-audio-cdn/audio/male/2ab4c9b6354beecd.mp3
klarweg-audio/public/audio/words/female/c2a71ad06953d2b2.mp3,klarweg-audio-cdn/audio/female/c2a71ad06953d2b2.mp3
klarweg-audio/public/audio/words/male/c2a71ad06953d2b2.mp3,klarweg-audio-cdn/audio/male/c2a71ad06953d2b2.mp3
klarweg-audio/public/audio/words/female/3400e0933452a1d9.mp3,klarweg-audio-cdn/audio/female/3400e0933452a1d9.mp3
klarweg-audio/public/audio/words/male/3400e0933452a1d9.mp3,klarweg-audio-cdn/audio/male/3400e0933452a1d9.mp3
klarweg-audio/public/audio/words/female/1d1c53bd7d59231a.mp3,klarweg-audio-cdn/audio/female/1d1c53bd7d59231a.mp3
klarweg-audio/public/audio/words/male/1d1c53bd7d59231a.mp3,klarweg-audio-cdn/audio/male/1d1c53bd7d59231a.mp3
klarweg-audio/public/audio/words/female/14fc10c386c566db.mp3,klarweg-audio-cdn/audio/female/14fc10c386c566db.mp3
klarweg-audio/public/audio/words/male/14fc10c386c566db.mp3,klarweg-audio-cdn/audio/male/14fc10c386c566db.mp3
klarweg-audio/public/audio/words/female/0355d3467cc0a4d9.mp3,klarweg-audio-cdn/audio/female/0355d3467cc0a4d9.mp3
klarweg-audio/public/audio/words/male/0355d3467cc0a4d9.mp3,klarweg-audio-cdn/audio/male/0355d3467cc0a4d9.mp3
klarweg-audio/public/audio/words/female/433df95af36bf1c6.mp3,klarweg-audio-cdn/audio/female/433df95af36bf1c6.mp3
klarweg-audio/public/audio/words/male/433df95af36bf1c6.mp3,klarweg-audio-cdn/audio/male/433df95af36bf1c6.mp3
klarweg-audio/public/audio/words/female/17e27c173390de49.mp3,klarweg-audio-cdn/audio/female/17e27c173390de49.mp3
klarweg-audio/public/audio/words/male/17e27c173390de49.mp3,klarweg-audio-cdn/audio/male/17e27c173390de49.mp3
klarweg-audio/public/audio/words/female/e034ccbeefe3b355.mp3,klarweg-audio-cdn/audio/female/e034ccbeefe3b355.mp3
klarweg-audio/public/audio/words/male/e034ccbeefe3b355.mp3,klarweg-audio-cdn/audio/male/e034ccbeefe3b355.mp3
klarweg-audio/public/audio/words/female/302e90b4e5bd0c20.mp3,klarweg-audio-cdn/audio/female/302e90b4e5bd0c20.mp3
klarweg-audio/public/audio/words/male/302e90b4e5bd0c20.mp3,klarweg-audio-cdn/audio/male/302e90b4e5bd0c20.mp3
klarweg-audio/public/audio/words/female/0c543869ee7157e6.mp3,klarweg-audio-cdn/audio/female/0c543869ee7157e6.mp3
klarweg-audio/public/audio/words/male/0c543869ee7157e6.mp3,klarweg-audio-cdn/audio/male/0c543869ee7157e6.mp3
klarweg-audio/public/audio/words/female/5a9deb07e298dbf5.mp3,klarweg-audio-cdn/audio/female/5a9deb07e298dbf5.mp3
klarweg-audio/public/audio/words/male/5a9deb07e298dbf5.mp3,klarweg-audio-cdn/audio/male/5a9deb07e298dbf5.mp3
klarweg-audio/public/audio/words/female/31519d05baf2d541.mp3,klarweg-audio-cdn/audio/female/31519d05baf2d541.mp3
klarweg-audio/public/audio/words/male/31519d05baf2d541.mp3,klarweg-audio-cdn/audio/male/31519d05baf2d541.mp3
klarweg-audio/public/audio/words/female/a4cc566f5ef2a676.mp3,klarweg-audio-cdn/audio/female/a4cc566f5ef2a676.mp3
klarweg-audio/public/audio/words/male/a4cc566f5ef2a676.mp3,klarweg-audio-cdn/audio/male/a4cc566f5ef2a676.mp3
klarweg-audio/public/audio/words/female/929a283f4b3aa72a.mp3,klarweg-audio-cdn/audio/female/929a283f4b3aa72a.mp3
klarweg-audio/public/audio/words/male/929a283f4b3aa72a.mp3,klarweg-audio-cdn/audio/male/929a283f4b3aa72a.mp3
klarweg-audio/public/audio/words/female/85ae0b85d090b22d.mp3,klarweg-audio-cdn/audio/female/85ae0b85d090b22d.mp3
klarweg-audio/public/audio/words/male/85ae0b85d090b22d.mp3,klarweg-audio-cdn/audio/male/85ae0b85d090b22d.mp3
klarweg-audio/public/audio/words/female/bcf48f981da7fd36.mp3,klarweg-audio-cdn/audio/female/bcf48f981da7fd36.mp3
klarweg-audio/public/audio/words/male/bcf48f981da7fd36.mp3,klarweg-audio-cdn/audio/male/bcf48f981da7fd36.mp3
klarweg-audio/public/audio/words/female/8a272fae8ed2611d.mp3,klarweg-audio-cdn/audio/female/8a272fae8ed2611d.mp3
klarweg-audio/public/audio/words/male/8a272fae8ed2611d.mp3,klarweg-audio-cdn/audio/male/8a272fae8ed2611d.mp3
klarweg-audio/public/audio/words/female/1eefe82a2dc8024b.mp3,klarweg-audio-cdn/audio/female/1eefe82a2dc8024b.mp3
klarweg-audio/public/audio/words/male/1eefe82a2dc8024b.mp3,klarweg-audio-cdn/audio/male/1eefe82a2dc8024b.mp3
klarweg-audio/public/audio/words/female/b50b9c0c788524e1.mp3,klarweg-audio-cdn/audio/female/b50b9c0c788524e1.mp3
klarweg-audio/public/audio/words/male/b50b9c0c788524e1.mp3,klarweg-audio-cdn/audio/male/b50b9c0c788524e1.mp3
klarweg-audio/public/audio/words/female/d717f800853afcf7.mp3,klarweg-audio-cdn/audio/female/d717f800853afcf7.mp3
klarweg-audio/public/audio/words/male/d717f800853afcf7.mp3,klarweg-audio-cdn/audio/male/d717f800853afcf7.mp3
klarweg-audio/public/audio/words/female/cb37fa69d340a029.mp3,klarweg-audio-cdn/audio/female/cb37fa69d340a029.mp3
klarweg-audio/public/audio/words/male/cb37fa69d340a029.mp3,klarweg-audio-cdn/audio/male/cb37fa69d340a029.mp3
klarweg-audio/public/audio/words/female/df4c5b30ceacbd3e.mp3,klarweg-audio-cdn/audio/female/df4c5b30ceacbd3e.mp3
klarweg-audio/public/audio/words/male/df4c5b30ceacbd3e.mp3,klarweg-audio-cdn/audio/male/df4c5b30ceacbd3e.mp3
klarweg-audio/public/audio/words/female/f2b455812ab559b7.mp3,klarweg-audio-cdn/audio/female/f2b455812ab559b7.mp3
klarweg-audio/public/audio/words/male/f2b455812ab559b7.mp3,klarweg-audio-cdn/audio/male/f2b455812ab559b7.mp3
klarweg-audio/public/audio/words/female/7b6a132a021fb59d.mp3,klarweg-audio-cdn/audio/female/7b6a132a021fb59d.mp3
klarweg-audio/public/audio/words/male/7b6a132a021fb59d.mp3,klarweg-audio-cdn/audio/male/7b6a132a021fb59d.mp3
klarweg-audio/public/audio/words/female/cab59baba94a97c2.mp3,klarweg-audio-cdn/audio/female/cab59baba94a97c2.mp3
klarweg-audio/public/audio/words/male/cab59baba94a97c2.mp3,klarweg-audio-cdn/audio/male/cab59baba94a97c2.mp3
klarweg-audio/public/audio/words/female/bf50bea07f62807c.mp3,klarweg-audio-cdn/audio/female/bf50bea07f62807c.mp3
klarweg-audio/public/audio/words/male/bf50bea07f62807c.mp3,klarweg-audio-cdn/audio/male/bf50bea07f62807c.mp3
klarweg-audio/public/audio/words/female/893a082945658f42.mp3,klarweg-audio-cdn/audio/female/893a082945658f42.mp3
klarweg-audio/public/audio/words/male/893a082945658f42.mp3,klarweg-audio-cdn/audio/male/893a082945658f42.mp3
klarweg-audio/public/audio/words/female/bf70f99264a8078b.mp3,klarweg-audio-cdn/audio/female/bf70f99264a8078b.mp3
klarweg-audio/public/audio/words/male/bf70f99264a8078b.mp3,klarweg-audio-cdn/audio/male/bf70f99264a8078b.mp3
klarweg-audio/public/audio/words/female/9d377e853afe8008.mp3,klarweg-audio-cdn/audio/female/9d377e853afe8008.mp3
klarweg-audio/public/audio/words/male/9d377e853afe8008.mp3,klarweg-audio-cdn/audio/male/9d377e853afe8008.mp3
klarweg-audio/public/audio/words/female/15ac65217e03bbc0.mp3,klarweg-audio-cdn/audio/female/15ac65217e03bbc0.mp3
klarweg-audio/public/audio/words/male/15ac65217e03bbc0.mp3,klarweg-audio-cdn/audio/male/15ac65217e03bbc0.mp3
klarweg-audio/public/audio/words/female/4b5292f18926e924.mp3,klarweg-audio-cdn/audio/female/4b5292f18926e924.mp3
klarweg-audio/public/audio/words/male/4b5292f18926e924.mp3,klarweg-audio-cdn/audio/male/4b5292f18926e924.mp3
klarweg-audio/public/audio/words/female/452c635bd9b1e225.mp3,klarweg-audio-cdn/audio/female/452c635bd9b1e225.mp3
klarweg-audio/public/audio/words/male/452c635bd9b1e225.mp3,klarweg-audio-cdn/audio/male/452c635bd9b1e225.mp3
klarweg-audio/public/audio/words/female/5a6f663829a85549.mp3,klarweg-audio-cdn/audio/female/5a6f663829a85549.mp3
klarweg-audio/public/audio/words/male/5a6f663829a85549.mp3,klarweg-audio-cdn/audio/male/5a6f663829a85549.mp3
klarweg-audio/public/audio/words/female/27b4ad130a03041b.mp3,klarweg-audio-cdn/audio/female/27b4ad130a03041b.mp3
klarweg-audio/public/audio/words/male/27b4ad130a03041b.mp3,klarweg-audio-cdn/audio/male/27b4ad130a03041b.mp3
klarweg-audio/public/audio/words/female/66158962cb0d102d.mp3,klarweg-audio-cdn/audio/female/66158962cb0d102d.mp3
klarweg-audio/public/audio/words/male/66158962cb0d102d.mp3,klarweg-audio-cdn/audio/male/66158962cb0d102d.mp3
klarweg-audio/public/audio/words/female/b9027f687204e63e.mp3,klarweg-audio-cdn/audio/female/b9027f687204e63e.mp3
klarweg-audio/public/audio/words/male/b9027f687204e63e.mp3,klarweg-audio-cdn/audio/male/b9027f687204e63e.mp3
klarweg-audio/public/audio/words/female/cc1399821d4cb351.mp3,klarweg-audio-cdn/audio/female/cc1399821d4cb351.mp3
klarweg-audio/public/audio/words/male/cc1399821d4cb351.mp3,klarweg-audio-cdn/audio/male/cc1399821d4cb351.mp3
klarweg-audio/public/audio/words/female/960cdcf905bd654e.mp3,klarweg-audio-cdn/audio/female/960cdcf905bd654e.mp3
klarweg-audio/public/audio/words/male/960cdcf905bd654e.mp3,klarweg-audio-cdn/audio/male/960cdcf905bd654e.mp3
klarweg-audio/public/audio/words/female/4bb1ce3d7d86d117.mp3,klarweg-audio-cdn/audio/female/4bb1ce3d7d86d117.mp3
klarweg-audio/public/audio/words/male/4bb1ce3d7d86d117.mp3,klarweg-audio-cdn/audio/male/4bb1ce3d7d86d117.mp3
klarweg-audio/public/audio/words/female/ff4c56019f541b56.mp3,klarweg-audio-cdn/audio/female/ff4c56019f541b56.mp3
klarweg-audio/public/audio/words/male/ff4c56019f541b56.mp3,klarweg-audio-cdn/audio/male/ff4c56019f541b56.mp3
klarweg-audio/public/audio/words/female/1af3bfec3a4f3f8a.mp3,klarweg-audio-cdn/audio/female/1af3bfec3a4f3f8a.mp3
klarweg-audio/public/audio/words/male/1af3bfec3a4f3f8a.mp3,klarweg-audio-cdn/audio/male/1af3bfec3a4f3f8a.mp3
klarweg-audio/public/audio/words/female/7a659939e00eb52a.mp3,klarweg-audio-cdn/audio/female/7a659939e00eb52a.mp3
klarweg-audio/public/audio/words/male/7a659939e00eb52a.mp3,klarweg-audio-cdn/audio/male/7a659939e00eb52a.mp3
klarweg-audio/public/audio/words/female/d5def614a8d23780.mp3,klarweg-audio-cdn/audio/female/d5def614a8d23780.mp3
klarweg-audio/public/audio/words/male/d5def614a8d23780.mp3,klarweg-audio-cdn/audio/male/d5def614a8d23780.mp3
klarweg-audio/public/audio/words/female/521c1ea135dd5591.mp3,klarweg-audio-cdn/audio/female/521c1ea135dd5591.mp3
klarweg-audio/public/audio/words/male/521c1ea135dd5591.mp3,klarweg-audio-cdn/audio/male/521c1ea135dd5591.mp3
klarweg-audio/public/audio/words/female/bc98abaa4df80578.mp3,klarweg-audio-cdn/audio/female/bc98abaa4df80578.mp3
klarweg-audio/public/audio/words/male/bc98abaa4df80578.mp3,klarweg-audio-cdn/audio/male/bc98abaa4df80578.mp3
klarweg-audio/public/audio/words/female/75f92ae081e836d7.mp3,klarweg-audio-cdn/audio/female/75f92ae081e836d7.mp3
klarweg-audio/public/audio/words/male/75f92ae081e836d7.mp3,klarweg-audio-cdn/audio/male/75f92ae081e836d7.mp3
klarweg-audio/public/audio/words/female/2152c5791796cc5b.mp3,klarweg-audio-cdn/audio/female/2152c5791796cc5b.mp3
klarweg-audio/public/audio/words/male/2152c5791796cc5b.mp3,klarweg-audio-cdn/audio/male/2152c5791796cc5b.mp3
klarweg-audio/public/audio/words/female/8f470ff7973069c2.mp3,klarweg-audio-cdn/audio/female/8f470ff7973069c2.mp3
klarweg-audio/public/audio/words/male/8f470ff7973069c2.mp3,klarweg-audio-cdn/audio/male/8f470ff7973069c2.mp3
klarweg-audio/public/audio/words/female/e9cf4f58e301fa35.mp3,klarweg-audio-cdn/audio/female/e9cf4f58e301fa35.mp3
klarweg-audio/public/audio/words/male/e9cf4f58e301fa35.mp3,klarweg-audio-cdn/audio/male/e9cf4f58e301fa35.mp3
klarweg-audio/public/audio/words/female/b9d8a6f18df0704d.mp3,klarweg-audio-cdn/audio/female/b9d8a6f18df0704d.mp3
klarweg-audio/public/audio/words/male/b9d8a6f18df0704d.mp3,klarweg-audio-cdn/audio/male/b9d8a6f18df0704d.mp3
klarweg-audio/public/audio/words/female/79de269b4c8f5400.mp3,klarweg-audio-cdn/audio/female/79de269b4c8f5400.mp3
klarweg-audio/public/audio/words/male/79de269b4c8f5400.mp3,klarweg-audio-cdn/audio/male/79de269b4c8f5400.mp3
klarweg-audio/public/audio/words/female/e3098cfb6e7bc407.mp3,klarweg-audio-cdn/audio/female/e3098cfb6e7bc407.mp3
klarweg-audio/public/audio/words/male/e3098cfb6e7bc407.mp3,klarweg-audio-cdn/audio/male/e3098cfb6e7bc407.mp3
klarweg-audio/public/audio/words/female/d3abd16b17e08340.mp3,klarweg-audio-cdn/audio/female/d3abd16b17e08340.mp3
klarweg-audio/public/audio/words/male/d3abd16b17e08340.mp3,klarweg-audio-cdn/audio/male/d3abd16b17e08340.mp3
klarweg-audio/public/audio/words/female/f0ccd66409b4a36d.mp3,klarweg-audio-cdn/audio/female/f0ccd66409b4a36d.mp3
klarweg-audio/public/audio/words/male/f0ccd66409b4a36d.mp3,klarweg-audio-cdn/audio/male/f0ccd66409b4a36d.mp3
klarweg-audio/public/audio/words/female/03dc048f78c321a5.mp3,klarweg-audio-cdn/audio/female/03dc048f78c321a5.mp3
klarweg-audio/public/audio/words/male/03dc048f78c321a5.mp3,klarweg-audio-cdn/audio/male/03dc048f78c321a5.mp3
klarweg-audio/public/audio/words/female/a51742433cd76dd9.mp3,klarweg-audio-cdn/audio/female/a51742433cd76dd9.mp3
klarweg-audio/public/audio/words/male/a51742433cd76dd9.mp3,klarweg-audio-cdn/audio/male/a51742433cd76dd9.mp3
klarweg-audio/public/audio/words/female/6b22ea29626b70d5.mp3,klarweg-audio-cdn/audio/female/6b22ea29626b70d5.mp3
klarweg-audio/public/audio/words/male/6b22ea29626b70d5.mp3,klarweg-audio-cdn/audio/male/6b22ea29626b70d5.mp3
klarweg-audio/public/audio/words/female/8bc7d824e70b0f51.mp3,klarweg-audio-cdn/audio/female/8bc7d824e70b0f51.mp3
klarweg-audio/public/audio/words/male/8bc7d824e70b0f51.mp3,klarweg-audio-cdn/audio/male/8bc7d824e70b0f51.mp3
klarweg-audio/public/audio/words/female/5b4890bf5c674cbd.mp3,klarweg-audio-cdn/audio/female/5b4890bf5c674cbd.mp3
klarweg-audio/public/audio/words/male/5b4890bf5c674cbd.mp3,klarweg-audio-cdn/audio/male/5b4890bf5c674cbd.mp3
klarweg-audio/public/audio/words/female/7aff0242290fc5c8.mp3,klarweg-audio-cdn/audio/female/7aff0242290fc5c8.mp3
klarweg-audio/public/audio/words/male/7aff0242290fc5c8.mp3,klarweg-audio-cdn/audio/male/7aff0242290fc5c8.mp3
klarweg-audio/public/audio/words/female/45cec0b53209068a.mp3,klarweg-audio-cdn/audio/female/45cec0b53209068a.mp3
klarweg-audio/public/audio/words/male/45cec0b53209068a.mp3,klarweg-audio-cdn/audio/male/45cec0b53209068a.mp3
klarweg-audio/public/audio/words/female/55b69167fe89bf21.mp3,klarweg-audio-cdn/audio/female/55b69167fe89bf21.mp3
klarweg-audio/public/audio/words/male/55b69167fe89bf21.mp3,klarweg-audio-cdn/audio/male/55b69167fe89bf21.mp3
klarweg-audio/public/audio/words/female/2a4be16638634f4a.mp3,klarweg-audio-cdn/audio/female/2a4be16638634f4a.mp3
klarweg-audio/public/audio/words/male/2a4be16638634f4a.mp3,klarweg-audio-cdn/audio/male/2a4be16638634f4a.mp3
klarweg-audio/public/audio/words/female/3447697bc0dec26f.mp3,klarweg-audio-cdn/audio/female/3447697bc0dec26f.mp3
klarweg-audio/public/audio/words/male/3447697bc0dec26f.mp3,klarweg-audio-cdn/audio/male/3447697bc0dec26f.mp3
klarweg-audio/public/audio/words/female/01a0e213ff4f7656.mp3,klarweg-audio-cdn/audio/female/01a0e213ff4f7656.mp3
klarweg-audio/public/audio/words/male/01a0e213ff4f7656.mp3,klarweg-audio-cdn/audio/male/01a0e213ff4f7656.mp3
klarweg-audio/public/audio/words/female/4df5b4b365b1dc01.mp3,klarweg-audio-cdn/audio/female/4df5b4b365b1dc01.mp3
klarweg-audio/public/audio/words/male/4df5b4b365b1dc01.mp3,klarweg-audio-cdn/audio/male/4df5b4b365b1dc01.mp3
klarweg-audio/public/audio/words/female/bcbaffce3575cdb5.mp3,klarweg-audio-cdn/audio/female/bcbaffce3575cdb5.mp3
klarweg-audio/public/audio/words/male/bcbaffce3575cdb5.mp3,klarweg-audio-cdn/audio/male/bcbaffce3575cdb5.mp3
klarweg-audio/public/audio/words/female/19035f78d0655c40.mp3,klarweg-audio-cdn/audio/female/19035f78d0655c40.mp3
klarweg-audio/public/audio/words/male/19035f78d0655c40.mp3,klarweg-audio-cdn/audio/male/19035f78d0655c40.mp3
klarweg-audio/public/audio/words/female/a2095a9fc38753e9.mp3,klarweg-audio-cdn/audio/female/a2095a9fc38753e9.mp3
klarweg-audio/public/audio/words/male/a2095a9fc38753e9.mp3,klarweg-audio-cdn/audio/male/a2095a9fc38753e9.mp3
klarweg-audio/public/audio/words/female/8e894d1a42a9bb54.mp3,klarweg-audio-cdn/audio/female/8e894d1a42a9bb54.mp3
klarweg-audio/public/audio/words/male/8e894d1a42a9bb54.mp3,klarweg-audio-cdn/audio/male/8e894d1a42a9bb54.mp3
klarweg-audio/public/audio/words/female/e65b959723ab2902.mp3,klarweg-audio-cdn/audio/female/e65b959723ab2902.mp3
klarweg-audio/public/audio/words/male/e65b959723ab2902.mp3,klarweg-audio-cdn/audio/male/e65b959723ab2902.mp3
klarweg-audio/public/audio/words/female/445150226ebbe675.mp3,klarweg-audio-cdn/audio/female/445150226ebbe675.mp3
klarweg-audio/public/audio/words/male/445150226ebbe675.mp3,klarweg-audio-cdn/audio/male/445150226ebbe675.mp3
klarweg-audio/public/audio/words/female/91156b9130ce8ecf.mp3,klarweg-audio-cdn/audio/female/91156b9130ce8ecf.mp3
klarweg-audio/public/audio/words/male/91156b9130ce8ecf.mp3,klarweg-audio-cdn/audio/male/91156b9130ce8ecf.mp3
klarweg-audio/public/audio/words/female/13fb56fdc0ea52b5.mp3,klarweg-audio-cdn/audio/female/13fb56fdc0ea52b5.mp3
klarweg-audio/public/audio/words/male/13fb56fdc0ea52b5.mp3,klarweg-audio-cdn/audio/male/13fb56fdc0ea52b5.mp3
klarweg-audio/public/audio/words/female/dbd2a59467d2935a.mp3,klarweg-audio-cdn/audio/female/dbd2a59467d2935a.mp3
klarweg-audio/public/audio/words/male/dbd2a59467d2935a.mp3,klarweg-audio-cdn/audio/male/dbd2a59467d2935a.mp3
klarweg-audio/public/audio/words/female/497dd1ffaf5d1ec6.mp3,klarweg-audio-cdn/audio/female/497dd1ffaf5d1ec6.mp3
klarweg-audio/public/audio/words/male/497dd1ffaf5d1ec6.mp3,klarweg-audio-cdn/audio/male/497dd1ffaf5d1ec6.mp3
klarweg-audio/public/audio/words/female/231c0b12346947c6.mp3,klarweg-audio-cdn/audio/female/231c0b12346947c6.mp3
klarweg-audio/public/audio/words/male/231c0b12346947c6.mp3,klarweg-audio-cdn/audio/male/231c0b12346947c6.mp3
klarweg-audio/public/audio/words/female/26ccb8abd7180a54.mp3,klarweg-audio-cdn/audio/female/26ccb8abd7180a54.mp3
klarweg-audio/public/audio/words/male/26ccb8abd7180a54.mp3,klarweg-audio-cdn/audio/male/26ccb8abd7180a54.mp3
klarweg-audio/public/audio/words/female/676571c1814fbfc4.mp3,klarweg-audio-cdn/audio/female/676571c1814fbfc4.mp3
klarweg-audio/public/audio/words/male/676571c1814fbfc4.mp3,klarweg-audio-cdn/audio/male/676571c1814fbfc4.mp3
klarweg-audio/public/audio/words/female/1dc6aaa89a069483.mp3,klarweg-audio-cdn/audio/female/1dc6aaa89a069483.mp3
klarweg-audio/public/audio/words/male/1dc6aaa89a069483.mp3,klarweg-audio-cdn/audio/male/1dc6aaa89a069483.mp3
klarweg-audio/public/audio/words/female/ab6c877097755d18.mp3,klarweg-audio-cdn/audio/female/ab6c877097755d18.mp3
klarweg-audio/public/audio/words/male/ab6c877097755d18.mp3,klarweg-audio-cdn/audio/male/ab6c877097755d18.mp3
klarweg-audio/public/audio/words/female/2780907dd901dd79.mp3,klarweg-audio-cdn/audio/female/2780907dd901dd79.mp3
klarweg-audio/public/audio/words/male/2780907dd901dd79.mp3,klarweg-audio-cdn/audio/male/2780907dd901dd79.mp3
klarweg-audio/public/audio/words/female/bbac63f38a1d932d.mp3,klarweg-audio-cdn/audio/female/bbac63f38a1d932d.mp3
klarweg-audio/public/audio/words/male/bbac63f38a1d932d.mp3,klarweg-audio-cdn/audio/male/bbac63f38a1d932d.mp3
klarweg-audio/public/audio/words/female/2c9df98c122b4496.mp3,klarweg-audio-cdn/audio/female/2c9df98c122b4496.mp3
klarweg-audio/public/audio/words/male/2c9df98c122b4496.mp3,klarweg-audio-cdn/audio/male/2c9df98c122b4496.mp3
klarweg-audio/public/audio/words/female/6a38244bc3b6e0a6.mp3,klarweg-audio-cdn/audio/female/6a38244bc3b6e0a6.mp3
klarweg-audio/public/audio/words/male/6a38244bc3b6e0a6.mp3,klarweg-audio-cdn/audio/male/6a38244bc3b6e0a6.mp3
klarweg-audio/public/audio/words/female/798ccc7a6df7acb3.mp3,klarweg-audio-cdn/audio/female/798ccc7a6df7acb3.mp3
klarweg-audio/public/audio/words/male/798ccc7a6df7acb3.mp3,klarweg-audio-cdn/audio/male/798ccc7a6df7acb3.mp3
klarweg-audio/public/audio/words/female/87286e12ea032a8c.mp3,klarweg-audio-cdn/audio/female/87286e12ea032a8c.mp3
klarweg-audio/public/audio/words/male/87286e12ea032a8c.mp3,klarweg-audio-cdn/audio/male/87286e12ea032a8c.mp3
klarweg-audio/public/audio/words/female/20ad065fd0bd8742.mp3,klarweg-audio-cdn/audio/female/20ad065fd0bd8742.mp3
klarweg-audio/public/audio/words/male/20ad065fd0bd8742.mp3,klarweg-audio-cdn/audio/male/20ad065fd0bd8742.mp3
klarweg-audio/public/audio/words/female/bc255b47aac9309a.mp3,klarweg-audio-cdn/audio/female/bc255b47aac9309a.mp3
klarweg-audio/public/audio/words/male/bc255b47aac9309a.mp3,klarweg-audio-cdn/audio/male/bc255b47aac9309a.mp3
klarweg-audio/public/audio/words/female/dafd240f792b4424.mp3,klarweg-audio-cdn/audio/female/dafd240f792b4424.mp3
klarweg-audio/public/audio/words/male/dafd240f792b4424.mp3,klarweg-audio-cdn/audio/male/dafd240f792b4424.mp3
klarweg-audio/public/audio/words/female/1ef1422905311610.mp3,klarweg-audio-cdn/audio/female/1ef1422905311610.mp3
klarweg-audio/public/audio/words/male/1ef1422905311610.mp3,klarweg-audio-cdn/audio/male/1ef1422905311610.mp3
klarweg-audio/public/audio/words/female/d52a800396450ea3.mp3,klarweg-audio-cdn/audio/female/d52a800396450ea3.mp3
klarweg-audio/public/audio/words/male/d52a800396450ea3.mp3,klarweg-audio-cdn/audio/male/d52a800396450ea3.mp3
klarweg-audio/public/audio/words/female/d7833766eab4c0ab.mp3,klarweg-audio-cdn/audio/female/d7833766eab4c0ab.mp3
klarweg-audio/public/audio/words/male/d7833766eab4c0ab.mp3,klarweg-audio-cdn/audio/male/d7833766eab4c0ab.mp3
klarweg-audio/public/audio/words/female/a0135c62000e4a90.mp3,klarweg-audio-cdn/audio/female/a0135c62000e4a90.mp3
klarweg-audio/public/audio/words/male/a0135c62000e4a90.mp3,klarweg-audio-cdn/audio/male/a0135c62000e4a90.mp3
klarweg-audio/public/audio/words/female/68c265a48c5f1515.mp3,klarweg-audio-cdn/audio/female/68c265a48c5f1515.mp3
klarweg-audio/public/audio/words/male/68c265a48c5f1515.mp3,klarweg-audio-cdn/audio/male/68c265a48c5f1515.mp3
klarweg-audio/public/audio/words/female/bec3ed230bfb7c31.mp3,klarweg-audio-cdn/audio/female/bec3ed230bfb7c31.mp3
klarweg-audio/public/audio/words/male/bec3ed230bfb7c31.mp3,klarweg-audio-cdn/audio/male/bec3ed230bfb7c31.mp3
klarweg-audio/public/audio/words/female/568cfaadb4fc9592.mp3,klarweg-audio-cdn/audio/female/568cfaadb4fc9592.mp3
klarweg-audio/public/audio/words/male/568cfaadb4fc9592.mp3,klarweg-audio-cdn/audio/male/568cfaadb4fc9592.mp3
klarweg-audio/public/audio/words/female/9e15162cf4aca11c.mp3,klarweg-audio-cdn/audio/female/9e15162cf4aca11c.mp3
klarweg-audio/public/audio/words/male/9e15162cf4aca11c.mp3,klarweg-audio-cdn/audio/male/9e15162cf4aca11c.mp3
klarweg-audio/public/audio/words/female/211b1f69aa172cbb.mp3,klarweg-audio-cdn/audio/female/211b1f69aa172cbb.mp3
klarweg-audio/public/audio/words/male/211b1f69aa172cbb.mp3,klarweg-audio-cdn/audio/male/211b1f69aa172cbb.mp3
klarweg-audio/public/audio/words/female/71b7bd57a8bce8a8.mp3,klarweg-audio-cdn/audio/female/71b7bd57a8bce8a8.mp3
klarweg-audio/public/audio/words/male/71b7bd57a8bce8a8.mp3,klarweg-audio-cdn/audio/male/71b7bd57a8bce8a8.mp3
klarweg-audio/public/audio/words/female/4a468c84b2cd5343.mp3,klarweg-audio-cdn/audio/female/4a468c84b2cd5343.mp3
klarweg-audio/public/audio/words/male/4a468c84b2cd5343.mp3,klarweg-audio-cdn/audio/male/4a468c84b2cd5343.mp3
klarweg-audio/public/audio/words/female/488c31f46cf27160.mp3,klarweg-audio-cdn/audio/female/488c31f46cf27160.mp3
klarweg-audio/public/audio/words/male/488c31f46cf27160.mp3,klarweg-audio-cdn/audio/male/488c31f46cf27160.mp3
klarweg-audio/public/audio/words/female/9d1f173cc34363a4.mp3,klarweg-audio-cdn/audio/female/9d1f173cc34363a4.mp3
klarweg-audio/public/audio/words/male/9d1f173cc34363a4.mp3,klarweg-audio-cdn/audio/male/9d1f173cc34363a4.mp3
klarweg-audio/public/audio/words/female/40ec06d869f7d5d6.mp3,klarweg-audio-cdn/audio/female/40ec06d869f7d5d6.mp3
klarweg-audio/public/audio/words/male/40ec06d869f7d5d6.mp3,klarweg-audio-cdn/audio/male/40ec06d869f7d5d6.mp3
klarweg-audio/public/audio/words/female/10123008fe3ce1be.mp3,klarweg-audio-cdn/audio/female/10123008fe3ce1be.mp3
klarweg-audio/public/audio/words/male/10123008fe3ce1be.mp3,klarweg-audio-cdn/audio/male/10123008fe3ce1be.mp3
klarweg-audio/public/audio/words/female/7820c2b2051e1238.mp3,klarweg-audio-cdn/audio/female/7820c2b2051e1238.mp3
klarweg-audio/public/audio/words/male/7820c2b2051e1238.mp3,klarweg-audio-cdn/audio/male/7820c2b2051e1238.mp3
klarweg-audio/public/audio/words/female/30bd04837bfe7062.mp3,klarweg-audio-cdn/audio/female/30bd04837bfe7062.mp3
klarweg-audio/public/audio/words/male/30bd04837bfe7062.mp3,klarweg-audio-cdn/audio/male/30bd04837bfe7062.mp3
klarweg-audio/public/audio/words/female/015731b727551a54.mp3,klarweg-audio-cdn/audio/female/015731b727551a54.mp3
klarweg-audio/public/audio/words/male/015731b727551a54.mp3,klarweg-audio-cdn/audio/male/015731b727551a54.mp3
klarweg-audio/public/audio/words/female/fa9bb7091a5fd8e3.mp3,klarweg-audio-cdn/audio/female/fa9bb7091a5fd8e3.mp3
klarweg-audio/public/audio/words/male/fa9bb7091a5fd8e3.mp3,klarweg-audio-cdn/audio/male/fa9bb7091a5fd8e3.mp3
klarweg-audio/public/audio/words/female/f046d2457e42ffbc.mp3,klarweg-audio-cdn/audio/female/f046d2457e42ffbc.mp3
klarweg-audio/public/audio/words/male/f046d2457e42ffbc.mp3,klarweg-audio-cdn/audio/male/f046d2457e42ffbc.mp3
klarweg-audio/public/audio/words/female/0e0d62d0fb1edbc1.mp3,klarweg-audio-cdn/audio/female/0e0d62d0fb1edbc1.mp3
klarweg-audio/public/audio/words/male/0e0d62d0fb1edbc1.mp3,klarweg-audio-cdn/audio/male/0e0d62d0fb1edbc1.mp3
klarweg-audio/public/audio/words/female/90cb9aa594f3c89a.mp3,klarweg-audio-cdn/audio/female/90cb9aa594f3c89a.mp3
klarweg-audio/public/audio/words/male/90cb9aa594f3c89a.mp3,klarweg-audio-cdn/audio/male/90cb9aa594f3c89a.mp3
klarweg-audio/public/audio/words/female/9c98e2c7147b1229.mp3,klarweg-audio-cdn/audio/female/9c98e2c7147b1229.mp3
klarweg-audio/public/audio/words/male/9c98e2c7147b1229.mp3,klarweg-audio-cdn/audio/male/9c98e2c7147b1229.mp3
klarweg-audio/public/audio/words/female/d848d4ab9ba7e56b.mp3,klarweg-audio-cdn/audio/female/d848d4ab9ba7e56b.mp3
klarweg-audio/public/audio/words/male/d848d4ab9ba7e56b.mp3,klarweg-audio-cdn/audio/male/d848d4ab9ba7e56b.mp3
klarweg-audio/public/audio/words/female/7aef1b61753b893f.mp3,klarweg-audio-cdn/audio/female/7aef1b61753b893f.mp3
klarweg-audio/public/audio/words/male/7aef1b61753b893f.mp3,klarweg-audio-cdn/audio/male/7aef1b61753b893f.mp3
klarweg-audio/public/audio/words/female/dc53344972b4d03c.mp3,klarweg-audio-cdn/audio/female/dc53344972b4d03c.mp3
klarweg-audio/public/audio/words/male/dc53344972b4d03c.mp3,klarweg-audio-cdn/audio/male/dc53344972b4d03c.mp3
klarweg-audio/public/audio/words/female/735a49eeb9c132ab.mp3,klarweg-audio-cdn/audio/female/735a49eeb9c132ab.mp3
klarweg-audio/public/audio/words/male/735a49eeb9c132ab.mp3,klarweg-audio-cdn/audio/male/735a49eeb9c132ab.mp3
klarweg-audio/public/audio/words/female/5d138401b4b5e4af.mp3,klarweg-audio-cdn/audio/female/5d138401b4b5e4af.mp3
klarweg-audio/public/audio/words/male/5d138401b4b5e4af.mp3,klarweg-audio-cdn/audio/male/5d138401b4b5e4af.mp3
klarweg-audio/public/audio/words/female/f0eea93e60dcc74a.mp3,klarweg-audio-cdn/audio/female/f0eea93e60dcc74a.mp3
klarweg-audio/public/audio/words/male/f0eea93e60dcc74a.mp3,klarweg-audio-cdn/audio/male/f0eea93e60dcc74a.mp3
klarweg-audio/public/audio/words/female/7405890d03a83bd4.mp3,klarweg-audio-cdn/audio/female/7405890d03a83bd4.mp3
klarweg-audio/public/audio/words/male/7405890d03a83bd4.mp3,klarweg-audio-cdn/audio/male/7405890d03a83bd4.mp3
klarweg-audio/public/audio/words/female/1fbbc13af95a70f5.mp3,klarweg-audio-cdn/audio/female/1fbbc13af95a70f5.mp3
klarweg-audio/public/audio/words/male/1fbbc13af95a70f5.mp3,klarweg-audio-cdn/audio/male/1fbbc13af95a70f5.mp3
klarweg-audio/public/audio/words/female/cb707149fe914329.mp3,klarweg-audio-cdn/audio/female/cb707149fe914329.mp3
klarweg-audio/public/audio/words/male/cb707149fe914329.mp3,klarweg-audio-cdn/audio/male/cb707149fe914329.mp3
klarweg-audio/public/audio/words/female/0426dd60a7301a63.mp3,klarweg-audio-cdn/audio/female/0426dd60a7301a63.mp3
klarweg-audio/public/audio/words/male/0426dd60a7301a63.mp3,klarweg-audio-cdn/audio/male/0426dd60a7301a63.mp3
klarweg-audio/public/audio/words/female/aa4b075732234fd8.mp3,klarweg-audio-cdn/audio/female/aa4b075732234fd8.mp3
klarweg-audio/public/audio/words/male/aa4b075732234fd8.mp3,klarweg-audio-cdn/audio/male/aa4b075732234fd8.mp3
klarweg-audio/public/audio/words/female/a4d24fcc9d278df5.mp3,klarweg-audio-cdn/audio/female/a4d24fcc9d278df5.mp3
klarweg-audio/public/audio/words/male/a4d24fcc9d278df5.mp3,klarweg-audio-cdn/audio/male/a4d24fcc9d278df5.mp3
klarweg-audio/public/audio/words/female/f36844e050b778e1.mp3,klarweg-audio-cdn/audio/female/f36844e050b778e1.mp3
klarweg-audio/public/audio/words/male/f36844e050b778e1.mp3,klarweg-audio-cdn/audio/male/f36844e050b778e1.mp3
klarweg-audio/public/audio/words/female/b0c8584c735db23d.mp3,klarweg-audio-cdn/audio/female/b0c8584c735db23d.mp3
klarweg-audio/public/audio/words/male/b0c8584c735db23d.mp3,klarweg-audio-cdn/audio/male/b0c8584c735db23d.mp3
klarweg-audio/public/audio/words/female/09210a7a53471a5d.mp3,klarweg-audio-cdn/audio/female/09210a7a53471a5d.mp3
klarweg-audio/public/audio/words/male/09210a7a53471a5d.mp3,klarweg-audio-cdn/audio/male/09210a7a53471a5d.mp3
klarweg-audio/public/audio/words/female/c0301d344c8cf836.mp3,klarweg-audio-cdn/audio/female/c0301d344c8cf836.mp3
klarweg-audio/public/audio/words/male/c0301d344c8cf836.mp3,klarweg-audio-cdn/audio/male/c0301d344c8cf836.mp3
klarweg-audio/public/audio/words/female/4c25460e80f153b2.mp3,klarweg-audio-cdn/audio/female/4c25460e80f153b2.mp3
klarweg-audio/public/audio/words/male/4c25460e80f153b2.mp3,klarweg-audio-cdn/audio/male/4c25460e80f153b2.mp3
klarweg-audio/public/audio/words/female/b8946a83705d2281.mp3,klarweg-audio-cdn/audio/female/b8946a83705d2281.mp3
klarweg-audio/public/audio/words/male/b8946a83705d2281.mp3,klarweg-audio-cdn/audio/male/b8946a83705d2281.mp3
klarweg-audio/public/audio/words/female/a55c46803d51668a.mp3,klarweg-audio-cdn/audio/female/a55c46803d51668a.mp3
klarweg-audio/public/audio/words/male/a55c46803d51668a.mp3,klarweg-audio-cdn/audio/male/a55c46803d51668a.mp3
klarweg-audio/public/audio/words/female/cc0e2047877f8a5e.mp3,klarweg-audio-cdn/audio/female/cc0e2047877f8a5e.mp3
klarweg-audio/public/audio/words/male/cc0e2047877f8a5e.mp3,klarweg-audio-cdn/audio/male/cc0e2047877f8a5e.mp3
klarweg-audio/public/audio/words/female/2304ef4d28abe134.mp3,klarweg-audio-cdn/audio/female/2304ef4d28abe134.mp3
klarweg-audio/public/audio/words/male/2304ef4d28abe134.mp3,klarweg-audio-cdn/audio/male/2304ef4d28abe134.mp3
klarweg-audio/public/audio/words/female/680f90954520cfba.mp3,klarweg-audio-cdn/audio/female/680f90954520cfba.mp3
klarweg-audio/public/audio/words/male/680f90954520cfba.mp3,klarweg-audio-cdn/audio/male/680f90954520cfba.mp3
klarweg-audio/public/audio/words/female/2c19ef020bbf206a.mp3,klarweg-audio-cdn/audio/female/2c19ef020bbf206a.mp3
klarweg-audio/public/audio/words/male/2c19ef020bbf206a.mp3,klarweg-audio-cdn/audio/male/2c19ef020bbf206a.mp3
klarweg-audio/public/audio/words/female/c553502f319976de.mp3,klarweg-audio-cdn/audio/female/c553502f319976de.mp3
klarweg-audio/public/audio/words/male/c553502f319976de.mp3,klarweg-audio-cdn/audio/male/c553502f319976de.mp3
klarweg-audio/public/audio/words/female/17026def434bf5b6.mp3,klarweg-audio-cdn/audio/female/17026def434bf5b6.mp3
klarweg-audio/public/audio/words/male/17026def434bf5b6.mp3,klarweg-audio-cdn/audio/male/17026def434bf5b6.mp3
klarweg-audio/public/audio/words/female/12ca477de47f6c45.mp3,klarweg-audio-cdn/audio/female/12ca477de47f6c45.mp3
klarweg-audio/public/audio/words/male/12ca477de47f6c45.mp3,klarweg-audio-cdn/audio/male/12ca477de47f6c45.mp3
klarweg-audio/public/audio/words/female/06c18561c95e05e9.mp3,klarweg-audio-cdn/audio/female/06c18561c95e05e9.mp3
klarweg-audio/public/audio/words/male/06c18561c95e05e9.mp3,klarweg-audio-cdn/audio/male/06c18561c95e05e9.mp3
klarweg-audio/public/audio/words/female/404ac09433e85a91.mp3,klarweg-audio-cdn/audio/female/404ac09433e85a91.mp3
klarweg-audio/public/audio/words/male/404ac09433e85a91.mp3,klarweg-audio-cdn/audio/male/404ac09433e85a91.mp3
klarweg-audio/public/audio/words/female/cf7c30eb363f9927.mp3,klarweg-audio-cdn/audio/female/cf7c30eb363f9927.mp3
klarweg-audio/public/audio/words/male/cf7c30eb363f9927.mp3,klarweg-audio-cdn/audio/male/cf7c30eb363f9927.mp3
klarweg-audio/public/audio/words/female/0822d254c6ae76d1.mp3,klarweg-audio-cdn/audio/female/0822d254c6ae76d1.mp3
klarweg-audio/public/audio/words/male/0822d254c6ae76d1.mp3,klarweg-audio-cdn/audio/male/0822d254c6ae76d1.mp3
klarweg-audio/public/audio/words/female/2d0a4a30df9420c1.mp3,klarweg-audio-cdn/audio/female/2d0a4a30df9420c1.mp3
klarweg-audio/public/audio/words/male/2d0a4a30df9420c1.mp3,klarweg-audio-cdn/audio/male/2d0a4a30df9420c1.mp3
klarweg-audio/public/audio/words/female/5bb1098885731225.mp3,klarweg-audio-cdn/audio/female/5bb1098885731225.mp3
klarweg-audio/public/audio/words/male/5bb1098885731225.mp3,klarweg-audio-cdn/audio/male/5bb1098885731225.mp3
klarweg-audio/public/audio/words/female/aceb567037e00ced.mp3,klarweg-audio-cdn/audio/female/aceb567037e00ced.mp3
klarweg-audio/public/audio/words/male/aceb567037e00ced.mp3,klarweg-audio-cdn/audio/male/aceb567037e00ced.mp3
klarweg-audio/public/audio/words/female/4b51171fe89a9b9f.mp3,klarweg-audio-cdn/audio/female/4b51171fe89a9b9f.mp3
klarweg-audio/public/audio/words/male/4b51171fe89a9b9f.mp3,klarweg-audio-cdn/audio/male/4b51171fe89a9b9f.mp3
klarweg-audio/public/audio/words/female/7dd0f682071b3c1e.mp3,klarweg-audio-cdn/audio/female/7dd0f682071b3c1e.mp3
klarweg-audio/public/audio/words/male/7dd0f682071b3c1e.mp3,klarweg-audio-cdn/audio/male/7dd0f682071b3c1e.mp3
klarweg-audio/public/audio/words/female/82539cec32632301.mp3,klarweg-audio-cdn/audio/female/82539cec32632301.mp3
klarweg-audio/public/audio/words/male/82539cec32632301.mp3,klarweg-audio-cdn/audio/male/82539cec32632301.mp3
klarweg-audio/public/audio/words/female/c7c620a81a94ebe2.mp3,klarweg-audio-cdn/audio/female/c7c620a81a94ebe2.mp3
klarweg-audio/public/audio/words/male/c7c620a81a94ebe2.mp3,klarweg-audio-cdn/audio/male/c7c620a81a94ebe2.mp3
klarweg-audio/public/audio/words/female/53c1ef77f59a6a42.mp3,klarweg-audio-cdn/audio/female/53c1ef77f59a6a42.mp3
klarweg-audio/public/audio/words/male/53c1ef77f59a6a42.mp3,klarweg-audio-cdn/audio/male/53c1ef77f59a6a42.mp3
klarweg-audio/public/audio/words/female/9235aa75b0473a15.mp3,klarweg-audio-cdn/audio/female/9235aa75b0473a15.mp3
klarweg-audio/public/audio/words/male/9235aa75b0473a15.mp3,klarweg-audio-cdn/audio/male/9235aa75b0473a15.mp3
klarweg-audio/public/audio/words/female/5911df0096ef933e.mp3,klarweg-audio-cdn/audio/female/5911df0096ef933e.mp3
klarweg-audio/public/audio/words/male/5911df0096ef933e.mp3,klarweg-audio-cdn/audio/male/5911df0096ef933e.mp3
klarweg-audio/public/audio/words/female/f1426adff20582aa.mp3,klarweg-audio-cdn/audio/female/f1426adff20582aa.mp3
klarweg-audio/public/audio/words/male/f1426adff20582aa.mp3,klarweg-audio-cdn/audio/male/f1426adff20582aa.mp3
klarweg-audio/public/audio/words/female/97cdc7fe9e814a1d.mp3,klarweg-audio-cdn/audio/female/97cdc7fe9e814a1d.mp3
klarweg-audio/public/audio/words/male/97cdc7fe9e814a1d.mp3,klarweg-audio-cdn/audio/male/97cdc7fe9e814a1d.mp3
klarweg-audio/public/audio/words/female/1fb2f3ca038c938b.mp3,klarweg-audio-cdn/audio/female/1fb2f3ca038c938b.mp3
klarweg-audio/public/audio/words/male/1fb2f3ca038c938b.mp3,klarweg-audio-cdn/audio/male/1fb2f3ca038c938b.mp3
klarweg-audio/public/audio/words/female/20dde25555a2a3b1.mp3,klarweg-audio-cdn/audio/female/20dde25555a2a3b1.mp3
klarweg-audio/public/audio/words/male/20dde25555a2a3b1.mp3,klarweg-audio-cdn/audio/male/20dde25555a2a3b1.mp3
klarweg-audio/public/audio/words/female/24461411393e81d2.mp3,klarweg-audio-cdn/audio/female/24461411393e81d2.mp3
klarweg-audio/public/audio/words/male/24461411393e81d2.mp3,klarweg-audio-cdn/audio/male/24461411393e81d2.mp3
klarweg-audio/public/audio/words/female/5caede9c7b7bd674.mp3,klarweg-audio-cdn/audio/female/5caede9c7b7bd674.mp3
klarweg-audio/public/audio/words/male/5caede9c7b7bd674.mp3,klarweg-audio-cdn/audio/male/5caede9c7b7bd674.mp3
klarweg-audio/public/audio/words/female/2aefd89d039a1cf4.mp3,klarweg-audio-cdn/audio/female/2aefd89d039a1cf4.mp3
klarweg-audio/public/audio/words/male/2aefd89d039a1cf4.mp3,klarweg-audio-cdn/audio/male/2aefd89d039a1cf4.mp3
klarweg-audio/public/audio/words/female/43ce597a1d4e4b31.mp3,klarweg-audio-cdn/audio/female/43ce597a1d4e4b31.mp3
klarweg-audio/public/audio/words/male/43ce597a1d4e4b31.mp3,klarweg-audio-cdn/audio/male/43ce597a1d4e4b31.mp3
klarweg-audio/public/audio/words/female/c773568ad8b8d636.mp3,klarweg-audio-cdn/audio/female/c773568ad8b8d636.mp3
klarweg-audio/public/audio/words/male/c773568ad8b8d636.mp3,klarweg-audio-cdn/audio/male/c773568ad8b8d636.mp3
klarweg-audio/public/audio/words/female/6c8dd6179e44107c.mp3,klarweg-audio-cdn/audio/female/6c8dd6179e44107c.mp3
klarweg-audio/public/audio/words/male/6c8dd6179e44107c.mp3,klarweg-audio-cdn/audio/male/6c8dd6179e44107c.mp3
klarweg-audio/public/audio/words/female/92bf23aa6f7d76aa.mp3,klarweg-audio-cdn/audio/female/92bf23aa6f7d76aa.mp3
klarweg-audio/public/audio/words/male/92bf23aa6f7d76aa.mp3,klarweg-audio-cdn/audio/male/92bf23aa6f7d76aa.mp3
klarweg-audio/public/audio/words/female/e9b82d525d1216ce.mp3,klarweg-audio-cdn/audio/female/e9b82d525d1216ce.mp3
klarweg-audio/public/audio/words/male/e9b82d525d1216ce.mp3,klarweg-audio-cdn/audio/male/e9b82d525d1216ce.mp3
klarweg-audio/public/audio/words/female/39335944d780e311.mp3,klarweg-audio-cdn/audio/female/39335944d780e311.mp3
klarweg-audio/public/audio/words/male/39335944d780e311.mp3,klarweg-audio-cdn/audio/male/39335944d780e311.mp3
klarweg-audio/public/audio/words/female/1519a259f238ffab.mp3,klarweg-audio-cdn/audio/female/1519a259f238ffab.mp3
klarweg-audio/public/audio/words/male/1519a259f238ffab.mp3,klarweg-audio-cdn/audio/male/1519a259f238ffab.mp3
klarweg-audio/public/audio/words/female/c738a6df588acf0c.mp3,klarweg-audio-cdn/audio/female/c738a6df588acf0c.mp3
klarweg-audio/public/audio/words/male/c738a6df588acf0c.mp3,klarweg-audio-cdn/audio/male/c738a6df588acf0c.mp3
klarweg-audio/public/audio/words/female/dfdfb5974246bf0d.mp3,klarweg-audio-cdn/audio/female/dfdfb5974246bf0d.mp3
klarweg-audio/public/audio/words/male/dfdfb5974246bf0d.mp3,klarweg-audio-cdn/audio/male/dfdfb5974246bf0d.mp3
klarweg-audio/public/audio/words/female/28f9365cb4f49b8f.mp3,klarweg-audio-cdn/audio/female/28f9365cb4f49b8f.mp3
klarweg-audio/public/audio/words/male/28f9365cb4f49b8f.mp3,klarweg-audio-cdn/audio/male/28f9365cb4f49b8f.mp3
klarweg-audio/public/audio/words/female/83b1b83a174b79a1.mp3,klarweg-audio-cdn/audio/female/83b1b83a174b79a1.mp3
klarweg-audio/public/audio/words/male/83b1b83a174b79a1.mp3,klarweg-audio-cdn/audio/male/83b1b83a174b79a1.mp3
klarweg-audio/public/audio/words/female/e8db206b7cae7626.mp3,klarweg-audio-cdn/audio/female/e8db206b7cae7626.mp3
klarweg-audio/public/audio/words/male/e8db206b7cae7626.mp3,klarweg-audio-cdn/audio/male/e8db206b7cae7626.mp3
klarweg-audio/public/audio/words/female/1bec1038a61fb953.mp3,klarweg-audio-cdn/audio/female/1bec1038a61fb953.mp3
klarweg-audio/public/audio/words/male/1bec1038a61fb953.mp3,klarweg-audio-cdn/audio/male/1bec1038a61fb953.mp3
klarweg-audio/public/audio/words/female/2906a947cc095604.mp3,klarweg-audio-cdn/audio/female/2906a947cc095604.mp3
klarweg-audio/public/audio/words/male/2906a947cc095604.mp3,klarweg-audio-cdn/audio/male/2906a947cc095604.mp3
klarweg-audio/public/audio/words/female/46d4120aefb3db98.mp3,klarweg-audio-cdn/audio/female/46d4120aefb3db98.mp3
klarweg-audio/public/audio/words/male/46d4120aefb3db98.mp3,klarweg-audio-cdn/audio/male/46d4120aefb3db98.mp3
klarweg-audio/public/audio/words/female/bc7ec9875698f499.mp3,klarweg-audio-cdn/audio/female/bc7ec9875698f499.mp3
klarweg-audio/public/audio/words/male/bc7ec9875698f499.mp3,klarweg-audio-cdn/audio/male/bc7ec9875698f499.mp3
klarweg-audio/public/audio/words/female/a699438a4ac9194e.mp3,klarweg-audio-cdn/audio/female/a699438a4ac9194e.mp3
klarweg-audio/public/audio/words/male/a699438a4ac9194e.mp3,klarweg-audio-cdn/audio/male/a699438a4ac9194e.mp3
klarweg-audio/public/audio/words/female/6c75365367bea92b.mp3,klarweg-audio-cdn/audio/female/6c75365367bea92b.mp3
klarweg-audio/public/audio/words/male/6c75365367bea92b.mp3,klarweg-audio-cdn/audio/male/6c75365367bea92b.mp3
klarweg-audio/public/audio/words/female/bdd46c08704bd990.mp3,klarweg-audio-cdn/audio/female/bdd46c08704bd990.mp3
klarweg-audio/public/audio/words/male/bdd46c08704bd990.mp3,klarweg-audio-cdn/audio/male/bdd46c08704bd990.mp3
klarweg-audio/public/audio/words/female/01b2284e122bb1db.mp3,klarweg-audio-cdn/audio/female/01b2284e122bb1db.mp3
klarweg-audio/public/audio/words/male/01b2284e122bb1db.mp3,klarweg-audio-cdn/audio/male/01b2284e122bb1db.mp3
klarweg-audio/public/audio/words/female/f384f499fb3dc8f1.mp3,klarweg-audio-cdn/audio/female/f384f499fb3dc8f1.mp3
klarweg-audio/public/audio/words/male/f384f499fb3dc8f1.mp3,klarweg-audio-cdn/audio/male/f384f499fb3dc8f1.mp3
klarweg-audio/public/audio/words/female/5d87e0466cc2a1a8.mp3,klarweg-audio-cdn/audio/female/5d87e0466cc2a1a8.mp3
klarweg-audio/public/audio/words/male/5d87e0466cc2a1a8.mp3,klarweg-audio-cdn/audio/male/5d87e0466cc2a1a8.mp3
klarweg-audio/public/audio/words/female/444fb0b15ad6515f.mp3,klarweg-audio-cdn/audio/female/444fb0b15ad6515f.mp3
klarweg-audio/public/audio/words/male/444fb0b15ad6515f.mp3,klarweg-audio-cdn/audio/male/444fb0b15ad6515f.mp3
klarweg-audio/public/audio/words/female/f871fc70317a24ad.mp3,klarweg-audio-cdn/audio/female/f871fc70317a24ad.mp3
klarweg-audio/public/audio/words/male/f871fc70317a24ad.mp3,klarweg-audio-cdn/audio/male/f871fc70317a24ad.mp3
klarweg-audio/public/audio/words/female/82409188e9ecda4f.mp3,klarweg-audio-cdn/audio/female/82409188e9ecda4f.mp3
klarweg-audio/public/audio/words/male/82409188e9ecda4f.mp3,klarweg-audio-cdn/audio/male/82409188e9ecda4f.mp3
klarweg-audio/public/audio/words/female/61fd563980412ebc.mp3,klarweg-audio-cdn/audio/female/61fd563980412ebc.mp3
klarweg-audio/public/audio/words/male/61fd563980412ebc.mp3,klarweg-audio-cdn/audio/male/61fd563980412ebc.mp3
klarweg-audio/public/audio/words/female/64b6740ad245bdcd.mp3,klarweg-audio-cdn/audio/female/64b6740ad245bdcd.mp3
klarweg-audio/public/audio/words/male/64b6740ad245bdcd.mp3,klarweg-audio-cdn/audio/male/64b6740ad245bdcd.mp3
klarweg-audio/public/audio/words/female/ef0bddd060885e1b.mp3,klarweg-audio-cdn/audio/female/ef0bddd060885e1b.mp3
klarweg-audio/public/audio/words/male/ef0bddd060885e1b.mp3,klarweg-audio-cdn/audio/male/ef0bddd060885e1b.mp3
klarweg-audio/public/audio/words/female/bf5a4a937b6b368e.mp3,klarweg-audio-cdn/audio/female/bf5a4a937b6b368e.mp3
klarweg-audio/public/audio/words/male/bf5a4a937b6b368e.mp3,klarweg-audio-cdn/audio/male/bf5a4a937b6b368e.mp3
klarweg-audio/public/audio/words/female/3994a3c9dc433392.mp3,klarweg-audio-cdn/audio/female/3994a3c9dc433392.mp3
klarweg-audio/public/audio/words/male/3994a3c9dc433392.mp3,klarweg-audio-cdn/audio/male/3994a3c9dc433392.mp3
klarweg-audio/public/audio/words/female/af6e9363cd03821b.mp3,klarweg-audio-cdn/audio/female/af6e9363cd03821b.mp3
klarweg-audio/public/audio/words/male/af6e9363cd03821b.mp3,klarweg-audio-cdn/audio/male/af6e9363cd03821b.mp3
klarweg-audio/public/audio/words/female/18a0faa7d98cbafa.mp3,klarweg-audio-cdn/audio/female/18a0faa7d98cbafa.mp3
klarweg-audio/public/audio/words/male/18a0faa7d98cbafa.mp3,klarweg-audio-cdn/audio/male/18a0faa7d98cbafa.mp3
klarweg-audio/public/audio/words/female/ecc0a970c083f929.mp3,klarweg-audio-cdn/audio/female/ecc0a970c083f929.mp3
klarweg-audio/public/audio/words/male/ecc0a970c083f929.mp3,klarweg-audio-cdn/audio/male/ecc0a970c083f929.mp3
klarweg-audio/public/audio/words/female/b26b34606dcbc767.mp3,klarweg-audio-cdn/audio/female/b26b34606dcbc767.mp3
klarweg-audio/public/audio/words/male/b26b34606dcbc767.mp3,klarweg-audio-cdn/audio/male/b26b34606dcbc767.mp3
klarweg-audio/public/audio/words/female/31ed6ee4137e05ed.mp3,klarweg-audio-cdn/audio/female/31ed6ee4137e05ed.mp3
klarweg-audio/public/audio/words/male/31ed6ee4137e05ed.mp3,klarweg-audio-cdn/audio/male/31ed6ee4137e05ed.mp3
klarweg-audio/public/audio/words/female/81ddcbdacfc33f10.mp3,klarweg-audio-cdn/audio/female/81ddcbdacfc33f10.mp3
klarweg-audio/public/audio/words/male/81ddcbdacfc33f10.mp3,klarweg-audio-cdn/audio/male/81ddcbdacfc33f10.mp3
klarweg-audio/public/audio/words/female/e3553ea2ffe6447a.mp3,klarweg-audio-cdn/audio/female/e3553ea2ffe6447a.mp3
klarweg-audio/public/audio/words/male/e3553ea2ffe6447a.mp3,klarweg-audio-cdn/audio/male/e3553ea2ffe6447a.mp3
klarweg-audio/public/audio/words/female/e8838bb7f38782c5.mp3,klarweg-audio-cdn/audio/female/e8838bb7f38782c5.mp3
klarweg-audio/public/audio/words/male/e8838bb7f38782c5.mp3,klarweg-audio-cdn/audio/male/e8838bb7f38782c5.mp3
klarweg-audio/public/audio/words/female/c325d23ce4838fa5.mp3,klarweg-audio-cdn/audio/female/c325d23ce4838fa5.mp3
klarweg-audio/public/audio/words/male/c325d23ce4838fa5.mp3,klarweg-audio-cdn/audio/male/c325d23ce4838fa5.mp3
klarweg-audio/public/audio/words/female/d8f7e6e68ef80913.mp3,klarweg-audio-cdn/audio/female/d8f7e6e68ef80913.mp3
klarweg-audio/public/audio/words/male/d8f7e6e68ef80913.mp3,klarweg-audio-cdn/audio/male/d8f7e6e68ef80913.mp3
klarweg-audio/public/audio/words/female/181f2c4b9f62cc61.mp3,klarweg-audio-cdn/audio/female/181f2c4b9f62cc61.mp3
klarweg-audio/public/audio/words/male/181f2c4b9f62cc61.mp3,klarweg-audio-cdn/audio/male/181f2c4b9f62cc61.mp3
klarweg-audio/public/audio/words/female/02ae19f902e3725f.mp3,klarweg-audio-cdn/audio/female/02ae19f902e3725f.mp3
klarweg-audio/public/audio/words/male/02ae19f902e3725f.mp3,klarweg-audio-cdn/audio/male/02ae19f902e3725f.mp3
klarweg-audio/public/audio/words/female/f63c797202122a65.mp3,klarweg-audio-cdn/audio/female/f63c797202122a65.mp3
klarweg-audio/public/audio/words/male/f63c797202122a65.mp3,klarweg-audio-cdn/audio/male/f63c797202122a65.mp3
klarweg-audio/public/audio/words/female/4b2402a33692e93e.mp3,klarweg-audio-cdn/audio/female/4b2402a33692e93e.mp3
klarweg-audio/public/audio/words/male/4b2402a33692e93e.mp3,klarweg-audio-cdn/audio/male/4b2402a33692e93e.mp3
klarweg-audio/public/audio/words/female/c6bd08209805320e.mp3,klarweg-audio-cdn/audio/female/c6bd08209805320e.mp3
klarweg-audio/public/audio/words/male/c6bd08209805320e.mp3,klarweg-audio-cdn/audio/male/c6bd08209805320e.mp3
klarweg-audio/public/audio/words/female/d63d38454d8ab8e5.mp3,klarweg-audio-cdn/audio/female/d63d38454d8ab8e5.mp3
klarweg-audio/public/audio/words/male/d63d38454d8ab8e5.mp3,klarweg-audio-cdn/audio/male/d63d38454d8ab8e5.mp3
klarweg-audio/public/audio/words/female/bc5c1af38e979a4e.mp3,klarweg-audio-cdn/audio/female/bc5c1af38e979a4e.mp3
klarweg-audio/public/audio/words/male/bc5c1af38e979a4e.mp3,klarweg-audio-cdn/audio/male/bc5c1af38e979a4e.mp3
klarweg-audio/public/audio/words/female/3fe56baf4d6251fb.mp3,klarweg-audio-cdn/audio/female/3fe56baf4d6251fb.mp3
klarweg-audio/public/audio/words/male/3fe56baf4d6251fb.mp3,klarweg-audio-cdn/audio/male/3fe56baf4d6251fb.mp3
klarweg-audio/public/audio/words/female/76c182925595174f.mp3,klarweg-audio-cdn/audio/female/76c182925595174f.mp3
klarweg-audio/public/audio/words/male/76c182925595174f.mp3,klarweg-audio-cdn/audio/male/76c182925595174f.mp3
klarweg-audio/public/audio/words/female/9bfb0596dea7f88b.mp3,klarweg-audio-cdn/audio/female/9bfb0596dea7f88b.mp3
klarweg-audio/public/audio/words/male/9bfb0596dea7f88b.mp3,klarweg-audio-cdn/audio/male/9bfb0596dea7f88b.mp3
klarweg-audio/public/audio/words/female/9f9db3f85570842e.mp3,klarweg-audio-cdn/audio/female/9f9db3f85570842e.mp3
klarweg-audio/public/audio/words/male/9f9db3f85570842e.mp3,klarweg-audio-cdn/audio/male/9f9db3f85570842e.mp3
klarweg-audio/public/audio/words/female/e3817d999d4a419c.mp3,klarweg-audio-cdn/audio/female/e3817d999d4a419c.mp3
klarweg-audio/public/audio/words/male/e3817d999d4a419c.mp3,klarweg-audio-cdn/audio/male/e3817d999d4a419c.mp3
klarweg-audio/public/audio/words/female/24bf25ccde5fec66.mp3,klarweg-audio-cdn/audio/female/24bf25ccde5fec66.mp3
klarweg-audio/public/audio/words/male/24bf25ccde5fec66.mp3,klarweg-audio-cdn/audio/male/24bf25ccde5fec66.mp3
klarweg-audio/public/audio/words/female/2fe576d6cb0c1746.mp3,klarweg-audio-cdn/audio/female/2fe576d6cb0c1746.mp3
klarweg-audio/public/audio/words/male/2fe576d6cb0c1746.mp3,klarweg-audio-cdn/audio/male/2fe576d6cb0c1746.mp3
klarweg-audio/public/audio/words/female/84e7a10db7305c64.mp3,klarweg-audio-cdn/audio/female/84e7a10db7305c64.mp3
klarweg-audio/public/audio/words/male/84e7a10db7305c64.mp3,klarweg-audio-cdn/audio/male/84e7a10db7305c64.mp3
klarweg-audio/public/audio/words/female/8dbad27c93ecfd04.mp3,klarweg-audio-cdn/audio/female/8dbad27c93ecfd04.mp3
klarweg-audio/public/audio/words/male/8dbad27c93ecfd04.mp3,klarweg-audio-cdn/audio/male/8dbad27c93ecfd04.mp3
klarweg-audio/public/audio/words/female/1f81b89a455dd2b3.mp3,klarweg-audio-cdn/audio/female/1f81b89a455dd2b3.mp3
klarweg-audio/public/audio/words/male/1f81b89a455dd2b3.mp3,klarweg-audio-cdn/audio/male/1f81b89a455dd2b3.mp3
klarweg-audio/public/audio/words/female/a819b9421b8ecc21.mp3,klarweg-audio-cdn/audio/female/a819b9421b8ecc21.mp3
klarweg-audio/public/audio/words/male/a819b9421b8ecc21.mp3,klarweg-audio-cdn/audio/male/a819b9421b8ecc21.mp3
klarweg-audio/public/audio/words/female/8fc62557de691bbd.mp3,klarweg-audio-cdn/audio/female/8fc62557de691bbd.mp3
klarweg-audio/public/audio/words/male/8fc62557de691bbd.mp3,klarweg-audio-cdn/audio/male/8fc62557de691bbd.mp3
klarweg-audio/public/audio/words/female/6a516ea59eaa11dd.mp3,klarweg-audio-cdn/audio/female/6a516ea59eaa11dd.mp3
klarweg-audio/public/audio/words/male/6a516ea59eaa11dd.mp3,klarweg-audio-cdn/audio/male/6a516ea59eaa11dd.mp3
klarweg-audio/public/audio/words/female/59b72d4c32e248f3.mp3,klarweg-audio-cdn/audio/female/59b72d4c32e248f3.mp3
klarweg-audio/public/audio/words/male/59b72d4c32e248f3.mp3,klarweg-audio-cdn/audio/male/59b72d4c32e248f3.mp3
klarweg-audio/public/audio/words/female/427ee1f0efaeffda.mp3,klarweg-audio-cdn/audio/female/427ee1f0efaeffda.mp3
klarweg-audio/public/audio/words/male/427ee1f0efaeffda.mp3,klarweg-audio-cdn/audio/male/427ee1f0efaeffda.mp3
klarweg-audio/public/audio/words/female/e8eaad5d2e14cd97.mp3,klarweg-audio-cdn/audio/female/e8eaad5d2e14cd97.mp3
klarweg-audio/public/audio/words/male/e8eaad5d2e14cd97.mp3,klarweg-audio-cdn/audio/male/e8eaad5d2e14cd97.mp3
klarweg-audio/public/audio/words/female/bb37bef8d347c64e.mp3,klarweg-audio-cdn/audio/female/bb37bef8d347c64e.mp3
klarweg-audio/public/audio/words/male/bb37bef8d347c64e.mp3,klarweg-audio-cdn/audio/male/bb37bef8d347c64e.mp3
klarweg-audio/public/audio/words/female/d12cc74b0f5e84da.mp3,klarweg-audio-cdn/audio/female/d12cc74b0f5e84da.mp3
klarweg-audio/public/audio/words/male/d12cc74b0f5e84da.mp3,klarweg-audio-cdn/audio/male/d12cc74b0f5e84da.mp3
klarweg-audio/public/audio/words/female/5fc5fa81d7acf3a4.mp3,klarweg-audio-cdn/audio/female/5fc5fa81d7acf3a4.mp3
klarweg-audio/public/audio/words/male/5fc5fa81d7acf3a4.mp3,klarweg-audio-cdn/audio/male/5fc5fa81d7acf3a4.mp3
klarweg-audio/public/audio/words/female/c1d5865469e71c46.mp3,klarweg-audio-cdn/audio/female/c1d5865469e71c46.mp3
klarweg-audio/public/audio/words/male/c1d5865469e71c46.mp3,klarweg-audio-cdn/audio/male/c1d5865469e71c46.mp3
klarweg-audio/public/audio/words/female/2044c1ca94912b43.mp3,klarweg-audio-cdn/audio/female/2044c1ca94912b43.mp3
klarweg-audio/public/audio/words/male/2044c1ca94912b43.mp3,klarweg-audio-cdn/audio/male/2044c1ca94912b43.mp3
klarweg-audio/public/audio/words/female/3327104c56003966.mp3,klarweg-audio-cdn/audio/female/3327104c56003966.mp3
klarweg-audio/public/audio/words/male/3327104c56003966.mp3,klarweg-audio-cdn/audio/male/3327104c56003966.mp3
klarweg-audio/public/audio/words/female/6ddb722ad1e6bbe9.mp3,klarweg-audio-cdn/audio/female/6ddb722ad1e6bbe9.mp3
klarweg-audio/public/audio/words/male/6ddb722ad1e6bbe9.mp3,klarweg-audio-cdn/audio/male/6ddb722ad1e6bbe9.mp3
klarweg-audio/public/audio/words/female/14a3a3487ef470b5.mp3,klarweg-audio-cdn/audio/female/14a3a3487ef470b5.mp3
klarweg-audio/public/audio/words/male/14a3a3487ef470b5.mp3,klarweg-audio-cdn/audio/male/14a3a3487ef470b5.mp3
klarweg-audio/public/audio/words/female/52f19e41358b7257.mp3,klarweg-audio-cdn/audio/female/52f19e41358b7257.mp3
klarweg-audio/public/audio/words/male/52f19e41358b7257.mp3,klarweg-audio-cdn/audio/male/52f19e41358b7257.mp3
klarweg-audio/public/audio/words/female/220b5bb50977f3a9.mp3,klarweg-audio-cdn/audio/female/220b5bb50977f3a9.mp3
klarweg-audio/public/audio/words/male/220b5bb50977f3a9.mp3,klarweg-audio-cdn/audio/male/220b5bb50977f3a9.mp3
klarweg-audio/public/audio/words/female/475b7bd8d7c898ba.mp3,klarweg-audio-cdn/audio/female/475b7bd8d7c898ba.mp3
klarweg-audio/public/audio/words/male/475b7bd8d7c898ba.mp3,klarweg-audio-cdn/audio/male/475b7bd8d7c898ba.mp3
klarweg-audio/public/audio/words/female/5cbde44cf3991c7e.mp3,klarweg-audio-cdn/audio/female/5cbde44cf3991c7e.mp3
klarweg-audio/public/audio/words/male/5cbde44cf3991c7e.mp3,klarweg-audio-cdn/audio/male/5cbde44cf3991c7e.mp3
klarweg-audio/public/audio/words/female/7daa8df85075e640.mp3,klarweg-audio-cdn/audio/female/7daa8df85075e640.mp3
klarweg-audio/public/audio/words/male/7daa8df85075e640.mp3,klarweg-audio-cdn/audio/male/7daa8df85075e640.mp3
klarweg-audio/public/audio/words/female/e75a109cd9c533ff.mp3,klarweg-audio-cdn/audio/female/e75a109cd9c533ff.mp3
klarweg-audio/public/audio/words/male/e75a109cd9c533ff.mp3,klarweg-audio-cdn/audio/male/e75a109cd9c533ff.mp3
klarweg-audio/public/audio/words/female/50fd5b258036d8a8.mp3,klarweg-audio-cdn/audio/female/50fd5b258036d8a8.mp3
klarweg-audio/public/audio/words/male/50fd5b258036d8a8.mp3,klarweg-audio-cdn/audio/male/50fd5b258036d8a8.mp3
klarweg-audio/public/audio/words/female/6ced9215167acd46.mp3,klarweg-audio-cdn/audio/female/6ced9215167acd46.mp3
klarweg-audio/public/audio/words/male/6ced9215167acd46.mp3,klarweg-audio-cdn/audio/male/6ced9215167acd46.mp3
klarweg-audio/public/audio/words/female/ae51b24190363f19.mp3,klarweg-audio-cdn/audio/female/ae51b24190363f19.mp3
klarweg-audio/public/audio/words/male/ae51b24190363f19.mp3,klarweg-audio-cdn/audio/male/ae51b24190363f19.mp3
klarweg-audio/public/audio/words/female/2cf24fd30eb4a154.mp3,klarweg-audio-cdn/audio/female/2cf24fd30eb4a154.mp3
klarweg-audio/public/audio/words/male/2cf24fd30eb4a154.mp3,klarweg-audio-cdn/audio/male/2cf24fd30eb4a154.mp3
klarweg-audio/public/audio/words/female/1e5518966702df51.mp3,klarweg-audio-cdn/audio/female/1e5518966702df51.mp3
klarweg-audio/public/audio/words/male/1e5518966702df51.mp3,klarweg-audio-cdn/audio/male/1e5518966702df51.mp3
klarweg-audio/public/audio/words/female/d639e0ca835301f5.mp3,klarweg-audio-cdn/audio/female/d639e0ca835301f5.mp3
klarweg-audio/public/audio/words/male/d639e0ca835301f5.mp3,klarweg-audio-cdn/audio/male/d639e0ca835301f5.mp3
klarweg-audio/public/audio/words/female/20c771c1ac41f725.mp3,klarweg-audio-cdn/audio/female/20c771c1ac41f725.mp3
klarweg-audio/public/audio/words/male/20c771c1ac41f725.mp3,klarweg-audio-cdn/audio/male/20c771c1ac41f725.mp3
klarweg-audio/public/audio/words/female/3b8101abf5fbbc7c.mp3,klarweg-audio-cdn/audio/female/3b8101abf5fbbc7c.mp3
klarweg-audio/public/audio/words/male/3b8101abf5fbbc7c.mp3,klarweg-audio-cdn/audio/male/3b8101abf5fbbc7c.mp3
klarweg-audio/public/audio/words/female/8bacce292181ca0d.mp3,klarweg-audio-cdn/audio/female/8bacce292181ca0d.mp3
klarweg-audio/public/audio/words/male/8bacce292181ca0d.mp3,klarweg-audio-cdn/audio/male/8bacce292181ca0d.mp3
klarweg-audio/public/audio/words/female/dce1ca727625dc77.mp3,klarweg-audio-cdn/audio/female/dce1ca727625dc77.mp3
klarweg-audio/public/audio/words/male/dce1ca727625dc77.mp3,klarweg-audio-cdn/audio/male/dce1ca727625dc77.mp3
klarweg-audio/public/audio/words/female/1b8d11659e39c261.mp3,klarweg-audio-cdn/audio/female/1b8d11659e39c261.mp3
klarweg-audio/public/audio/words/male/1b8d11659e39c261.mp3,klarweg-audio-cdn/audio/male/1b8d11659e39c261.mp3
klarweg-audio/public/audio/words/female/4bc0e8e3722ea24d.mp3,klarweg-audio-cdn/audio/female/4bc0e8e3722ea24d.mp3
klarweg-audio/public/audio/words/male/4bc0e8e3722ea24d.mp3,klarweg-audio-cdn/audio/male/4bc0e8e3722ea24d.mp3
klarweg-audio/public/audio/words/female/454d47af914145ec.mp3,klarweg-audio-cdn/audio/female/454d47af914145ec.mp3
klarweg-audio/public/audio/words/male/454d47af914145ec.mp3,klarweg-audio-cdn/audio/male/454d47af914145ec.mp3
klarweg-audio/public/audio/words/female/a73ddc8d03190e08.mp3,klarweg-audio-cdn/audio/female/a73ddc8d03190e08.mp3
klarweg-audio/public/audio/words/male/a73ddc8d03190e08.mp3,klarweg-audio-cdn/audio/male/a73ddc8d03190e08.mp3
klarweg-audio/public/audio/words/female/5ec3e7d40c839fd3.mp3,klarweg-audio-cdn/audio/female/5ec3e7d40c839fd3.mp3
klarweg-audio/public/audio/words/male/5ec3e7d40c839fd3.mp3,klarweg-audio-cdn/audio/male/5ec3e7d40c839fd3.mp3
klarweg-audio/public/audio/words/female/406688d89d719afd.mp3,klarweg-audio-cdn/audio/female/406688d89d719afd.mp3
klarweg-audio/public/audio/words/male/406688d89d719afd.mp3,klarweg-audio-cdn/audio/male/406688d89d719afd.mp3
klarweg-audio/public/audio/words/female/238234bba6c792b1.mp3,klarweg-audio-cdn/audio/female/238234bba6c792b1.mp3
klarweg-audio/public/audio/words/male/238234bba6c792b1.mp3,klarweg-audio-cdn/audio/male/238234bba6c792b1.mp3
klarweg-audio/public/audio/words/female/b38c5536733d044c.mp3,klarweg-audio-cdn/audio/female/b38c5536733d044c.mp3
klarweg-audio/public/audio/words/male/b38c5536733d044c.mp3,klarweg-audio-cdn/audio/male/b38c5536733d044c.mp3
klarweg-audio/public/audio/words/female/ad505b0be8a49b89.mp3,klarweg-audio-cdn/audio/female/ad505b0be8a49b89.mp3
klarweg-audio/public/audio/words/male/ad505b0be8a49b89.mp3,klarweg-audio-cdn/audio/male/ad505b0be8a49b89.mp3
klarweg-audio/public/audio/words/female/6500865ada9dec8f.mp3,klarweg-audio-cdn/audio/female/6500865ada9dec8f.mp3
klarweg-audio/public/audio/words/male/6500865ada9dec8f.mp3,klarweg-audio-cdn/audio/male/6500865ada9dec8f.mp3
klarweg-audio/public/audio/words/female/60b9b73cfa1fb714.mp3,klarweg-audio-cdn/audio/female/60b9b73cfa1fb714.mp3
klarweg-audio/public/audio/words/male/60b9b73cfa1fb714.mp3,klarweg-audio-cdn/audio/male/60b9b73cfa1fb714.mp3
klarweg-audio/public/audio/words/female/b574b4c4acaaf2d7.mp3,klarweg-audio-cdn/audio/female/b574b4c4acaaf2d7.mp3
klarweg-audio/public/audio/words/male/b574b4c4acaaf2d7.mp3,klarweg-audio-cdn/audio/male/b574b4c4acaaf2d7.mp3
klarweg-audio/public/audio/words/female/03da29278e53fa67.mp3,klarweg-audio-cdn/audio/female/03da29278e53fa67.mp3
klarweg-audio/public/audio/words/male/03da29278e53fa67.mp3,klarweg-audio-cdn/audio/male/03da29278e53fa67.mp3
klarweg-audio/public/audio/words/female/9951ec7e5080d76b.mp3,klarweg-audio-cdn/audio/female/9951ec7e5080d76b.mp3
klarweg-audio/public/audio/words/male/9951ec7e5080d76b.mp3,klarweg-audio-cdn/audio/male/9951ec7e5080d76b.mp3
klarweg-audio/public/audio/words/female/5228ea86599352e9.mp3,klarweg-audio-cdn/audio/female/5228ea86599352e9.mp3
klarweg-audio/public/audio/words/male/5228ea86599352e9.mp3,klarweg-audio-cdn/audio/male/5228ea86599352e9.mp3
klarweg-audio/public/audio/words/female/35aa79c7d0a39dd0.mp3,klarweg-audio-cdn/audio/female/35aa79c7d0a39dd0.mp3
klarweg-audio/public/audio/words/male/35aa79c7d0a39dd0.mp3,klarweg-audio-cdn/audio/male/35aa79c7d0a39dd0.mp3
klarweg-audio/public/audio/words/female/fe824788b4dc3287.mp3,klarweg-audio-cdn/audio/female/fe824788b4dc3287.mp3
klarweg-audio/public/audio/words/male/fe824788b4dc3287.mp3,klarweg-audio-cdn/audio/male/fe824788b4dc3287.mp3
klarweg-audio/public/audio/words/female/c9f8a0d11d6219f3.mp3,klarweg-audio-cdn/audio/female/c9f8a0d11d6219f3.mp3
klarweg-audio/public/audio/words/male/c9f8a0d11d6219f3.mp3,klarweg-audio-cdn/audio/male/c9f8a0d11d6219f3.mp3
klarweg-audio/public/audio/words/female/a25612231c6fdba5.mp3,klarweg-audio-cdn/audio/female/a25612231c6fdba5.mp3
klarweg-audio/public/audio/words/male/a25612231c6fdba5.mp3,klarweg-audio-cdn/audio/male/a25612231c6fdba5.mp3
klarweg-audio/public/audio/words/female/bdc664731d7b6ef4.mp3,klarweg-audio-cdn/audio/female/bdc664731d7b6ef4.mp3
klarweg-audio/public/audio/words/male/bdc664731d7b6ef4.mp3,klarweg-audio-cdn/audio/male/bdc664731d7b6ef4.mp3
klarweg-audio/public/audio/words/female/ad587e879f7e8e8c.mp3,klarweg-audio-cdn/audio/female/ad587e879f7e8e8c.mp3
klarweg-audio/public/audio/words/male/ad587e879f7e8e8c.mp3,klarweg-audio-cdn/audio/male/ad587e879f7e8e8c.mp3
klarweg-audio/public/audio/words/female/4f6496602142c1b2.mp3,klarweg-audio-cdn/audio/female/4f6496602142c1b2.mp3
klarweg-audio/public/audio/words/male/4f6496602142c1b2.mp3,klarweg-audio-cdn/audio/male/4f6496602142c1b2.mp3
klarweg-audio/public/audio/words/female/2b88f9220d34d308.mp3,klarweg-audio-cdn/audio/female/2b88f9220d34d308.mp3
klarweg-audio/public/audio/words/male/2b88f9220d34d308.mp3,klarweg-audio-cdn/audio/male/2b88f9220d34d308.mp3
klarweg-audio/public/audio/words/female/d08f4aaef6bdea45.mp3,klarweg-audio-cdn/audio/female/d08f4aaef6bdea45.mp3
klarweg-audio/public/audio/words/male/d08f4aaef6bdea45.mp3,klarweg-audio-cdn/audio/male/d08f4aaef6bdea45.mp3
klarweg-audio/public/audio/words/female/20f8e8d0236099cb.mp3,klarweg-audio-cdn/audio/female/20f8e8d0236099cb.mp3
klarweg-audio/public/audio/words/male/20f8e8d0236099cb.mp3,klarweg-audio-cdn/audio/male/20f8e8d0236099cb.mp3
klarweg-audio/public/audio/words/female/02a7006d95335f79.mp3,klarweg-audio-cdn/audio/female/02a7006d95335f79.mp3
klarweg-audio/public/audio/words/male/02a7006d95335f79.mp3,klarweg-audio-cdn/audio/male/02a7006d95335f79.mp3
klarweg-audio/public/audio/words/female/f2504a773df8db41.mp3,klarweg-audio-cdn/audio/female/f2504a773df8db41.mp3
klarweg-audio/public/audio/words/male/f2504a773df8db41.mp3,klarweg-audio-cdn/audio/male/f2504a773df8db41.mp3
klarweg-audio/public/audio/words/female/86d2f4d0e5294955.mp3,klarweg-audio-cdn/audio/female/86d2f4d0e5294955.mp3
klarweg-audio/public/audio/words/male/86d2f4d0e5294955.mp3,klarweg-audio-cdn/audio/male/86d2f4d0e5294955.mp3
klarweg-audio/public/audio/words/female/071f73bce5fca5c7.mp3,klarweg-audio-cdn/audio/female/071f73bce5fca5c7.mp3
klarweg-audio/public/audio/words/male/071f73bce5fca5c7.mp3,klarweg-audio-cdn/audio/male/071f73bce5fca5c7.mp3
klarweg-audio/public/audio/words/female/fef28182bdd47884.mp3,klarweg-audio-cdn/audio/female/fef28182bdd47884.mp3
klarweg-audio/public/audio/words/male/fef28182bdd47884.mp3,klarweg-audio-cdn/audio/male/fef28182bdd47884.mp3
klarweg-audio/public/audio/words/female/f8c8ad74210a4147.mp3,klarweg-audio-cdn/audio/female/f8c8ad74210a4147.mp3
klarweg-audio/public/audio/words/male/f8c8ad74210a4147.mp3,klarweg-audio-cdn/audio/male/f8c8ad74210a4147.mp3
klarweg-audio/public/audio/words/female/873f7e999948e07d.mp3,klarweg-audio-cdn/audio/female/873f7e999948e07d.mp3
klarweg-audio/public/audio/words/male/873f7e999948e07d.mp3,klarweg-audio-cdn/audio/male/873f7e999948e07d.mp3
klarweg-audio/public/audio/words/female/3ae9fb403a421663.mp3,klarweg-audio-cdn/audio/female/3ae9fb403a421663.mp3
klarweg-audio/public/audio/words/male/3ae9fb403a421663.mp3,klarweg-audio-cdn/audio/male/3ae9fb403a421663.mp3
klarweg-audio/public/audio/words/female/72e7bda919bc55d5.mp3,klarweg-audio-cdn/audio/female/72e7bda919bc55d5.mp3
klarweg-audio/public/audio/words/male/72e7bda919bc55d5.mp3,klarweg-audio-cdn/audio/male/72e7bda919bc55d5.mp3
klarweg-audio/public/audio/words/female/97e26ba893f1149f.mp3,klarweg-audio-cdn/audio/female/97e26ba893f1149f.mp3
klarweg-audio/public/audio/words/male/97e26ba893f1149f.mp3,klarweg-audio-cdn/audio/male/97e26ba893f1149f.mp3
klarweg-audio/public/audio/words/female/8669ba7ae736e283.mp3,klarweg-audio-cdn/audio/female/8669ba7ae736e283.mp3
klarweg-audio/public/audio/words/male/8669ba7ae736e283.mp3,klarweg-audio-cdn/audio/male/8669ba7ae736e283.mp3
klarweg-audio/public/audio/words/female/be5e61ed1cf2bd52.mp3,klarweg-audio-cdn/audio/female/be5e61ed1cf2bd52.mp3
klarweg-audio/public/audio/words/male/be5e61ed1cf2bd52.mp3,klarweg-audio-cdn/audio/male/be5e61ed1cf2bd52.mp3
klarweg-audio/public/audio/words/female/cfef49e77718a142.mp3,klarweg-audio-cdn/audio/female/cfef49e77718a142.mp3
klarweg-audio/public/audio/words/male/cfef49e77718a142.mp3,klarweg-audio-cdn/audio/male/cfef49e77718a142.mp3
klarweg-audio/public/audio/words/female/8b1940bf4200c8d2.mp3,klarweg-audio-cdn/audio/female/8b1940bf4200c8d2.mp3
klarweg-audio/public/audio/words/male/8b1940bf4200c8d2.mp3,klarweg-audio-cdn/audio/male/8b1940bf4200c8d2.mp3
klarweg-audio/public/audio/words/female/9c6f5fa85c6a0498.mp3,klarweg-audio-cdn/audio/female/9c6f5fa85c6a0498.mp3
klarweg-audio/public/audio/words/male/9c6f5fa85c6a0498.mp3,klarweg-audio-cdn/audio/male/9c6f5fa85c6a0498.mp3
klarweg-audio/public/audio/words/female/697eef9cd02dcabc.mp3,klarweg-audio-cdn/audio/female/697eef9cd02dcabc.mp3
klarweg-audio/public/audio/words/male/697eef9cd02dcabc.mp3,klarweg-audio-cdn/audio/male/697eef9cd02dcabc.mp3
klarweg-audio/public/audio/words/female/9c9652f8d936afaf.mp3,klarweg-audio-cdn/audio/female/9c9652f8d936afaf.mp3
klarweg-audio/public/audio/words/male/9c9652f8d936afaf.mp3,klarweg-audio-cdn/audio/male/9c9652f8d936afaf.mp3
klarweg-audio/public/audio/words/female/9f988d90072f58d8.mp3,klarweg-audio-cdn/audio/female/9f988d90072f58d8.mp3
klarweg-audio/public/audio/words/male/9f988d90072f58d8.mp3,klarweg-audio-cdn/audio/male/9f988d90072f58d8.mp3
klarweg-audio/public/audio/words/female/1705dd1889dbd476.mp3,klarweg-audio-cdn/audio/female/1705dd1889dbd476.mp3
klarweg-audio/public/audio/words/male/1705dd1889dbd476.mp3,klarweg-audio-cdn/audio/male/1705dd1889dbd476.mp3
klarweg-audio/public/audio/words/female/e561b065e1eaf770.mp3,klarweg-audio-cdn/audio/female/e561b065e1eaf770.mp3
klarweg-audio/public/audio/words/male/e561b065e1eaf770.mp3,klarweg-audio-cdn/audio/male/e561b065e1eaf770.mp3
klarweg-audio/public/audio/words/female/bd6be81c6551f9a0.mp3,klarweg-audio-cdn/audio/female/bd6be81c6551f9a0.mp3
klarweg-audio/public/audio/words/male/bd6be81c6551f9a0.mp3,klarweg-audio-cdn/audio/male/bd6be81c6551f9a0.mp3
klarweg-audio/public/audio/words/female/f557e5ab57cfa7a2.mp3,klarweg-audio-cdn/audio/female/f557e5ab57cfa7a2.mp3
klarweg-audio/public/audio/words/male/f557e5ab57cfa7a2.mp3,klarweg-audio-cdn/audio/male/f557e5ab57cfa7a2.mp3
klarweg-audio/public/audio/words/female/2b743cf1ca8fc91e.mp3,klarweg-audio-cdn/audio/female/2b743cf1ca8fc91e.mp3
klarweg-audio/public/audio/words/male/2b743cf1ca8fc91e.mp3,klarweg-audio-cdn/audio/male/2b743cf1ca8fc91e.mp3
klarweg-audio/public/audio/words/female/b3c66945cc685e2e.mp3,klarweg-audio-cdn/audio/female/b3c66945cc685e2e.mp3
klarweg-audio/public/audio/words/male/b3c66945cc685e2e.mp3,klarweg-audio-cdn/audio/male/b3c66945cc685e2e.mp3
klarweg-audio/public/audio/words/female/6b3fab841e203379.mp3,klarweg-audio-cdn/audio/female/6b3fab841e203379.mp3
klarweg-audio/public/audio/words/male/6b3fab841e203379.mp3,klarweg-audio-cdn/audio/male/6b3fab841e203379.mp3
klarweg-audio/public/audio/words/female/a7c765281eeea9de.mp3,klarweg-audio-cdn/audio/female/a7c765281eeea9de.mp3
klarweg-audio/public/audio/words/male/a7c765281eeea9de.mp3,klarweg-audio-cdn/audio/male/a7c765281eeea9de.mp3
klarweg-audio/public/audio/words/female/8d373672d75ddf5e.mp3,klarweg-audio-cdn/audio/female/8d373672d75ddf5e.mp3
klarweg-audio/public/audio/words/male/8d373672d75ddf5e.mp3,klarweg-audio-cdn/audio/male/8d373672d75ddf5e.mp3
klarweg-audio/public/audio/words/female/c1c42334280186b1.mp3,klarweg-audio-cdn/audio/female/c1c42334280186b1.mp3
klarweg-audio/public/audio/words/male/c1c42334280186b1.mp3,klarweg-audio-cdn/audio/male/c1c42334280186b1.mp3
klarweg-audio/public/audio/words/female/c35d101950ad88a8.mp3,klarweg-audio-cdn/audio/female/c35d101950ad88a8.mp3
klarweg-audio/public/audio/words/male/c35d101950ad88a8.mp3,klarweg-audio-cdn/audio/male/c35d101950ad88a8.mp3
klarweg-audio/public/audio/words/female/f6f0efd8497bbf0b.mp3,klarweg-audio-cdn/audio/female/f6f0efd8497bbf0b.mp3
klarweg-audio/public/audio/words/male/f6f0efd8497bbf0b.mp3,klarweg-audio-cdn/audio/male/f6f0efd8497bbf0b.mp3
klarweg-audio/public/audio/words/female/61372dbcc107c8d2.mp3,klarweg-audio-cdn/audio/female/61372dbcc107c8d2.mp3
klarweg-audio/public/audio/words/male/61372dbcc107c8d2.mp3,klarweg-audio-cdn/audio/male/61372dbcc107c8d2.mp3
klarweg-audio/public/audio/words/female/731de4858b0bc92d.mp3,klarweg-audio-cdn/audio/female/731de4858b0bc92d.mp3
klarweg-audio/public/audio/words/male/731de4858b0bc92d.mp3,klarweg-audio-cdn/audio/male/731de4858b0bc92d.mp3
klarweg-audio/public/audio/words/female/6fc7ff9d5bdd6266.mp3,klarweg-audio-cdn/audio/female/6fc7ff9d5bdd6266.mp3
klarweg-audio/public/audio/words/male/6fc7ff9d5bdd6266.mp3,klarweg-audio-cdn/audio/male/6fc7ff9d5bdd6266.mp3
klarweg-audio/public/audio/words/female/a083d72c4c114fce.mp3,klarweg-audio-cdn/audio/female/a083d72c4c114fce.mp3
klarweg-audio/public/audio/words/male/a083d72c4c114fce.mp3,klarweg-audio-cdn/audio/male/a083d72c4c114fce.mp3
klarweg-audio/public/audio/words/female/c1cd6e47a95fa759.mp3,klarweg-audio-cdn/audio/female/c1cd6e47a95fa759.mp3
klarweg-audio/public/audio/words/male/c1cd6e47a95fa759.mp3,klarweg-audio-cdn/audio/male/c1cd6e47a95fa759.mp3
klarweg-audio/public/audio/words/female/ad765c29aeeb0ff9.mp3,klarweg-audio-cdn/audio/female/ad765c29aeeb0ff9.mp3
klarweg-audio/public/audio/words/male/ad765c29aeeb0ff9.mp3,klarweg-audio-cdn/audio/male/ad765c29aeeb0ff9.mp3
klarweg-audio/public/audio/words/female/2c8de801d4fea462.mp3,klarweg-audio-cdn/audio/female/2c8de801d4fea462.mp3
klarweg-audio/public/audio/words/male/2c8de801d4fea462.mp3,klarweg-audio-cdn/audio/male/2c8de801d4fea462.mp3
klarweg-audio/public/audio/words/female/515a5a39f8c28125.mp3,klarweg-audio-cdn/audio/female/515a5a39f8c28125.mp3
klarweg-audio/public/audio/words/male/515a5a39f8c28125.mp3,klarweg-audio-cdn/audio/male/515a5a39f8c28125.mp3
klarweg-audio/public/audio/words/female/b912b90294f4c9c4.mp3,klarweg-audio-cdn/audio/female/b912b90294f4c9c4.mp3
klarweg-audio/public/audio/words/male/b912b90294f4c9c4.mp3,klarweg-audio-cdn/audio/male/b912b90294f4c9c4.mp3
klarweg-audio/public/audio/words/female/6720b32ff359e5eb.mp3,klarweg-audio-cdn/audio/female/6720b32ff359e5eb.mp3
klarweg-audio/public/audio/words/male/6720b32ff359e5eb.mp3,klarweg-audio-cdn/audio/male/6720b32ff359e5eb.mp3
klarweg-audio/public/audio/words/female/0b4dbba58ee4baa0.mp3,klarweg-audio-cdn/audio/female/0b4dbba58ee4baa0.mp3
klarweg-audio/public/audio/words/male/0b4dbba58ee4baa0.mp3,klarweg-audio-cdn/audio/male/0b4dbba58ee4baa0.mp3
klarweg-audio/public/audio/words/female/fe71d932eed390ae.mp3,klarweg-audio-cdn/audio/female/fe71d932eed390ae.mp3
klarweg-audio/public/audio/words/male/fe71d932eed390ae.mp3,klarweg-audio-cdn/audio/male/fe71d932eed390ae.mp3
klarweg-audio/public/audio/words/female/48d1a40844caa60c.mp3,klarweg-audio-cdn/audio/female/48d1a40844caa60c.mp3
klarweg-audio/public/audio/words/male/48d1a40844caa60c.mp3,klarweg-audio-cdn/audio/male/48d1a40844caa60c.mp3
klarweg-audio/public/audio/words/female/f8f568fe59b5c4bb.mp3,klarweg-audio-cdn/audio/female/f8f568fe59b5c4bb.mp3
klarweg-audio/public/audio/words/male/f8f568fe59b5c4bb.mp3,klarweg-audio-cdn/audio/male/f8f568fe59b5c4bb.mp3
klarweg-audio/public/audio/words/female/e2b48b0270c369f1.mp3,klarweg-audio-cdn/audio/female/e2b48b0270c369f1.mp3
klarweg-audio/public/audio/words/male/e2b48b0270c369f1.mp3,klarweg-audio-cdn/audio/male/e2b48b0270c369f1.mp3
klarweg-audio/public/audio/words/female/ebe930cd1b0fa8ec.mp3,klarweg-audio-cdn/audio/female/ebe930cd1b0fa8ec.mp3
klarweg-audio/public/audio/words/male/ebe930cd1b0fa8ec.mp3,klarweg-audio-cdn/audio/male/ebe930cd1b0fa8ec.mp3
klarweg-audio/public/audio/words/female/5b0712dae3556697.mp3,klarweg-audio-cdn/audio/female/5b0712dae3556697.mp3
klarweg-audio/public/audio/words/male/5b0712dae3556697.mp3,klarweg-audio-cdn/audio/male/5b0712dae3556697.mp3
klarweg-audio/public/audio/words/female/1faabc1f05aff378.mp3,klarweg-audio-cdn/audio/female/1faabc1f05aff378.mp3
klarweg-audio/public/audio/words/male/1faabc1f05aff378.mp3,klarweg-audio-cdn/audio/male/1faabc1f05aff378.mp3
klarweg-audio/public/audio/words/female/6f5862bea70c8ab2.mp3,klarweg-audio-cdn/audio/female/6f5862bea70c8ab2.mp3
klarweg-audio/public/audio/words/male/6f5862bea70c8ab2.mp3,klarweg-audio-cdn/audio/male/6f5862bea70c8ab2.mp3
klarweg-audio/public/audio/words/female/7be2e33367270e74.mp3,klarweg-audio-cdn/audio/female/7be2e33367270e74.mp3
klarweg-audio/public/audio/words/male/7be2e33367270e74.mp3,klarweg-audio-cdn/audio/male/7be2e33367270e74.mp3
klarweg-audio/public/audio/words/female/736adb37cb11fc62.mp3,klarweg-audio-cdn/audio/female/736adb37cb11fc62.mp3
klarweg-audio/public/audio/words/male/736adb37cb11fc62.mp3,klarweg-audio-cdn/audio/male/736adb37cb11fc62.mp3
klarweg-audio/public/audio/words/female/9c97673bec0ff372.mp3,klarweg-audio-cdn/audio/female/9c97673bec0ff372.mp3
klarweg-audio/public/audio/words/male/9c97673bec0ff372.mp3,klarweg-audio-cdn/audio/male/9c97673bec0ff372.mp3
klarweg-audio/public/audio/words/female/9c1f8de89cc7dde9.mp3,klarweg-audio-cdn/audio/female/9c1f8de89cc7dde9.mp3
klarweg-audio/public/audio/words/male/9c1f8de89cc7dde9.mp3,klarweg-audio-cdn/audio/male/9c1f8de89cc7dde9.mp3
klarweg-audio/public/audio/words/female/7f9e50af04bf5b5c.mp3,klarweg-audio-cdn/audio/female/7f9e50af04bf5b5c.mp3
klarweg-audio/public/audio/words/male/7f9e50af04bf5b5c.mp3,klarweg-audio-cdn/audio/male/7f9e50af04bf5b5c.mp3
klarweg-audio/public/audio/words/female/c34cc92c61d69b51.mp3,klarweg-audio-cdn/audio/female/c34cc92c61d69b51.mp3
klarweg-audio/public/audio/words/male/c34cc92c61d69b51.mp3,klarweg-audio-cdn/audio/male/c34cc92c61d69b51.mp3
klarweg-audio/public/audio/words/female/e754b6eb105c84b5.mp3,klarweg-audio-cdn/audio/female/e754b6eb105c84b5.mp3
klarweg-audio/public/audio/words/male/e754b6eb105c84b5.mp3,klarweg-audio-cdn/audio/male/e754b6eb105c84b5.mp3
klarweg-audio/public/audio/words/female/c00b52b2d48738bd.mp3,klarweg-audio-cdn/audio/female/c00b52b2d48738bd.mp3
klarweg-audio/public/audio/words/male/c00b52b2d48738bd.mp3,klarweg-audio-cdn/audio/male/c00b52b2d48738bd.mp3
klarweg-audio/public/audio/words/female/41ee204bf8c7a2f5.mp3,klarweg-audio-cdn/audio/female/41ee204bf8c7a2f5.mp3
klarweg-audio/public/audio/words/male/41ee204bf8c7a2f5.mp3,klarweg-audio-cdn/audio/male/41ee204bf8c7a2f5.mp3
klarweg-audio/public/audio/words/female/38d590ddb5764051.mp3,klarweg-audio-cdn/audio/female/38d590ddb5764051.mp3
klarweg-audio/public/audio/words/male/38d590ddb5764051.mp3,klarweg-audio-cdn/audio/male/38d590ddb5764051.mp3
klarweg-audio/public/audio/words/female/39c53c678ac4b045.mp3,klarweg-audio-cdn/audio/female/39c53c678ac4b045.mp3
klarweg-audio/public/audio/words/male/39c53c678ac4b045.mp3,klarweg-audio-cdn/audio/male/39c53c678ac4b045.mp3
klarweg-audio/public/audio/words/female/2f350a41b665a48d.mp3,klarweg-audio-cdn/audio/female/2f350a41b665a48d.mp3
klarweg-audio/public/audio/words/male/2f350a41b665a48d.mp3,klarweg-audio-cdn/audio/male/2f350a41b665a48d.mp3
klarweg-audio/public/audio/words/female/557f852911ce0d7f.mp3,klarweg-audio-cdn/audio/female/557f852911ce0d7f.mp3
klarweg-audio/public/audio/words/male/557f852911ce0d7f.mp3,klarweg-audio-cdn/audio/male/557f852911ce0d7f.mp3
klarweg-audio/public/audio/words/female/c89bfb84e35ba678.mp3,klarweg-audio-cdn/audio/female/c89bfb84e35ba678.mp3
klarweg-audio/public/audio/words/male/c89bfb84e35ba678.mp3,klarweg-audio-cdn/audio/male/c89bfb84e35ba678.mp3
klarweg-audio/public/audio/words/female/4ac45e813dc5002b.mp3,klarweg-audio-cdn/audio/female/4ac45e813dc5002b.mp3
klarweg-audio/public/audio/words/male/4ac45e813dc5002b.mp3,klarweg-audio-cdn/audio/male/4ac45e813dc5002b.mp3
klarweg-audio/public/audio/words/female/9253086a128e2e6a.mp3,klarweg-audio-cdn/audio/female/9253086a128e2e6a.mp3
klarweg-audio/public/audio/words/male/9253086a128e2e6a.mp3,klarweg-audio-cdn/audio/male/9253086a128e2e6a.mp3
klarweg-audio/public/audio/words/female/df05ced8d0f35a0a.mp3,klarweg-audio-cdn/audio/female/df05ced8d0f35a0a.mp3
klarweg-audio/public/audio/words/male/df05ced8d0f35a0a.mp3,klarweg-audio-cdn/audio/male/df05ced8d0f35a0a.mp3
klarweg-audio/public/audio/words/female/7996bc593e4e52d8.mp3,klarweg-audio-cdn/audio/female/7996bc593e4e52d8.mp3
klarweg-audio/public/audio/words/male/7996bc593e4e52d8.mp3,klarweg-audio-cdn/audio/male/7996bc593e4e52d8.mp3
klarweg-audio/public/audio/words/female/8a333f2d45435b2c.mp3,klarweg-audio-cdn/audio/female/8a333f2d45435b2c.mp3
klarweg-audio/public/audio/words/male/8a333f2d45435b2c.mp3,klarweg-audio-cdn/audio/male/8a333f2d45435b2c.mp3
klarweg-audio/public/audio/words/female/a3fc7f737ee99ceb.mp3,klarweg-audio-cdn/audio/female/a3fc7f737ee99ceb.mp3
klarweg-audio/public/audio/words/male/a3fc7f737ee99ceb.mp3,klarweg-audio-cdn/audio/male/a3fc7f737ee99ceb.mp3
klarweg-audio/public/audio/words/female/112e21df7a75a36d.mp3,klarweg-audio-cdn/audio/female/112e21df7a75a36d.mp3
klarweg-audio/public/audio/words/male/112e21df7a75a36d.mp3,klarweg-audio-cdn/audio/male/112e21df7a75a36d.mp3
klarweg-audio/public/audio/words/female/4ca3e12b74a288f5.mp3,klarweg-audio-cdn/audio/female/4ca3e12b74a288f5.mp3
klarweg-audio/public/audio/words/male/4ca3e12b74a288f5.mp3,klarweg-audio-cdn/audio/male/4ca3e12b74a288f5.mp3
klarweg-audio/public/audio/words/female/941e40d40784b30d.mp3,klarweg-audio-cdn/audio/female/941e40d40784b30d.mp3
klarweg-audio/public/audio/words/male/941e40d40784b30d.mp3,klarweg-audio-cdn/audio/male/941e40d40784b30d.mp3
klarweg-audio/public/audio/words/female/69ead511694c6a51.mp3,klarweg-audio-cdn/audio/female/69ead511694c6a51.mp3
klarweg-audio/public/audio/words/male/69ead511694c6a51.mp3,klarweg-audio-cdn/audio/male/69ead511694c6a51.mp3
klarweg-audio/public/audio/words/female/8394c082c204d9c4.mp3,klarweg-audio-cdn/audio/female/8394c082c204d9c4.mp3
klarweg-audio/public/audio/words/male/8394c082c204d9c4.mp3,klarweg-audio-cdn/audio/male/8394c082c204d9c4.mp3
klarweg-audio/public/audio/words/female/0fb48806e5fc242d.mp3,klarweg-audio-cdn/audio/female/0fb48806e5fc242d.mp3
klarweg-audio/public/audio/words/male/0fb48806e5fc242d.mp3,klarweg-audio-cdn/audio/male/0fb48806e5fc242d.mp3
klarweg-audio/public/audio/words/female/61a3892ff6f18b44.mp3,klarweg-audio-cdn/audio/female/61a3892ff6f18b44.mp3
klarweg-audio/public/audio/words/male/61a3892ff6f18b44.mp3,klarweg-audio-cdn/audio/male/61a3892ff6f18b44.mp3
klarweg-audio/public/audio/words/female/adc3a682ad33f6ac.mp3,klarweg-audio-cdn/audio/female/adc3a682ad33f6ac.mp3
klarweg-audio/public/audio/words/male/adc3a682ad33f6ac.mp3,klarweg-audio-cdn/audio/male/adc3a682ad33f6ac.mp3
klarweg-audio/public/audio/words/female/901d4b9456c19b8e.mp3,klarweg-audio-cdn/audio/female/901d4b9456c19b8e.mp3
klarweg-audio/public/audio/words/male/901d4b9456c19b8e.mp3,klarweg-audio-cdn/audio/male/901d4b9456c19b8e.mp3
klarweg-audio/public/audio/words/female/25df76663207acc0.mp3,klarweg-audio-cdn/audio/female/25df76663207acc0.mp3
klarweg-audio/public/audio/words/male/25df76663207acc0.mp3,klarweg-audio-cdn/audio/male/25df76663207acc0.mp3
klarweg-audio/public/audio/words/female/41967a63a0e10bb6.mp3,klarweg-audio-cdn/audio/female/41967a63a0e10bb6.mp3
klarweg-audio/public/audio/words/male/41967a63a0e10bb6.mp3,klarweg-audio-cdn/audio/male/41967a63a0e10bb6.mp3
klarweg-audio/public/audio/words/female/9b92dcef6c50ac96.mp3,klarweg-audio-cdn/audio/female/9b92dcef6c50ac96.mp3
klarweg-audio/public/audio/words/male/9b92dcef6c50ac96.mp3,klarweg-audio-cdn/audio/male/9b92dcef6c50ac96.mp3
klarweg-audio/public/audio/words/female/55b7f2f6c9b5ee52.mp3,klarweg-audio-cdn/audio/female/55b7f2f6c9b5ee52.mp3
klarweg-audio/public/audio/words/male/55b7f2f6c9b5ee52.mp3,klarweg-audio-cdn/audio/male/55b7f2f6c9b5ee52.mp3
klarweg-audio/public/audio/words/female/a84a8cf2796f3911.mp3,klarweg-audio-cdn/audio/female/a84a8cf2796f3911.mp3
klarweg-audio/public/audio/words/male/a84a8cf2796f3911.mp3,klarweg-audio-cdn/audio/male/a84a8cf2796f3911.mp3
klarweg-audio/public/audio/words/female/f5007a7d32aa3c81.mp3,klarweg-audio-cdn/audio/female/f5007a7d32aa3c81.mp3
klarweg-audio/public/audio/words/male/f5007a7d32aa3c81.mp3,klarweg-audio-cdn/audio/male/f5007a7d32aa3c81.mp3
klarweg-audio/public/audio/words/female/28dcfd6d45d132c1.mp3,klarweg-audio-cdn/audio/female/28dcfd6d45d132c1.mp3
klarweg-audio/public/audio/words/male/28dcfd6d45d132c1.mp3,klarweg-audio-cdn/audio/male/28dcfd6d45d132c1.mp3
klarweg-audio/public/audio/words/female/48b0bf2f546e2d7d.mp3,klarweg-audio-cdn/audio/female/48b0bf2f546e2d7d.mp3
klarweg-audio/public/audio/words/male/48b0bf2f546e2d7d.mp3,klarweg-audio-cdn/audio/male/48b0bf2f546e2d7d.mp3
klarweg-audio/public/audio/words/female/14dd5a34a309c4bf.mp3,klarweg-audio-cdn/audio/female/14dd5a34a309c4bf.mp3
klarweg-audio/public/audio/words/male/14dd5a34a309c4bf.mp3,klarweg-audio-cdn/audio/male/14dd5a34a309c4bf.mp3
klarweg-audio/public/audio/words/female/58e56cb10dcfcac6.mp3,klarweg-audio-cdn/audio/female/58e56cb10dcfcac6.mp3
klarweg-audio/public/audio/words/male/58e56cb10dcfcac6.mp3,klarweg-audio-cdn/audio/male/58e56cb10dcfcac6.mp3
klarweg-audio/public/audio/words/female/c54357e26fb6b0bf.mp3,klarweg-audio-cdn/audio/female/c54357e26fb6b0bf.mp3
klarweg-audio/public/audio/words/male/c54357e26fb6b0bf.mp3,klarweg-audio-cdn/audio/male/c54357e26fb6b0bf.mp3
klarweg-audio/public/audio/words/female/1bca884a7636e0ed.mp3,klarweg-audio-cdn/audio/female/1bca884a7636e0ed.mp3
klarweg-audio/public/audio/words/male/1bca884a7636e0ed.mp3,klarweg-audio-cdn/audio/male/1bca884a7636e0ed.mp3
klarweg-audio/public/audio/words/female/bd373b269dd25679.mp3,klarweg-audio-cdn/audio/female/bd373b269dd25679.mp3
klarweg-audio/public/audio/words/male/bd373b269dd25679.mp3,klarweg-audio-cdn/audio/male/bd373b269dd25679.mp3
klarweg-audio/public/audio/words/female/f007037030032a80.mp3,klarweg-audio-cdn/audio/female/f007037030032a80.mp3
klarweg-audio/public/audio/words/male/f007037030032a80.mp3,klarweg-audio-cdn/audio/male/f007037030032a80.mp3
klarweg-audio/public/audio/words/female/30cf9ac1eeb7feeb.mp3,klarweg-audio-cdn/audio/female/30cf9ac1eeb7feeb.mp3
klarweg-audio/public/audio/words/male/30cf9ac1eeb7feeb.mp3,klarweg-audio-cdn/audio/male/30cf9ac1eeb7feeb.mp3
klarweg-audio/public/audio/words/female/5b55d6381db5e0ee.mp3,klarweg-audio-cdn/audio/female/5b55d6381db5e0ee.mp3
klarweg-audio/public/audio/words/male/5b55d6381db5e0ee.mp3,klarweg-audio-cdn/audio/male/5b55d6381db5e0ee.mp3
klarweg-audio/public/audio/words/female/b988a998c7893a4a.mp3,klarweg-audio-cdn/audio/female/b988a998c7893a4a.mp3
klarweg-audio/public/audio/words/male/b988a998c7893a4a.mp3,klarweg-audio-cdn/audio/male/b988a998c7893a4a.mp3
klarweg-audio/public/audio/words/female/a4d437514c502ae9.mp3,klarweg-audio-cdn/audio/female/a4d437514c502ae9.mp3
klarweg-audio/public/audio/words/male/a4d437514c502ae9.mp3,klarweg-audio-cdn/audio/male/a4d437514c502ae9.mp3
klarweg-audio/public/audio/words/female/5131bc4098eb40fe.mp3,klarweg-audio-cdn/audio/female/5131bc4098eb40fe.mp3
klarweg-audio/public/audio/words/male/5131bc4098eb40fe.mp3,klarweg-audio-cdn/audio/male/5131bc4098eb40fe.mp3
klarweg-audio/public/audio/words/female/fd2b023c254c0ec3.mp3,klarweg-audio-cdn/audio/female/fd2b023c254c0ec3.mp3
klarweg-audio/public/audio/words/male/fd2b023c254c0ec3.mp3,klarweg-audio-cdn/audio/male/fd2b023c254c0ec3.mp3
klarweg-audio/public/audio/words/female/46e491c4f764d8d3.mp3,klarweg-audio-cdn/audio/female/46e491c4f764d8d3.mp3
klarweg-audio/public/audio/words/male/46e491c4f764d8d3.mp3,klarweg-audio-cdn/audio/male/46e491c4f764d8d3.mp3
klarweg-audio/public/audio/words/female/c64521fda0e6485e.mp3,klarweg-audio-cdn/audio/female/c64521fda0e6485e.mp3
klarweg-audio/public/audio/words/male/c64521fda0e6485e.mp3,klarweg-audio-cdn/audio/male/c64521fda0e6485e.mp3
klarweg-audio/public/audio/words/female/7bbdf7570db744e4.mp3,klarweg-audio-cdn/audio/female/7bbdf7570db744e4.mp3
klarweg-audio/public/audio/words/male/7bbdf7570db744e4.mp3,klarweg-audio-cdn/audio/male/7bbdf7570db744e4.mp3
klarweg-audio/public/audio/words/female/d8dc404624c021df.mp3,klarweg-audio-cdn/audio/female/d8dc404624c021df.mp3
klarweg-audio/public/audio/words/male/d8dc404624c021df.mp3,klarweg-audio-cdn/audio/male/d8dc404624c021df.mp3
klarweg-audio/public/audio/words/female/3832fc253229bbcf.mp3,klarweg-audio-cdn/audio/female/3832fc253229bbcf.mp3
klarweg-audio/public/audio/words/male/3832fc253229bbcf.mp3,klarweg-audio-cdn/audio/male/3832fc253229bbcf.mp3
klarweg-audio/public/audio/words/female/72da32ffc29761c0.mp3,klarweg-audio-cdn/audio/female/72da32ffc29761c0.mp3
klarweg-audio/public/audio/words/male/72da32ffc29761c0.mp3,klarweg-audio-cdn/audio/male/72da32ffc29761c0.mp3
klarweg-audio/public/audio/words/female/be67cd000bdcd4a3.mp3,klarweg-audio-cdn/audio/female/be67cd000bdcd4a3.mp3
klarweg-audio/public/audio/words/male/be67cd000bdcd4a3.mp3,klarweg-audio-cdn/audio/male/be67cd000bdcd4a3.mp3
klarweg-audio/public/audio/words/female/43f7b7647d1459c5.mp3,klarweg-audio-cdn/audio/female/43f7b7647d1459c5.mp3
klarweg-audio/public/audio/words/male/43f7b7647d1459c5.mp3,klarweg-audio-cdn/audio/male/43f7b7647d1459c5.mp3
klarweg-audio/public/audio/words/female/a1f20a337608f275.mp3,klarweg-audio-cdn/audio/female/a1f20a337608f275.mp3
klarweg-audio/public/audio/words/male/a1f20a337608f275.mp3,klarweg-audio-cdn/audio/male/a1f20a337608f275.mp3
klarweg-audio/public/audio/words/female/9c8b96a23be91693.mp3,klarweg-audio-cdn/audio/female/9c8b96a23be91693.mp3
klarweg-audio/public/audio/words/male/9c8b96a23be91693.mp3,klarweg-audio-cdn/audio/male/9c8b96a23be91693.mp3
klarweg-audio/public/audio/words/female/17ec21a278f4df2a.mp3,klarweg-audio-cdn/audio/female/17ec21a278f4df2a.mp3
klarweg-audio/public/audio/words/male/17ec21a278f4df2a.mp3,klarweg-audio-cdn/audio/male/17ec21a278f4df2a.mp3
klarweg-audio/public/audio/words/female/967cf5ce947ab6c2.mp3,klarweg-audio-cdn/audio/female/967cf5ce947ab6c2.mp3
klarweg-audio/public/audio/words/male/967cf5ce947ab6c2.mp3,klarweg-audio-cdn/audio/male/967cf5ce947ab6c2.mp3
klarweg-audio/public/audio/words/female/0aafded971aa980c.mp3,klarweg-audio-cdn/audio/female/0aafded971aa980c.mp3
klarweg-audio/public/audio/words/male/0aafded971aa980c.mp3,klarweg-audio-cdn/audio/male/0aafded971aa980c.mp3
klarweg-audio/public/audio/words/female/b3107dc619f05a35.mp3,klarweg-audio-cdn/audio/female/b3107dc619f05a35.mp3
klarweg-audio/public/audio/words/male/b3107dc619f05a35.mp3,klarweg-audio-cdn/audio/male/b3107dc619f05a35.mp3
klarweg-audio/public/audio/words/female/d71b8812e82b63d8.mp3,klarweg-audio-cdn/audio/female/d71b8812e82b63d8.mp3
klarweg-audio/public/audio/words/male/d71b8812e82b63d8.mp3,klarweg-audio-cdn/audio/male/d71b8812e82b63d8.mp3
klarweg-audio/public/audio/words/female/0b21d7ec532e9728.mp3,klarweg-audio-cdn/audio/female/0b21d7ec532e9728.mp3
klarweg-audio/public/audio/words/male/0b21d7ec532e9728.mp3,klarweg-audio-cdn/audio/male/0b21d7ec532e9728.mp3
klarweg-audio/public/audio/words/female/a3ae63affbe14435.mp3,klarweg-audio-cdn/audio/female/a3ae63affbe14435.mp3
klarweg-audio/public/audio/words/male/a3ae63affbe14435.mp3,klarweg-audio-cdn/audio/male/a3ae63affbe14435.mp3
klarweg-audio/public/audio/words/female/d7eeb5cf5a464eaa.mp3,klarweg-audio-cdn/audio/female/d7eeb5cf5a464eaa.mp3
klarweg-audio/public/audio/words/male/d7eeb5cf5a464eaa.mp3,klarweg-audio-cdn/audio/male/d7eeb5cf5a464eaa.mp3
klarweg-audio/public/audio/words/female/a048a11cb1b2d1cb.mp3,klarweg-audio-cdn/audio/female/a048a11cb1b2d1cb.mp3
klarweg-audio/public/audio/words/male/a048a11cb1b2d1cb.mp3,klarweg-audio-cdn/audio/male/a048a11cb1b2d1cb.mp3
klarweg-audio/public/audio/words/female/5a35fd406d0b830e.mp3,klarweg-audio-cdn/audio/female/5a35fd406d0b830e.mp3
klarweg-audio/public/audio/words/male/5a35fd406d0b830e.mp3,klarweg-audio-cdn/audio/male/5a35fd406d0b830e.mp3
klarweg-audio/public/audio/words/female/dea29959660851cd.mp3,klarweg-audio-cdn/audio/female/dea29959660851cd.mp3
klarweg-audio/public/audio/words/male/dea29959660851cd.mp3,klarweg-audio-cdn/audio/male/dea29959660851cd.mp3
klarweg-audio/public/audio/words/female/d1f6d31824e3fd1f.mp3,klarweg-audio-cdn/audio/female/d1f6d31824e3fd1f.mp3
klarweg-audio/public/audio/words/male/d1f6d31824e3fd1f.mp3,klarweg-audio-cdn/audio/male/d1f6d31824e3fd1f.mp3
klarweg-audio/public/audio/words/female/441797c5d89859a6.mp3,klarweg-audio-cdn/audio/female/441797c5d89859a6.mp3
klarweg-audio/public/audio/words/male/441797c5d89859a6.mp3,klarweg-audio-cdn/audio/male/441797c5d89859a6.mp3
klarweg-audio/public/audio/words/female/ef9b5c531b0cbe64.mp3,klarweg-audio-cdn/audio/female/ef9b5c531b0cbe64.mp3
klarweg-audio/public/audio/words/male/ef9b5c531b0cbe64.mp3,klarweg-audio-cdn/audio/male/ef9b5c531b0cbe64.mp3
klarweg-audio/public/audio/words/female/73763456e227710a.mp3,klarweg-audio-cdn/audio/female/73763456e227710a.mp3
klarweg-audio/public/audio/words/male/73763456e227710a.mp3,klarweg-audio-cdn/audio/male/73763456e227710a.mp3
klarweg-audio/public/audio/words/female/394437bc034c8937.mp3,klarweg-audio-cdn/audio/female/394437bc034c8937.mp3
klarweg-audio/public/audio/words/male/394437bc034c8937.mp3,klarweg-audio-cdn/audio/male/394437bc034c8937.mp3
klarweg-audio/public/audio/words/female/2af7323be5515c6b.mp3,klarweg-audio-cdn/audio/female/2af7323be5515c6b.mp3
klarweg-audio/public/audio/words/male/2af7323be5515c6b.mp3,klarweg-audio-cdn/audio/male/2af7323be5515c6b.mp3
klarweg-audio/public/audio/words/female/9debdb3fe5061969.mp3,klarweg-audio-cdn/audio/female/9debdb3fe5061969.mp3
klarweg-audio/public/audio/words/male/9debdb3fe5061969.mp3,klarweg-audio-cdn/audio/male/9debdb3fe5061969.mp3
klarweg-audio/public/audio/words/female/8df43e399389b7e2.mp3,klarweg-audio-cdn/audio/female/8df43e399389b7e2.mp3
klarweg-audio/public/audio/words/male/8df43e399389b7e2.mp3,klarweg-audio-cdn/audio/male/8df43e399389b7e2.mp3
klarweg-audio/public/audio/words/female/6747973dc5fb954f.mp3,klarweg-audio-cdn/audio/female/6747973dc5fb954f.mp3
klarweg-audio/public/audio/words/male/6747973dc5fb954f.mp3,klarweg-audio-cdn/audio/male/6747973dc5fb954f.mp3
klarweg-audio/public/audio/words/female/2fc4ef67821844f8.mp3,klarweg-audio-cdn/audio/female/2fc4ef67821844f8.mp3
klarweg-audio/public/audio/words/male/2fc4ef67821844f8.mp3,klarweg-audio-cdn/audio/male/2fc4ef67821844f8.mp3
klarweg-audio/public/audio/words/female/02b727506dfe2a92.mp3,klarweg-audio-cdn/audio/female/02b727506dfe2a92.mp3
klarweg-audio/public/audio/words/male/02b727506dfe2a92.mp3,klarweg-audio-cdn/audio/male/02b727506dfe2a92.mp3
klarweg-audio/public/audio/words/female/d9fbfa9c248276d6.mp3,klarweg-audio-cdn/audio/female/d9fbfa9c248276d6.mp3
klarweg-audio/public/audio/words/male/d9fbfa9c248276d6.mp3,klarweg-audio-cdn/audio/male/d9fbfa9c248276d6.mp3
klarweg-audio/public/audio/words/female/dfb9efc7a34455cd.mp3,klarweg-audio-cdn/audio/female/dfb9efc7a34455cd.mp3
klarweg-audio/public/audio/words/male/dfb9efc7a34455cd.mp3,klarweg-audio-cdn/audio/male/dfb9efc7a34455cd.mp3
klarweg-audio/public/audio/words/female/c24643c11b63bc12.mp3,klarweg-audio-cdn/audio/female/c24643c11b63bc12.mp3
klarweg-audio/public/audio/words/male/c24643c11b63bc12.mp3,klarweg-audio-cdn/audio/male/c24643c11b63bc12.mp3
klarweg-audio/public/audio/words/female/3abb14f22224337c.mp3,klarweg-audio-cdn/audio/female/3abb14f22224337c.mp3
klarweg-audio/public/audio/words/male/3abb14f22224337c.mp3,klarweg-audio-cdn/audio/male/3abb14f22224337c.mp3
klarweg-audio/public/audio/words/female/1ace30afd587e87d.mp3,klarweg-audio-cdn/audio/female/1ace30afd587e87d.mp3
klarweg-audio/public/audio/words/male/1ace30afd587e87d.mp3,klarweg-audio-cdn/audio/male/1ace30afd587e87d.mp3
klarweg-audio/public/audio/words/female/559a95518bc399e9.mp3,klarweg-audio-cdn/audio/female/559a95518bc399e9.mp3
klarweg-audio/public/audio/words/male/559a95518bc399e9.mp3,klarweg-audio-cdn/audio/male/559a95518bc399e9.mp3
klarweg-audio/public/audio/words/female/3fade6e187b65654.mp3,klarweg-audio-cdn/audio/female/3fade6e187b65654.mp3
klarweg-audio/public/audio/words/male/3fade6e187b65654.mp3,klarweg-audio-cdn/audio/male/3fade6e187b65654.mp3
klarweg-audio/public/audio/words/female/3ba1f76625a4652c.mp3,klarweg-audio-cdn/audio/female/3ba1f76625a4652c.mp3
klarweg-audio/public/audio/words/male/3ba1f76625a4652c.mp3,klarweg-audio-cdn/audio/male/3ba1f76625a4652c.mp3
klarweg-audio/public/audio/words/female/15defb3f1859c645.mp3,klarweg-audio-cdn/audio/female/15defb3f1859c645.mp3
klarweg-audio/public/audio/words/male/15defb3f1859c645.mp3,klarweg-audio-cdn/audio/male/15defb3f1859c645.mp3
klarweg-audio/public/audio/words/female/76059280f7b61701.mp3,klarweg-audio-cdn/audio/female/76059280f7b61701.mp3
klarweg-audio/public/audio/words/male/76059280f7b61701.mp3,klarweg-audio-cdn/audio/male/76059280f7b61701.mp3
klarweg-audio/public/audio/words/female/845078ff8ed5fc70.mp3,klarweg-audio-cdn/audio/female/845078ff8ed5fc70.mp3
klarweg-audio/public/audio/words/male/845078ff8ed5fc70.mp3,klarweg-audio-cdn/audio/male/845078ff8ed5fc70.mp3
klarweg-audio/public/audio/words/female/4ec45a48452d2b9d.mp3,klarweg-audio-cdn/audio/female/4ec45a48452d2b9d.mp3
klarweg-audio/public/audio/words/male/4ec45a48452d2b9d.mp3,klarweg-audio-cdn/audio/male/4ec45a48452d2b9d.mp3
klarweg-audio/public/audio/words/female/89f0da81285fd911.mp3,klarweg-audio-cdn/audio/female/89f0da81285fd911.mp3
klarweg-audio/public/audio/words/male/89f0da81285fd911.mp3,klarweg-audio-cdn/audio/male/89f0da81285fd911.mp3
klarweg-audio/public/audio/words/female/cba56a9fdec4d7ac.mp3,klarweg-audio-cdn/audio/female/cba56a9fdec4d7ac.mp3
klarweg-audio/public/audio/words/male/cba56a9fdec4d7ac.mp3,klarweg-audio-cdn/audio/male/cba56a9fdec4d7ac.mp3
klarweg-audio/public/audio/words/female/74a653224a773529.mp3,klarweg-audio-cdn/audio/female/74a653224a773529.mp3
klarweg-audio/public/audio/words/male/74a653224a773529.mp3,klarweg-audio-cdn/audio/male/74a653224a773529.mp3
klarweg-audio/public/audio/words/female/c9fa9a9bcc84334b.mp3,klarweg-audio-cdn/audio/female/c9fa9a9bcc84334b.mp3
klarweg-audio/public/audio/words/male/c9fa9a9bcc84334b.mp3,klarweg-audio-cdn/audio/male/c9fa9a9bcc84334b.mp3
klarweg-audio/public/audio/words/female/a5dfbdb4f0cc1877.mp3,klarweg-audio-cdn/audio/female/a5dfbdb4f0cc1877.mp3
klarweg-audio/public/audio/words/male/a5dfbdb4f0cc1877.mp3,klarweg-audio-cdn/audio/male/a5dfbdb4f0cc1877.mp3
klarweg-audio/public/audio/words/female/b49fdc6d6623d81b.mp3,klarweg-audio-cdn/audio/female/b49fdc6d6623d81b.mp3
klarweg-audio/public/audio/words/male/b49fdc6d6623d81b.mp3,klarweg-audio-cdn/audio/male/b49fdc6d6623d81b.mp3
klarweg-audio/public/audio/words/female/d5cb71ae4cfd7e03.mp3,klarweg-audio-cdn/audio/female/d5cb71ae4cfd7e03.mp3
klarweg-audio/public/audio/words/male/d5cb71ae4cfd7e03.mp3,klarweg-audio-cdn/audio/male/d5cb71ae4cfd7e03.mp3
klarweg-audio/public/audio/words/female/29fa2714c21776da.mp3,klarweg-audio-cdn/audio/female/29fa2714c21776da.mp3
klarweg-audio/public/audio/words/male/29fa2714c21776da.mp3,klarweg-audio-cdn/audio/male/29fa2714c21776da.mp3
klarweg-audio/public/audio/words/female/ab3f35b8bcacad19.mp3,klarweg-audio-cdn/audio/female/ab3f35b8bcacad19.mp3
klarweg-audio/public/audio/words/male/ab3f35b8bcacad19.mp3,klarweg-audio-cdn/audio/male/ab3f35b8bcacad19.mp3
klarweg-audio/public/audio/words/female/6547398bfe7d3a97.mp3,klarweg-audio-cdn/audio/female/6547398bfe7d3a97.mp3
klarweg-audio/public/audio/words/male/6547398bfe7d3a97.mp3,klarweg-audio-cdn/audio/male/6547398bfe7d3a97.mp3
klarweg-audio/public/audio/words/female/999e4577266ecee1.mp3,klarweg-audio-cdn/audio/female/999e4577266ecee1.mp3
klarweg-audio/public/audio/words/male/999e4577266ecee1.mp3,klarweg-audio-cdn/audio/male/999e4577266ecee1.mp3
klarweg-audio/public/audio/words/female/956b749516f0d069.mp3,klarweg-audio-cdn/audio/female/956b749516f0d069.mp3
klarweg-audio/public/audio/words/male/956b749516f0d069.mp3,klarweg-audio-cdn/audio/male/956b749516f0d069.mp3
klarweg-audio/public/audio/words/female/1012a666ee493ab3.mp3,klarweg-audio-cdn/audio/female/1012a666ee493ab3.mp3
klarweg-audio/public/audio/words/male/1012a666ee493ab3.mp3,klarweg-audio-cdn/audio/male/1012a666ee493ab3.mp3
klarweg-audio/public/audio/words/female/61c482df0d4c6bd7.mp3,klarweg-audio-cdn/audio/female/61c482df0d4c6bd7.mp3
klarweg-audio/public/audio/words/male/61c482df0d4c6bd7.mp3,klarweg-audio-cdn/audio/male/61c482df0d4c6bd7.mp3
klarweg-audio/public/audio/words/female/de54908b7d824aca.mp3,klarweg-audio-cdn/audio/female/de54908b7d824aca.mp3
klarweg-audio/public/audio/words/male/de54908b7d824aca.mp3,klarweg-audio-cdn/audio/male/de54908b7d824aca.mp3
klarweg-audio/public/audio/words/female/2763e0622487943e.mp3,klarweg-audio-cdn/audio/female/2763e0622487943e.mp3
klarweg-audio/public/audio/words/male/2763e0622487943e.mp3,klarweg-audio-cdn/audio/male/2763e0622487943e.mp3
klarweg-audio/public/audio/words/female/e4cddb41d23bc5b0.mp3,klarweg-audio-cdn/audio/female/e4cddb41d23bc5b0.mp3
klarweg-audio/public/audio/words/male/e4cddb41d23bc5b0.mp3,klarweg-audio-cdn/audio/male/e4cddb41d23bc5b0.mp3
klarweg-audio/public/audio/words/female/5781342bf8be58ff.mp3,klarweg-audio-cdn/audio/female/5781342bf8be58ff.mp3
klarweg-audio/public/audio/words/male/5781342bf8be58ff.mp3,klarweg-audio-cdn/audio/male/5781342bf8be58ff.mp3
klarweg-audio/public/audio/words/female/f2f88cc72ccf0d4a.mp3,klarweg-audio-cdn/audio/female/f2f88cc72ccf0d4a.mp3
klarweg-audio/public/audio/words/male/f2f88cc72ccf0d4a.mp3,klarweg-audio-cdn/audio/male/f2f88cc72ccf0d4a.mp3
klarweg-audio/public/audio/words/female/7f25dc229d13f2d0.mp3,klarweg-audio-cdn/audio/female/7f25dc229d13f2d0.mp3
klarweg-audio/public/audio/words/male/7f25dc229d13f2d0.mp3,klarweg-audio-cdn/audio/male/7f25dc229d13f2d0.mp3
klarweg-audio/public/audio/words/female/7b0c429e7da9ef68.mp3,klarweg-audio-cdn/audio/female/7b0c429e7da9ef68.mp3
klarweg-audio/public/audio/words/male/7b0c429e7da9ef68.mp3,klarweg-audio-cdn/audio/male/7b0c429e7da9ef68.mp3
klarweg-audio/public/audio/words/female/54ec2d71c765f4cf.mp3,klarweg-audio-cdn/audio/female/54ec2d71c765f4cf.mp3
klarweg-audio/public/audio/words/male/54ec2d71c765f4cf.mp3,klarweg-audio-cdn/audio/male/54ec2d71c765f4cf.mp3
klarweg-audio/public/audio/words/female/32c9941055b686fa.mp3,klarweg-audio-cdn/audio/female/32c9941055b686fa.mp3
klarweg-audio/public/audio/words/male/32c9941055b686fa.mp3,klarweg-audio-cdn/audio/male/32c9941055b686fa.mp3
klarweg-audio/public/audio/words/female/a50b50bac3ff8503.mp3,klarweg-audio-cdn/audio/female/a50b50bac3ff8503.mp3
klarweg-audio/public/audio/words/male/a50b50bac3ff8503.mp3,klarweg-audio-cdn/audio/male/a50b50bac3ff8503.mp3
klarweg-audio/public/audio/words/female/f814ff6d4aad9ce3.mp3,klarweg-audio-cdn/audio/female/f814ff6d4aad9ce3.mp3
klarweg-audio/public/audio/words/male/f814ff6d4aad9ce3.mp3,klarweg-audio-cdn/audio/male/f814ff6d4aad9ce3.mp3
klarweg-audio/public/audio/words/female/d6fe2f024b6ff8e3.mp3,klarweg-audio-cdn/audio/female/d6fe2f024b6ff8e3.mp3
klarweg-audio/public/audio/words/male/d6fe2f024b6ff8e3.mp3,klarweg-audio-cdn/audio/male/d6fe2f024b6ff8e3.mp3
klarweg-audio/public/audio/words/female/9333b71adf781f80.mp3,klarweg-audio-cdn/audio/female/9333b71adf781f80.mp3
klarweg-audio/public/audio/words/male/9333b71adf781f80.mp3,klarweg-audio-cdn/audio/male/9333b71adf781f80.mp3
klarweg-audio/public/audio/words/female/a6e8d9f414a4e4cb.mp3,klarweg-audio-cdn/audio/female/a6e8d9f414a4e4cb.mp3
klarweg-audio/public/audio/words/male/a6e8d9f414a4e4cb.mp3,klarweg-audio-cdn/audio/male/a6e8d9f414a4e4cb.mp3
klarweg-audio/public/audio/words/female/13c0cc9b8d35e37f.mp3,klarweg-audio-cdn/audio/female/13c0cc9b8d35e37f.mp3
klarweg-audio/public/audio/words/male/13c0cc9b8d35e37f.mp3,klarweg-audio-cdn/audio/male/13c0cc9b8d35e37f.mp3
klarweg-audio/public/audio/words/female/c979b4d304dee026.mp3,klarweg-audio-cdn/audio/female/c979b4d304dee026.mp3
klarweg-audio/public/audio/words/male/c979b4d304dee026.mp3,klarweg-audio-cdn/audio/male/c979b4d304dee026.mp3
klarweg-audio/public/audio/words/female/306d4615e9f10ac8.mp3,klarweg-audio-cdn/audio/female/306d4615e9f10ac8.mp3
klarweg-audio/public/audio/words/male/306d4615e9f10ac8.mp3,klarweg-audio-cdn/audio/male/306d4615e9f10ac8.mp3
klarweg-audio/public/audio/words/female/6fb76de0d16c2db0.mp3,klarweg-audio-cdn/audio/female/6fb76de0d16c2db0.mp3
klarweg-audio/public/audio/words/male/6fb76de0d16c2db0.mp3,klarweg-audio-cdn/audio/male/6fb76de0d16c2db0.mp3
klarweg-audio/public/audio/words/female/e1efc19ced61c4bd.mp3,klarweg-audio-cdn/audio/female/e1efc19ced61c4bd.mp3
klarweg-audio/public/audio/words/male/e1efc19ced61c4bd.mp3,klarweg-audio-cdn/audio/male/e1efc19ced61c4bd.mp3
klarweg-audio/public/audio/words/female/9f174518b7a95a46.mp3,klarweg-audio-cdn/audio/female/9f174518b7a95a46.mp3
klarweg-audio/public/audio/words/male/9f174518b7a95a46.mp3,klarweg-audio-cdn/audio/male/9f174518b7a95a46.mp3
klarweg-audio/public/audio/words/female/c11600b1ccbacc6e.mp3,klarweg-audio-cdn/audio/female/c11600b1ccbacc6e.mp3
klarweg-audio/public/audio/words/male/c11600b1ccbacc6e.mp3,klarweg-audio-cdn/audio/male/c11600b1ccbacc6e.mp3
klarweg-audio/public/audio/words/female/871009878a8ba17a.mp3,klarweg-audio-cdn/audio/female/871009878a8ba17a.mp3
klarweg-audio/public/audio/words/male/871009878a8ba17a.mp3,klarweg-audio-cdn/audio/male/871009878a8ba17a.mp3
klarweg-audio/public/audio/words/female/c789eaf1d8d2097c.mp3,klarweg-audio-cdn/audio/female/c789eaf1d8d2097c.mp3
klarweg-audio/public/audio/words/male/c789eaf1d8d2097c.mp3,klarweg-audio-cdn/audio/male/c789eaf1d8d2097c.mp3
klarweg-audio/public/audio/words/female/e59a9c3621d2c508.mp3,klarweg-audio-cdn/audio/female/e59a9c3621d2c508.mp3
klarweg-audio/public/audio/words/male/e59a9c3621d2c508.mp3,klarweg-audio-cdn/audio/male/e59a9c3621d2c508.mp3
klarweg-audio/public/audio/words/female/0fb4f31e5508e032.mp3,klarweg-audio-cdn/audio/female/0fb4f31e5508e032.mp3
klarweg-audio/public/audio/words/male/0fb4f31e5508e032.mp3,klarweg-audio-cdn/audio/male/0fb4f31e5508e032.mp3
klarweg-audio/public/audio/words/female/267f33a18e70107e.mp3,klarweg-audio-cdn/audio/female/267f33a18e70107e.mp3
klarweg-audio/public/audio/words/male/267f33a18e70107e.mp3,klarweg-audio-cdn/audio/male/267f33a18e70107e.mp3
klarweg-audio/public/audio/words/female/1568efb25e819544.mp3,klarweg-audio-cdn/audio/female/1568efb25e819544.mp3
klarweg-audio/public/audio/words/male/1568efb25e819544.mp3,klarweg-audio-cdn/audio/male/1568efb25e819544.mp3
klarweg-audio/public/audio/words/female/48fbd239dc64cd32.mp3,klarweg-audio-cdn/audio/female/48fbd239dc64cd32.mp3
klarweg-audio/public/audio/words/male/48fbd239dc64cd32.mp3,klarweg-audio-cdn/audio/male/48fbd239dc64cd32.mp3
klarweg-audio/public/audio/words/female/fa2f359a77607d26.mp3,klarweg-audio-cdn/audio/female/fa2f359a77607d26.mp3
klarweg-audio/public/audio/words/male/fa2f359a77607d26.mp3,klarweg-audio-cdn/audio/male/fa2f359a77607d26.mp3
klarweg-audio/public/audio/words/female/f19844539d013310.mp3,klarweg-audio-cdn/audio/female/f19844539d013310.mp3
klarweg-audio/public/audio/words/male/f19844539d013310.mp3,klarweg-audio-cdn/audio/male/f19844539d013310.mp3
klarweg-audio/public/audio/words/female/39a5fbd023f87c95.mp3,klarweg-audio-cdn/audio/female/39a5fbd023f87c95.mp3
klarweg-audio/public/audio/words/male/39a5fbd023f87c95.mp3,klarweg-audio-cdn/audio/male/39a5fbd023f87c95.mp3
klarweg-audio/public/audio/words/female/ca0a7dbdb5dfe65d.mp3,klarweg-audio-cdn/audio/female/ca0a7dbdb5dfe65d.mp3
klarweg-audio/public/audio/words/male/ca0a7dbdb5dfe65d.mp3,klarweg-audio-cdn/audio/male/ca0a7dbdb5dfe65d.mp3
klarweg-audio/public/audio/words/female/2453941518d68d32.mp3,klarweg-audio-cdn/audio/female/2453941518d68d32.mp3
klarweg-audio/public/audio/words/male/2453941518d68d32.mp3,klarweg-audio-cdn/audio/male/2453941518d68d32.mp3
klarweg-audio/public/audio/words/female/da67a69ef35657df.mp3,klarweg-audio-cdn/audio/female/da67a69ef35657df.mp3
klarweg-audio/public/audio/words/male/da67a69ef35657df.mp3,klarweg-audio-cdn/audio/male/da67a69ef35657df.mp3
klarweg-audio/public/audio/words/female/3f296da374968d23.mp3,klarweg-audio-cdn/audio/female/3f296da374968d23.mp3
klarweg-audio/public/audio/words/male/3f296da374968d23.mp3,klarweg-audio-cdn/audio/male/3f296da374968d23.mp3
klarweg-audio/public/audio/words/female/53168a258342406d.mp3,klarweg-audio-cdn/audio/female/53168a258342406d.mp3
klarweg-audio/public/audio/words/male/53168a258342406d.mp3,klarweg-audio-cdn/audio/male/53168a258342406d.mp3
klarweg-audio/public/audio/words/female/86e9a7842c5b1ce4.mp3,klarweg-audio-cdn/audio/female/86e9a7842c5b1ce4.mp3
klarweg-audio/public/audio/words/male/86e9a7842c5b1ce4.mp3,klarweg-audio-cdn/audio/male/86e9a7842c5b1ce4.mp3
klarweg-audio/public/audio/words/female/64e5a665a3f69fac.mp3,klarweg-audio-cdn/audio/female/64e5a665a3f69fac.mp3
klarweg-audio/public/audio/words/male/64e5a665a3f69fac.mp3,klarweg-audio-cdn/audio/male/64e5a665a3f69fac.mp3
klarweg-audio/public/audio/words/female/7ffabd4973a03c19.mp3,klarweg-audio-cdn/audio/female/7ffabd4973a03c19.mp3
klarweg-audio/public/audio/words/male/7ffabd4973a03c19.mp3,klarweg-audio-cdn/audio/male/7ffabd4973a03c19.mp3
klarweg-audio/public/audio/words/female/c226920b6f944bda.mp3,klarweg-audio-cdn/audio/female/c226920b6f944bda.mp3
klarweg-audio/public/audio/words/male/c226920b6f944bda.mp3,klarweg-audio-cdn/audio/male/c226920b6f944bda.mp3
klarweg-audio/public/audio/words/female/e5660c47d98e7c60.mp3,klarweg-audio-cdn/audio/female/e5660c47d98e7c60.mp3
klarweg-audio/public/audio/words/male/e5660c47d98e7c60.mp3,klarweg-audio-cdn/audio/male/e5660c47d98e7c60.mp3
klarweg-audio/public/audio/words/female/7fa9e70d3dee5d20.mp3,klarweg-audio-cdn/audio/female/7fa9e70d3dee5d20.mp3
klarweg-audio/public/audio/words/male/7fa9e70d3dee5d20.mp3,klarweg-audio-cdn/audio/male/7fa9e70d3dee5d20.mp3
klarweg-audio/public/audio/words/female/a5242840fd742a70.mp3,klarweg-audio-cdn/audio/female/a5242840fd742a70.mp3
klarweg-audio/public/audio/words/male/a5242840fd742a70.mp3,klarweg-audio-cdn/audio/male/a5242840fd742a70.mp3
klarweg-audio/public/audio/words/female/1a63931da5290417.mp3,klarweg-audio-cdn/audio/female/1a63931da5290417.mp3
klarweg-audio/public/audio/words/male/1a63931da5290417.mp3,klarweg-audio-cdn/audio/male/1a63931da5290417.mp3
klarweg-audio/public/audio/words/female/542faaedb900a829.mp3,klarweg-audio-cdn/audio/female/542faaedb900a829.mp3
klarweg-audio/public/audio/words/male/542faaedb900a829.mp3,klarweg-audio-cdn/audio/male/542faaedb900a829.mp3
klarweg-audio/public/audio/words/female/0a0db9c0bf4ed6a3.mp3,klarweg-audio-cdn/audio/female/0a0db9c0bf4ed6a3.mp3
klarweg-audio/public/audio/words/male/0a0db9c0bf4ed6a3.mp3,klarweg-audio-cdn/audio/male/0a0db9c0bf4ed6a3.mp3
klarweg-audio/public/audio/words/female/242ecb2bd8811a90.mp3,klarweg-audio-cdn/audio/female/242ecb2bd8811a90.mp3
klarweg-audio/public/audio/words/male/242ecb2bd8811a90.mp3,klarweg-audio-cdn/audio/male/242ecb2bd8811a90.mp3
klarweg-audio/public/audio/words/female/8905757a4ccc2ccb.mp3,klarweg-audio-cdn/audio/female/8905757a4ccc2ccb.mp3
klarweg-audio/public/audio/words/male/8905757a4ccc2ccb.mp3,klarweg-audio-cdn/audio/male/8905757a4ccc2ccb.mp3
klarweg-audio/public/audio/words/female/9cdfadbf4f16388b.mp3,klarweg-audio-cdn/audio/female/9cdfadbf4f16388b.mp3
klarweg-audio/public/audio/words/male/9cdfadbf4f16388b.mp3,klarweg-audio-cdn/audio/male/9cdfadbf4f16388b.mp3
klarweg-audio/public/audio/words/female/c9e343b4508ed1d7.mp3,klarweg-audio-cdn/audio/female/c9e343b4508ed1d7.mp3
klarweg-audio/public/audio/words/male/c9e343b4508ed1d7.mp3,klarweg-audio-cdn/audio/male/c9e343b4508ed1d7.mp3
klarweg-audio/public/audio/words/female/b9d4e51cd676f411.mp3,klarweg-audio-cdn/audio/female/b9d4e51cd676f411.mp3
klarweg-audio/public/audio/words/male/b9d4e51cd676f411.mp3,klarweg-audio-cdn/audio/male/b9d4e51cd676f411.mp3
klarweg-audio/public/audio/words/female/fb6b8bdec318649f.mp3,klarweg-audio-cdn/audio/female/fb6b8bdec318649f.mp3
klarweg-audio/public/audio/words/male/fb6b8bdec318649f.mp3,klarweg-audio-cdn/audio/male/fb6b8bdec318649f.mp3
klarweg-audio/public/audio/words/female/8b15a06892e07615.mp3,klarweg-audio-cdn/audio/female/8b15a06892e07615.mp3
klarweg-audio/public/audio/words/male/8b15a06892e07615.mp3,klarweg-audio-cdn/audio/male/8b15a06892e07615.mp3
klarweg-audio/public/audio/words/female/f3f83ebcf4d19717.mp3,klarweg-audio-cdn/audio/female/f3f83ebcf4d19717.mp3
klarweg-audio/public/audio/words/male/f3f83ebcf4d19717.mp3,klarweg-audio-cdn/audio/male/f3f83ebcf4d19717.mp3
klarweg-audio/public/audio/words/female/49b2f309545a32f1.mp3,klarweg-audio-cdn/audio/female/49b2f309545a32f1.mp3
klarweg-audio/public/audio/words/male/49b2f309545a32f1.mp3,klarweg-audio-cdn/audio/male/49b2f309545a32f1.mp3
klarweg-audio/public/audio/words/female/d18449e16cd36637.mp3,klarweg-audio-cdn/audio/female/d18449e16cd36637.mp3
klarweg-audio/public/audio/words/male/d18449e16cd36637.mp3,klarweg-audio-cdn/audio/male/d18449e16cd36637.mp3
klarweg-audio/public/audio/words/female/f1a9429835a959ab.mp3,klarweg-audio-cdn/audio/female/f1a9429835a959ab.mp3
klarweg-audio/public/audio/words/male/f1a9429835a959ab.mp3,klarweg-audio-cdn/audio/male/f1a9429835a959ab.mp3
klarweg-audio/public/audio/words/female/9c30c966e68da0cd.mp3,klarweg-audio-cdn/audio/female/9c30c966e68da0cd.mp3
klarweg-audio/public/audio/words/male/9c30c966e68da0cd.mp3,klarweg-audio-cdn/audio/male/9c30c966e68da0cd.mp3
klarweg-audio/public/audio/words/female/a14a44b1fcd4c927.mp3,klarweg-audio-cdn/audio/female/a14a44b1fcd4c927.mp3
klarweg-audio/public/audio/words/male/a14a44b1fcd4c927.mp3,klarweg-audio-cdn/audio/male/a14a44b1fcd4c927.mp3
klarweg-audio/public/audio/words/female/0f96bbde064c9b12.mp3,klarweg-audio-cdn/audio/female/0f96bbde064c9b12.mp3
klarweg-audio/public/audio/words/male/0f96bbde064c9b12.mp3,klarweg-audio-cdn/audio/male/0f96bbde064c9b12.mp3
klarweg-audio/public/audio/words/female/792fcd8ac1785c79.mp3,klarweg-audio-cdn/audio/female/792fcd8ac1785c79.mp3
klarweg-audio/public/audio/words/male/792fcd8ac1785c79.mp3,klarweg-audio-cdn/audio/male/792fcd8ac1785c79.mp3
klarweg-audio/public/audio/words/female/cf88de2c5608e73c.mp3,klarweg-audio-cdn/audio/female/cf88de2c5608e73c.mp3
klarweg-audio/public/audio/words/male/cf88de2c5608e73c.mp3,klarweg-audio-cdn/audio/male/cf88de2c5608e73c.mp3
klarweg-audio/public/audio/words/female/880dbf1357e9e55c.mp3,klarweg-audio-cdn/audio/female/880dbf1357e9e55c.mp3
klarweg-audio/public/audio/words/male/880dbf1357e9e55c.mp3,klarweg-audio-cdn/audio/male/880dbf1357e9e55c.mp3
klarweg-audio/public/audio/words/female/0669623593fb7492.mp3,klarweg-audio-cdn/audio/female/0669623593fb7492.mp3
klarweg-audio/public/audio/words/male/0669623593fb7492.mp3,klarweg-audio-cdn/audio/male/0669623593fb7492.mp3
klarweg-audio/public/audio/words/female/e9ef55677bc9695b.mp3,klarweg-audio-cdn/audio/female/e9ef55677bc9695b.mp3
klarweg-audio/public/audio/words/male/e9ef55677bc9695b.mp3,klarweg-audio-cdn/audio/male/e9ef55677bc9695b.mp3
klarweg-audio/public/audio/words/female/aeb30a1cefd86273.mp3,klarweg-audio-cdn/audio/female/aeb30a1cefd86273.mp3
klarweg-audio/public/audio/words/male/aeb30a1cefd86273.mp3,klarweg-audio-cdn/audio/male/aeb30a1cefd86273.mp3
klarweg-audio/public/audio/words/female/651b13731afcdd76.mp3,klarweg-audio-cdn/audio/female/651b13731afcdd76.mp3
klarweg-audio/public/audio/words/male/651b13731afcdd76.mp3,klarweg-audio-cdn/audio/male/651b13731afcdd76.mp3
klarweg-audio/public/audio/words/female/f644612095d0fdaf.mp3,klarweg-audio-cdn/audio/female/f644612095d0fdaf.mp3
klarweg-audio/public/audio/words/male/f644612095d0fdaf.mp3,klarweg-audio-cdn/audio/male/f644612095d0fdaf.mp3
klarweg-audio/public/audio/words/female/d8e7822d662001e5.mp3,klarweg-audio-cdn/audio/female/d8e7822d662001e5.mp3
klarweg-audio/public/audio/words/male/d8e7822d662001e5.mp3,klarweg-audio-cdn/audio/male/d8e7822d662001e5.mp3
klarweg-audio/public/audio/words/female/ecb3f8123908984b.mp3,klarweg-audio-cdn/audio/female/ecb3f8123908984b.mp3
klarweg-audio/public/audio/words/male/ecb3f8123908984b.mp3,klarweg-audio-cdn/audio/male/ecb3f8123908984b.mp3
klarweg-audio/public/audio/words/female/761011b48908237d.mp3,klarweg-audio-cdn/audio/female/761011b48908237d.mp3
klarweg-audio/public/audio/words/male/761011b48908237d.mp3,klarweg-audio-cdn/audio/male/761011b48908237d.mp3
klarweg-audio/public/audio/words/female/f572761c6749a2ad.mp3,klarweg-audio-cdn/audio/female/f572761c6749a2ad.mp3
klarweg-audio/public/audio/words/male/f572761c6749a2ad.mp3,klarweg-audio-cdn/audio/male/f572761c6749a2ad.mp3
klarweg-audio/public/audio/words/female/acd5a7a88b939647.mp3,klarweg-audio-cdn/audio/female/acd5a7a88b939647.mp3
klarweg-audio/public/audio/words/male/acd5a7a88b939647.mp3,klarweg-audio-cdn/audio/male/acd5a7a88b939647.mp3
klarweg-audio/public/audio/words/female/e156b8427ce53ca0.mp3,klarweg-audio-cdn/audio/female/e156b8427ce53ca0.mp3
klarweg-audio/public/audio/words/male/e156b8427ce53ca0.mp3,klarweg-audio-cdn/audio/male/e156b8427ce53ca0.mp3
klarweg-audio/public/audio/words/female/c46fe5a3bb2d01ce.mp3,klarweg-audio-cdn/audio/female/c46fe5a3bb2d01ce.mp3
klarweg-audio/public/audio/words/male/c46fe5a3bb2d01ce.mp3,klarweg-audio-cdn/audio/male/c46fe5a3bb2d01ce.mp3
klarweg-audio/public/audio/words/female/63f93643620cfd8d.mp3,klarweg-audio-cdn/audio/female/63f93643620cfd8d.mp3
klarweg-audio/public/audio/words/male/63f93643620cfd8d.mp3,klarweg-audio-cdn/audio/male/63f93643620cfd8d.mp3
klarweg-audio/public/audio/words/female/e26b760fb3049d0c.mp3,klarweg-audio-cdn/audio/female/e26b760fb3049d0c.mp3
klarweg-audio/public/audio/words/male/e26b760fb3049d0c.mp3,klarweg-audio-cdn/audio/male/e26b760fb3049d0c.mp3
klarweg-audio/public/audio/words/female/b02699d291e0bc0c.mp3,klarweg-audio-cdn/audio/female/b02699d291e0bc0c.mp3
klarweg-audio/public/audio/words/male/b02699d291e0bc0c.mp3,klarweg-audio-cdn/audio/male/b02699d291e0bc0c.mp3
klarweg-audio/public/audio/words/female/80ab9b303647465f.mp3,klarweg-audio-cdn/audio/female/80ab9b303647465f.mp3
klarweg-audio/public/audio/words/male/80ab9b303647465f.mp3,klarweg-audio-cdn/audio/male/80ab9b303647465f.mp3
klarweg-audio/public/audio/words/female/13bb61de0e7d41ce.mp3,klarweg-audio-cdn/audio/female/13bb61de0e7d41ce.mp3
klarweg-audio/public/audio/words/male/13bb61de0e7d41ce.mp3,klarweg-audio-cdn/audio/male/13bb61de0e7d41ce.mp3
klarweg-audio/public/audio/words/female/6c10606d7ab8703c.mp3,klarweg-audio-cdn/audio/female/6c10606d7ab8703c.mp3
klarweg-audio/public/audio/words/male/6c10606d7ab8703c.mp3,klarweg-audio-cdn/audio/male/6c10606d7ab8703c.mp3
klarweg-audio/public/audio/words/female/360b517d4b804064.mp3,klarweg-audio-cdn/audio/female/360b517d4b804064.mp3
klarweg-audio/public/audio/words/male/360b517d4b804064.mp3,klarweg-audio-cdn/audio/male/360b517d4b804064.mp3
klarweg-audio/public/audio/words/female/329a0940989376f0.mp3,klarweg-audio-cdn/audio/female/329a0940989376f0.mp3
klarweg-audio/public/audio/words/male/329a0940989376f0.mp3,klarweg-audio-cdn/audio/male/329a0940989376f0.mp3
klarweg-audio/public/audio/words/female/0cf2a73abf069f76.mp3,klarweg-audio-cdn/audio/female/0cf2a73abf069f76.mp3
klarweg-audio/public/audio/words/male/0cf2a73abf069f76.mp3,klarweg-audio-cdn/audio/male/0cf2a73abf069f76.mp3
klarweg-audio/public/audio/words/female/9d9af33a574f97a7.mp3,klarweg-audio-cdn/audio/female/9d9af33a574f97a7.mp3
klarweg-audio/public/audio/words/male/9d9af33a574f97a7.mp3,klarweg-audio-cdn/audio/male/9d9af33a574f97a7.mp3
klarweg-audio/public/audio/words/female/5b31113c1c4cabe7.mp3,klarweg-audio-cdn/audio/female/5b31113c1c4cabe7.mp3
klarweg-audio/public/audio/words/male/5b31113c1c4cabe7.mp3,klarweg-audio-cdn/audio/male/5b31113c1c4cabe7.mp3
klarweg-audio/public/audio/words/female/578f376b7f5ef3a6.mp3,klarweg-audio-cdn/audio/female/578f376b7f5ef3a6.mp3
klarweg-audio/public/audio/words/male/578f376b7f5ef3a6.mp3,klarweg-audio-cdn/audio/male/578f376b7f5ef3a6.mp3
klarweg-audio/public/audio/words/female/bb4d10cc0ad9ee5a.mp3,klarweg-audio-cdn/audio/female/bb4d10cc0ad9ee5a.mp3
klarweg-audio/public/audio/words/male/bb4d10cc0ad9ee5a.mp3,klarweg-audio-cdn/audio/male/bb4d10cc0ad9ee5a.mp3
klarweg-audio/public/audio/words/female/27acf2e009ffdc72.mp3,klarweg-audio-cdn/audio/female/27acf2e009ffdc72.mp3
klarweg-audio/public/audio/words/male/27acf2e009ffdc72.mp3,klarweg-audio-cdn/audio/male/27acf2e009ffdc72.mp3
klarweg-audio/public/audio/words/female/67db410a310e53d8.mp3,klarweg-audio-cdn/audio/female/67db410a310e53d8.mp3
klarweg-audio/public/audio/words/male/67db410a310e53d8.mp3,klarweg-audio-cdn/audio/male/67db410a310e53d8.mp3
klarweg-audio/public/audio/words/female/03cd64d34965d0e1.mp3,klarweg-audio-cdn/audio/female/03cd64d34965d0e1.mp3
klarweg-audio/public/audio/words/male/03cd64d34965d0e1.mp3,klarweg-audio-cdn/audio/male/03cd64d34965d0e1.mp3
klarweg-audio/public/audio/words/female/114e2812037b532a.mp3,klarweg-audio-cdn/audio/female/114e2812037b532a.mp3
klarweg-audio/public/audio/words/male/114e2812037b532a.mp3,klarweg-audio-cdn/audio/male/114e2812037b532a.mp3
klarweg-audio/public/audio/words/female/0ff57278359c887f.mp3,klarweg-audio-cdn/audio/female/0ff57278359c887f.mp3
klarweg-audio/public/audio/words/male/0ff57278359c887f.mp3,klarweg-audio-cdn/audio/male/0ff57278359c887f.mp3
klarweg-audio/public/audio/words/female/b7e18978a8fa7395.mp3,klarweg-audio-cdn/audio/female/b7e18978a8fa7395.mp3
klarweg-audio/public/audio/words/male/b7e18978a8fa7395.mp3,klarweg-audio-cdn/audio/male/b7e18978a8fa7395.mp3
klarweg-audio/public/audio/words/female/90741f050db7becf.mp3,klarweg-audio-cdn/audio/female/90741f050db7becf.mp3
klarweg-audio/public/audio/words/male/90741f050db7becf.mp3,klarweg-audio-cdn/audio/male/90741f050db7becf.mp3
klarweg-audio/public/audio/words/female/1998e4a861372273.mp3,klarweg-audio-cdn/audio/female/1998e4a861372273.mp3
klarweg-audio/public/audio/words/male/1998e4a861372273.mp3,klarweg-audio-cdn/audio/male/1998e4a861372273.mp3
klarweg-audio/public/audio/words/female/60a3cfcef1bc5150.mp3,klarweg-audio-cdn/audio/female/60a3cfcef1bc5150.mp3
klarweg-audio/public/audio/words/male/60a3cfcef1bc5150.mp3,klarweg-audio-cdn/audio/male/60a3cfcef1bc5150.mp3
klarweg-audio/public/audio/words/female/e30de1da9063c434.mp3,klarweg-audio-cdn/audio/female/e30de1da9063c434.mp3
klarweg-audio/public/audio/words/male/e30de1da9063c434.mp3,klarweg-audio-cdn/audio/male/e30de1da9063c434.mp3
klarweg-audio/public/audio/words/female/d68368d958d80283.mp3,klarweg-audio-cdn/audio/female/d68368d958d80283.mp3
klarweg-audio/public/audio/words/male/d68368d958d80283.mp3,klarweg-audio-cdn/audio/male/d68368d958d80283.mp3
klarweg-audio/public/audio/words/female/16bb3c6a28afafa9.mp3,klarweg-audio-cdn/audio/female/16bb3c6a28afafa9.mp3
klarweg-audio/public/audio/words/male/16bb3c6a28afafa9.mp3,klarweg-audio-cdn/audio/male/16bb3c6a28afafa9.mp3
klarweg-audio/public/audio/words/female/2dc4204e3ec78e56.mp3,klarweg-audio-cdn/audio/female/2dc4204e3ec78e56.mp3
klarweg-audio/public/audio/words/male/2dc4204e3ec78e56.mp3,klarweg-audio-cdn/audio/male/2dc4204e3ec78e56.mp3
klarweg-audio/public/audio/words/female/f13054806127ac1e.mp3,klarweg-audio-cdn/audio/female/f13054806127ac1e.mp3
klarweg-audio/public/audio/words/male/f13054806127ac1e.mp3,klarweg-audio-cdn/audio/male/f13054806127ac1e.mp3
klarweg-audio/public/audio/words/female/10a14254e3abe68c.mp3,klarweg-audio-cdn/audio/female/10a14254e3abe68c.mp3
klarweg-audio/public/audio/words/male/10a14254e3abe68c.mp3,klarweg-audio-cdn/audio/male/10a14254e3abe68c.mp3
klarweg-audio/public/audio/words/female/8d23a262bbdb79a3.mp3,klarweg-audio-cdn/audio/female/8d23a262bbdb79a3.mp3
klarweg-audio/public/audio/words/male/8d23a262bbdb79a3.mp3,klarweg-audio-cdn/audio/male/8d23a262bbdb79a3.mp3
klarweg-audio/public/audio/words/female/814cf478622cc2f8.mp3,klarweg-audio-cdn/audio/female/814cf478622cc2f8.mp3
klarweg-audio/public/audio/words/male/814cf478622cc2f8.mp3,klarweg-audio-cdn/audio/male/814cf478622cc2f8.mp3
klarweg-audio/public/audio/words/female/3f755fc238915b8e.mp3,klarweg-audio-cdn/audio/female/3f755fc238915b8e.mp3
klarweg-audio/public/audio/words/male/3f755fc238915b8e.mp3,klarweg-audio-cdn/audio/male/3f755fc238915b8e.mp3
klarweg-audio/public/audio/words/female/55770d384f524523.mp3,klarweg-audio-cdn/audio/female/55770d384f524523.mp3
klarweg-audio/public/audio/words/male/55770d384f524523.mp3,klarweg-audio-cdn/audio/male/55770d384f524523.mp3
klarweg-audio/public/audio/words/female/12fa8f0f153c1cd8.mp3,klarweg-audio-cdn/audio/female/12fa8f0f153c1cd8.mp3
klarweg-audio/public/audio/words/male/12fa8f0f153c1cd8.mp3,klarweg-audio-cdn/audio/male/12fa8f0f153c1cd8.mp3
klarweg-audio/public/audio/words/female/989a951ba96acf5c.mp3,klarweg-audio-cdn/audio/female/989a951ba96acf5c.mp3
klarweg-audio/public/audio/words/male/989a951ba96acf5c.mp3,klarweg-audio-cdn/audio/male/989a951ba96acf5c.mp3
klarweg-audio/public/audio/words/female/eccb2e76af4010e5.mp3,klarweg-audio-cdn/audio/female/eccb2e76af4010e5.mp3
klarweg-audio/public/audio/words/male/eccb2e76af4010e5.mp3,klarweg-audio-cdn/audio/male/eccb2e76af4010e5.mp3
klarweg-audio/public/audio/words/female/094e7066c8b653c1.mp3,klarweg-audio-cdn/audio/female/094e7066c8b653c1.mp3
klarweg-audio/public/audio/words/male/094e7066c8b653c1.mp3,klarweg-audio-cdn/audio/male/094e7066c8b653c1.mp3
klarweg-audio/public/audio/words/female/fd9e0734ca57f452.mp3,klarweg-audio-cdn/audio/female/fd9e0734ca57f452.mp3
klarweg-audio/public/audio/words/male/fd9e0734ca57f452.mp3,klarweg-audio-cdn/audio/male/fd9e0734ca57f452.mp3
klarweg-audio/public/audio/words/female/35042a621fc5e670.mp3,klarweg-audio-cdn/audio/female/35042a621fc5e670.mp3
klarweg-audio/public/audio/words/male/35042a621fc5e670.mp3,klarweg-audio-cdn/audio/male/35042a621fc5e670.mp3
klarweg-audio/public/audio/words/female/078775cad4ecb210.mp3,klarweg-audio-cdn/audio/female/078775cad4ecb210.mp3
klarweg-audio/public/audio/words/male/078775cad4ecb210.mp3,klarweg-audio-cdn/audio/male/078775cad4ecb210.mp3
klarweg-audio/public/audio/words/female/f6483e55803fa1ea.mp3,klarweg-audio-cdn/audio/female/f6483e55803fa1ea.mp3
klarweg-audio/public/audio/words/male/f6483e55803fa1ea.mp3,klarweg-audio-cdn/audio/male/f6483e55803fa1ea.mp3
klarweg-audio/public/audio/words/female/ca9c986904126910.mp3,klarweg-audio-cdn/audio/female/ca9c986904126910.mp3
klarweg-audio/public/audio/words/male/ca9c986904126910.mp3,klarweg-audio-cdn/audio/male/ca9c986904126910.mp3
klarweg-audio/public/audio/words/female/8996e8ead15789d3.mp3,klarweg-audio-cdn/audio/female/8996e8ead15789d3.mp3
klarweg-audio/public/audio/words/male/8996e8ead15789d3.mp3,klarweg-audio-cdn/audio/male/8996e8ead15789d3.mp3
klarweg-audio/public/audio/words/female/cc9d68a423a9eaa7.mp3,klarweg-audio-cdn/audio/female/cc9d68a423a9eaa7.mp3
klarweg-audio/public/audio/words/male/cc9d68a423a9eaa7.mp3,klarweg-audio-cdn/audio/male/cc9d68a423a9eaa7.mp3
klarweg-audio/public/audio/words/female/6ede5b6e0daf5a6c.mp3,klarweg-audio-cdn/audio/female/6ede5b6e0daf5a6c.mp3
klarweg-audio/public/audio/words/male/6ede5b6e0daf5a6c.mp3,klarweg-audio-cdn/audio/male/6ede5b6e0daf5a6c.mp3
klarweg-audio/public/audio/words/female/01653c791870cc20.mp3,klarweg-audio-cdn/audio/female/01653c791870cc20.mp3
klarweg-audio/public/audio/words/male/01653c791870cc20.mp3,klarweg-audio-cdn/audio/male/01653c791870cc20.mp3
klarweg-audio/public/audio/words/female/5a7a10b78de3ab4d.mp3,klarweg-audio-cdn/audio/female/5a7a10b78de3ab4d.mp3
klarweg-audio/public/audio/words/male/5a7a10b78de3ab4d.mp3,klarweg-audio-cdn/audio/male/5a7a10b78de3ab4d.mp3
klarweg-audio/public/audio/words/female/51c1cc2dcad075a8.mp3,klarweg-audio-cdn/audio/female/51c1cc2dcad075a8.mp3
klarweg-audio/public/audio/words/male/51c1cc2dcad075a8.mp3,klarweg-audio-cdn/audio/male/51c1cc2dcad075a8.mp3
klarweg-audio/public/audio/words/female/df24867d6ce7ecc2.mp3,klarweg-audio-cdn/audio/female/df24867d6ce7ecc2.mp3
klarweg-audio/public/audio/words/male/df24867d6ce7ecc2.mp3,klarweg-audio-cdn/audio/male/df24867d6ce7ecc2.mp3
klarweg-audio/public/audio/words/female/8ed15feca00bc9af.mp3,klarweg-audio-cdn/audio/female/8ed15feca00bc9af.mp3
klarweg-audio/public/audio/words/male/8ed15feca00bc9af.mp3,klarweg-audio-cdn/audio/male/8ed15feca00bc9af.mp3
klarweg-audio/public/audio/words/female/fe04e9989d5bce16.mp3,klarweg-audio-cdn/audio/female/fe04e9989d5bce16.mp3
klarweg-audio/public/audio/words/male/fe04e9989d5bce16.mp3,klarweg-audio-cdn/audio/male/fe04e9989d5bce16.mp3
klarweg-audio/public/audio/words/female/dbe03020c91be7ce.mp3,klarweg-audio-cdn/audio/female/dbe03020c91be7ce.mp3
klarweg-audio/public/audio/words/male/dbe03020c91be7ce.mp3,klarweg-audio-cdn/audio/male/dbe03020c91be7ce.mp3
klarweg-audio/public/audio/words/female/9fe403871bb2703d.mp3,klarweg-audio-cdn/audio/female/9fe403871bb2703d.mp3
klarweg-audio/public/audio/words/male/9fe403871bb2703d.mp3,klarweg-audio-cdn/audio/male/9fe403871bb2703d.mp3
klarweg-audio/public/audio/words/female/7d00ee31494da6e1.mp3,klarweg-audio-cdn/audio/female/7d00ee31494da6e1.mp3
klarweg-audio/public/audio/words/male/7d00ee31494da6e1.mp3,klarweg-audio-cdn/audio/male/7d00ee31494da6e1.mp3
klarweg-audio/public/audio/words/female/8673fcd8d157462e.mp3,klarweg-audio-cdn/audio/female/8673fcd8d157462e.mp3
klarweg-audio/public/audio/words/male/8673fcd8d157462e.mp3,klarweg-audio-cdn/audio/male/8673fcd8d157462e.mp3
klarweg-audio/public/audio/words/female/c0ea960b065c6aa6.mp3,klarweg-audio-cdn/audio/female/c0ea960b065c6aa6.mp3
klarweg-audio/public/audio/words/male/c0ea960b065c6aa6.mp3,klarweg-audio-cdn/audio/male/c0ea960b065c6aa6.mp3
klarweg-audio/public/audio/words/female/2975b1bd85a2e88c.mp3,klarweg-audio-cdn/audio/female/2975b1bd85a2e88c.mp3
klarweg-audio/public/audio/words/male/2975b1bd85a2e88c.mp3,klarweg-audio-cdn/audio/male/2975b1bd85a2e88c.mp3
klarweg-audio/public/audio/words/female/cbeaf46880791140.mp3,klarweg-audio-cdn/audio/female/cbeaf46880791140.mp3
klarweg-audio/public/audio/words/male/cbeaf46880791140.mp3,klarweg-audio-cdn/audio/male/cbeaf46880791140.mp3
klarweg-audio/public/audio/words/female/f40bd2c47a3ddc95.mp3,klarweg-audio-cdn/audio/female/f40bd2c47a3ddc95.mp3
klarweg-audio/public/audio/words/male/f40bd2c47a3ddc95.mp3,klarweg-audio-cdn/audio/male/f40bd2c47a3ddc95.mp3
klarweg-audio/public/audio/words/female/bf7365f9a629f9d1.mp3,klarweg-audio-cdn/audio/female/bf7365f9a629f9d1.mp3
klarweg-audio/public/audio/words/male/bf7365f9a629f9d1.mp3,klarweg-audio-cdn/audio/male/bf7365f9a629f9d1.mp3
klarweg-audio/public/audio/words/female/821b32c164f4d5bf.mp3,klarweg-audio-cdn/audio/female/821b32c164f4d5bf.mp3
klarweg-audio/public/audio/words/male/821b32c164f4d5bf.mp3,klarweg-audio-cdn/audio/male/821b32c164f4d5bf.mp3
klarweg-audio/public/audio/words/female/bd05399286fe4fce.mp3,klarweg-audio-cdn/audio/female/bd05399286fe4fce.mp3
klarweg-audio/public/audio/words/male/bd05399286fe4fce.mp3,klarweg-audio-cdn/audio/male/bd05399286fe4fce.mp3
klarweg-audio/public/audio/words/female/c229578b4bcccc61.mp3,klarweg-audio-cdn/audio/female/c229578b4bcccc61.mp3
klarweg-audio/public/audio/words/male/c229578b4bcccc61.mp3,klarweg-audio-cdn/audio/male/c229578b4bcccc61.mp3
klarweg-audio/public/audio/words/female/9b8f43bac4f517d4.mp3,klarweg-audio-cdn/audio/female/9b8f43bac4f517d4.mp3
klarweg-audio/public/audio/words/male/9b8f43bac4f517d4.mp3,klarweg-audio-cdn/audio/male/9b8f43bac4f517d4.mp3
klarweg-audio/public/audio/words/female/b67f92ee6a3cbdc7.mp3,klarweg-audio-cdn/audio/female/b67f92ee6a3cbdc7.mp3
klarweg-audio/public/audio/words/male/b67f92ee6a3cbdc7.mp3,klarweg-audio-cdn/audio/male/b67f92ee6a3cbdc7.mp3
klarweg-audio/public/audio/words/female/dc0647cf50330576.mp3,klarweg-audio-cdn/audio/female/dc0647cf50330576.mp3
klarweg-audio/public/audio/words/male/dc0647cf50330576.mp3,klarweg-audio-cdn/audio/male/dc0647cf50330576.mp3
klarweg-audio/public/audio/words/female/fc30e2a579cdb971.mp3,klarweg-audio-cdn/audio/female/fc30e2a579cdb971.mp3
klarweg-audio/public/audio/words/male/fc30e2a579cdb971.mp3,klarweg-audio-cdn/audio/male/fc30e2a579cdb971.mp3
klarweg-audio/public/audio/words/female/37966d19e95dcb60.mp3,klarweg-audio-cdn/audio/female/37966d19e95dcb60.mp3
klarweg-audio/public/audio/words/male/37966d19e95dcb60.mp3,klarweg-audio-cdn/audio/male/37966d19e95dcb60.mp3
klarweg-audio/public/audio/words/female/856ad41d66c620b9.mp3,klarweg-audio-cdn/audio/female/856ad41d66c620b9.mp3
klarweg-audio/public/audio/words/male/856ad41d66c620b9.mp3,klarweg-audio-cdn/audio/male/856ad41d66c620b9.mp3
klarweg-audio/public/audio/words/female/115dc3606fbf8691.mp3,klarweg-audio-cdn/audio/female/115dc3606fbf8691.mp3
klarweg-audio/public/audio/words/male/115dc3606fbf8691.mp3,klarweg-audio-cdn/audio/male/115dc3606fbf8691.mp3
klarweg-audio/public/audio/words/female/75e1186a6afd098d.mp3,klarweg-audio-cdn/audio/female/75e1186a6afd098d.mp3
klarweg-audio/public/audio/words/male/75e1186a6afd098d.mp3,klarweg-audio-cdn/audio/male/75e1186a6afd098d.mp3
klarweg-audio/public/audio/words/female/ee9b9a245dbf5b36.mp3,klarweg-audio-cdn/audio/female/ee9b9a245dbf5b36.mp3
klarweg-audio/public/audio/words/male/ee9b9a245dbf5b36.mp3,klarweg-audio-cdn/audio/male/ee9b9a245dbf5b36.mp3
klarweg-audio/public/audio/words/female/c8c8c12dfbad6f97.mp3,klarweg-audio-cdn/audio/female/c8c8c12dfbad6f97.mp3
klarweg-audio/public/audio/words/male/c8c8c12dfbad6f97.mp3,klarweg-audio-cdn/audio/male/c8c8c12dfbad6f97.mp3
klarweg-audio/public/audio/words/female/d1e414413cea9d6a.mp3,klarweg-audio-cdn/audio/female/d1e414413cea9d6a.mp3
klarweg-audio/public/audio/words/male/d1e414413cea9d6a.mp3,klarweg-audio-cdn/audio/male/d1e414413cea9d6a.mp3
klarweg-audio/public/audio/words/female/67f1691b64d68dfe.mp3,klarweg-audio-cdn/audio/female/67f1691b64d68dfe.mp3
klarweg-audio/public/audio/words/male/67f1691b64d68dfe.mp3,klarweg-audio-cdn/audio/male/67f1691b64d68dfe.mp3
klarweg-audio/public/audio/words/female/b6c17ab62df48404.mp3,klarweg-audio-cdn/audio/female/b6c17ab62df48404.mp3
klarweg-audio/public/audio/words/male/b6c17ab62df48404.mp3,klarweg-audio-cdn/audio/male/b6c17ab62df48404.mp3
klarweg-audio/public/audio/words/female/77c69440a5ddac5d.mp3,klarweg-audio-cdn/audio/female/77c69440a5ddac5d.mp3
klarweg-audio/public/audio/words/male/77c69440a5ddac5d.mp3,klarweg-audio-cdn/audio/male/77c69440a5ddac5d.mp3
klarweg-audio/public/audio/words/female/61d60c715fe2007f.mp3,klarweg-audio-cdn/audio/female/61d60c715fe2007f.mp3
klarweg-audio/public/audio/words/male/61d60c715fe2007f.mp3,klarweg-audio-cdn/audio/male/61d60c715fe2007f.mp3
klarweg-audio/public/audio/words/female/dd11b0b606d82f75.mp3,klarweg-audio-cdn/audio/female/dd11b0b606d82f75.mp3
klarweg-audio/public/audio/words/male/dd11b0b606d82f75.mp3,klarweg-audio-cdn/audio/male/dd11b0b606d82f75.mp3
klarweg-audio/public/audio/words/female/45ea71c91aaaa3aa.mp3,klarweg-audio-cdn/audio/female/45ea71c91aaaa3aa.mp3
klarweg-audio/public/audio/words/male/45ea71c91aaaa3aa.mp3,klarweg-audio-cdn/audio/male/45ea71c91aaaa3aa.mp3
klarweg-audio/public/audio/words/female/29a3145f2bda1062.mp3,klarweg-audio-cdn/audio/female/29a3145f2bda1062.mp3
klarweg-audio/public/audio/words/male/29a3145f2bda1062.mp3,klarweg-audio-cdn/audio/male/29a3145f2bda1062.mp3
klarweg-audio/public/audio/words/female/0ecfbaa016eb27b6.mp3,klarweg-audio-cdn/audio/female/0ecfbaa016eb27b6.mp3
klarweg-audio/public/audio/words/male/0ecfbaa016eb27b6.mp3,klarweg-audio-cdn/audio/male/0ecfbaa016eb27b6.mp3
klarweg-audio/public/audio/words/female/ff4c1cd968786396.mp3,klarweg-audio-cdn/audio/female/ff4c1cd968786396.mp3
klarweg-audio/public/audio/words/male/ff4c1cd968786396.mp3,klarweg-audio-cdn/audio/male/ff4c1cd968786396.mp3
klarweg-audio/public/audio/words/female/58d89826ea33d732.mp3,klarweg-audio-cdn/audio/female/58d89826ea33d732.mp3
klarweg-audio/public/audio/words/male/58d89826ea33d732.mp3,klarweg-audio-cdn/audio/male/58d89826ea33d732.mp3
klarweg-audio/public/audio/words/female/2ef9d314d75acb67.mp3,klarweg-audio-cdn/audio/female/2ef9d314d75acb67.mp3
klarweg-audio/public/audio/words/male/2ef9d314d75acb67.mp3,klarweg-audio-cdn/audio/male/2ef9d314d75acb67.mp3
klarweg-audio/public/audio/words/female/a4170903510d5694.mp3,klarweg-audio-cdn/audio/female/a4170903510d5694.mp3
klarweg-audio/public/audio/words/male/a4170903510d5694.mp3,klarweg-audio-cdn/audio/male/a4170903510d5694.mp3
klarweg-audio/public/audio/words/female/a0d2c0cdd5130cd8.mp3,klarweg-audio-cdn/audio/female/a0d2c0cdd5130cd8.mp3
klarweg-audio/public/audio/words/male/a0d2c0cdd5130cd8.mp3,klarweg-audio-cdn/audio/male/a0d2c0cdd5130cd8.mp3
klarweg-audio/public/audio/words/female/9b0993dcb767fb4f.mp3,klarweg-audio-cdn/audio/female/9b0993dcb767fb4f.mp3
klarweg-audio/public/audio/words/male/9b0993dcb767fb4f.mp3,klarweg-audio-cdn/audio/male/9b0993dcb767fb4f.mp3
klarweg-audio/public/audio/words/female/31d48f5b1ddba11a.mp3,klarweg-audio-cdn/audio/female/31d48f5b1ddba11a.mp3
klarweg-audio/public/audio/words/male/31d48f5b1ddba11a.mp3,klarweg-audio-cdn/audio/male/31d48f5b1ddba11a.mp3
klarweg-audio/public/audio/words/female/008bb8adeff7eaef.mp3,klarweg-audio-cdn/audio/female/008bb8adeff7eaef.mp3
klarweg-audio/public/audio/words/male/008bb8adeff7eaef.mp3,klarweg-audio-cdn/audio/male/008bb8adeff7eaef.mp3
klarweg-audio/public/audio/words/female/ec7fdf79c43c9fc6.mp3,klarweg-audio-cdn/audio/female/ec7fdf79c43c9fc6.mp3
klarweg-audio/public/audio/words/male/ec7fdf79c43c9fc6.mp3,klarweg-audio-cdn/audio/male/ec7fdf79c43c9fc6.mp3
klarweg-audio/public/audio/words/female/e3865cf17c430224.mp3,klarweg-audio-cdn/audio/female/e3865cf17c430224.mp3
klarweg-audio/public/audio/words/male/e3865cf17c430224.mp3,klarweg-audio-cdn/audio/male/e3865cf17c430224.mp3
klarweg-audio/public/audio/words/female/34ea652aa82eccf5.mp3,klarweg-audio-cdn/audio/female/34ea652aa82eccf5.mp3
klarweg-audio/public/audio/words/male/34ea652aa82eccf5.mp3,klarweg-audio-cdn/audio/male/34ea652aa82eccf5.mp3
klarweg-audio/public/audio/words/female/24e6b1580a7ec0aa.mp3,klarweg-audio-cdn/audio/female/24e6b1580a7ec0aa.mp3
klarweg-audio/public/audio/words/male/24e6b1580a7ec0aa.mp3,klarweg-audio-cdn/audio/male/24e6b1580a7ec0aa.mp3
klarweg-audio/public/audio/words/female/ed36af1ace310372.mp3,klarweg-audio-cdn/audio/female/ed36af1ace310372.mp3
klarweg-audio/public/audio/words/male/ed36af1ace310372.mp3,klarweg-audio-cdn/audio/male/ed36af1ace310372.mp3
klarweg-audio/public/audio/words/female/0809c8dfd8d981f7.mp3,klarweg-audio-cdn/audio/female/0809c8dfd8d981f7.mp3
klarweg-audio/public/audio/words/male/0809c8dfd8d981f7.mp3,klarweg-audio-cdn/audio/male/0809c8dfd8d981f7.mp3
klarweg-audio/public/audio/words/female/3d0204cc3088c0c2.mp3,klarweg-audio-cdn/audio/female/3d0204cc3088c0c2.mp3
klarweg-audio/public/audio/words/male/3d0204cc3088c0c2.mp3,klarweg-audio-cdn/audio/male/3d0204cc3088c0c2.mp3
klarweg-audio/public/audio/words/female/ba454b6d300579ea.mp3,klarweg-audio-cdn/audio/female/ba454b6d300579ea.mp3
klarweg-audio/public/audio/words/male/ba454b6d300579ea.mp3,klarweg-audio-cdn/audio/male/ba454b6d300579ea.mp3
klarweg-audio/public/audio/words/female/87aff7711fbd3465.mp3,klarweg-audio-cdn/audio/female/87aff7711fbd3465.mp3
klarweg-audio/public/audio/words/male/87aff7711fbd3465.mp3,klarweg-audio-cdn/audio/male/87aff7711fbd3465.mp3
klarweg-audio/public/audio/words/female/71ec969ac4e0c8e4.mp3,klarweg-audio-cdn/audio/female/71ec969ac4e0c8e4.mp3
klarweg-audio/public/audio/words/male/71ec969ac4e0c8e4.mp3,klarweg-audio-cdn/audio/male/71ec969ac4e0c8e4.mp3
klarweg-audio/public/audio/words/female/dd6b079f455bea52.mp3,klarweg-audio-cdn/audio/female/dd6b079f455bea52.mp3
klarweg-audio/public/audio/words/male/dd6b079f455bea52.mp3,klarweg-audio-cdn/audio/male/dd6b079f455bea52.mp3
klarweg-audio/public/audio/words/female/b9c36ec91f40c456.mp3,klarweg-audio-cdn/audio/female/b9c36ec91f40c456.mp3
klarweg-audio/public/audio/words/male/b9c36ec91f40c456.mp3,klarweg-audio-cdn/audio/male/b9c36ec91f40c456.mp3
klarweg-audio/public/audio/words/female/4f5b838eb967599c.mp3,klarweg-audio-cdn/audio/female/4f5b838eb967599c.mp3
klarweg-audio/public/audio/words/male/4f5b838eb967599c.mp3,klarweg-audio-cdn/audio/male/4f5b838eb967599c.mp3
klarweg-audio/public/audio/words/female/8fed5e1ea3472275.mp3,klarweg-audio-cdn/audio/female/8fed5e1ea3472275.mp3
klarweg-audio/public/audio/words/male/8fed5e1ea3472275.mp3,klarweg-audio-cdn/audio/male/8fed5e1ea3472275.mp3
klarweg-audio/public/audio/words/female/639405ed45f77ef6.mp3,klarweg-audio-cdn/audio/female/639405ed45f77ef6.mp3
klarweg-audio/public/audio/words/male/639405ed45f77ef6.mp3,klarweg-audio-cdn/audio/male/639405ed45f77ef6.mp3
klarweg-audio/public/audio/words/female/55855d1a9f384f99.mp3,klarweg-audio-cdn/audio/female/55855d1a9f384f99.mp3
klarweg-audio/public/audio/words/male/55855d1a9f384f99.mp3,klarweg-audio-cdn/audio/male/55855d1a9f384f99.mp3
klarweg-audio/public/audio/words/female/f1f0f471e89a6cf2.mp3,klarweg-audio-cdn/audio/female/f1f0f471e89a6cf2.mp3
klarweg-audio/public/audio/words/male/f1f0f471e89a6cf2.mp3,klarweg-audio-cdn/audio/male/f1f0f471e89a6cf2.mp3
klarweg-audio/public/audio/words/female/7ee1ee06d4c00f29.mp3,klarweg-audio-cdn/audio/female/7ee1ee06d4c00f29.mp3
klarweg-audio/public/audio/words/male/7ee1ee06d4c00f29.mp3,klarweg-audio-cdn/audio/male/7ee1ee06d4c00f29.mp3
klarweg-audio/public/audio/words/female/e9655c4437aa9d04.mp3,klarweg-audio-cdn/audio/female/e9655c4437aa9d04.mp3
klarweg-audio/public/audio/words/male/e9655c4437aa9d04.mp3,klarweg-audio-cdn/audio/male/e9655c4437aa9d04.mp3
klarweg-audio/public/audio/words/female/81a8551414c31c13.mp3,klarweg-audio-cdn/audio/female/81a8551414c31c13.mp3
klarweg-audio/public/audio/words/male/81a8551414c31c13.mp3,klarweg-audio-cdn/audio/male/81a8551414c31c13.mp3
klarweg-audio/public/audio/words/female/194e514bf21b52f9.mp3,klarweg-audio-cdn/audio/female/194e514bf21b52f9.mp3
klarweg-audio/public/audio/words/male/194e514bf21b52f9.mp3,klarweg-audio-cdn/audio/male/194e514bf21b52f9.mp3
klarweg-audio/public/audio/words/female/9a348d3cdb6bb651.mp3,klarweg-audio-cdn/audio/female/9a348d3cdb6bb651.mp3
klarweg-audio/public/audio/words/male/9a348d3cdb6bb651.mp3,klarweg-audio-cdn/audio/male/9a348d3cdb6bb651.mp3
klarweg-audio/public/audio/words/female/30b3b2421bf13f0d.mp3,klarweg-audio-cdn/audio/female/30b3b2421bf13f0d.mp3
klarweg-audio/public/audio/words/male/30b3b2421bf13f0d.mp3,klarweg-audio-cdn/audio/male/30b3b2421bf13f0d.mp3
klarweg-audio/public/audio/words/female/73d023eb9a33c55d.mp3,klarweg-audio-cdn/audio/female/73d023eb9a33c55d.mp3
klarweg-audio/public/audio/words/male/73d023eb9a33c55d.mp3,klarweg-audio-cdn/audio/male/73d023eb9a33c55d.mp3
klarweg-audio/public/audio/words/female/bc25878ccb35a03b.mp3,klarweg-audio-cdn/audio/female/bc25878ccb35a03b.mp3
klarweg-audio/public/audio/words/male/bc25878ccb35a03b.mp3,klarweg-audio-cdn/audio/male/bc25878ccb35a03b.mp3
klarweg-audio/public/audio/words/female/a1acc707a5968cbb.mp3,klarweg-audio-cdn/audio/female/a1acc707a5968cbb.mp3
klarweg-audio/public/audio/words/male/a1acc707a5968cbb.mp3,klarweg-audio-cdn/audio/male/a1acc707a5968cbb.mp3
klarweg-audio/public/audio/words/female/a943dcd8105a14a2.mp3,klarweg-audio-cdn/audio/female/a943dcd8105a14a2.mp3
klarweg-audio/public/audio/words/male/a943dcd8105a14a2.mp3,klarweg-audio-cdn/audio/male/a943dcd8105a14a2.mp3
klarweg-audio/public/audio/words/female/f36a25bd6043def5.mp3,klarweg-audio-cdn/audio/female/f36a25bd6043def5.mp3
klarweg-audio/public/audio/words/male/f36a25bd6043def5.mp3,klarweg-audio-cdn/audio/male/f36a25bd6043def5.mp3
klarweg-audio/public/audio/words/female/61326ac5b2c98fa4.mp3,klarweg-audio-cdn/audio/female/61326ac5b2c98fa4.mp3
klarweg-audio/public/audio/words/male/61326ac5b2c98fa4.mp3,klarweg-audio-cdn/audio/male/61326ac5b2c98fa4.mp3
klarweg-audio/public/audio/words/female/0d0c40fc6f3fc74a.mp3,klarweg-audio-cdn/audio/female/0d0c40fc6f3fc74a.mp3
klarweg-audio/public/audio/words/male/0d0c40fc6f3fc74a.mp3,klarweg-audio-cdn/audio/male/0d0c40fc6f3fc74a.mp3
klarweg-audio/public/audio/words/female/19adcd460db4d7cb.mp3,klarweg-audio-cdn/audio/female/19adcd460db4d7cb.mp3
klarweg-audio/public/audio/words/male/19adcd460db4d7cb.mp3,klarweg-audio-cdn/audio/male/19adcd460db4d7cb.mp3
klarweg-audio/public/audio/words/female/177379755e5f0476.mp3,klarweg-audio-cdn/audio/female/177379755e5f0476.mp3
klarweg-audio/public/audio/words/male/177379755e5f0476.mp3,klarweg-audio-cdn/audio/male/177379755e5f0476.mp3
klarweg-audio/public/audio/words/female/1ba1e47d177c710d.mp3,klarweg-audio-cdn/audio/female/1ba1e47d177c710d.mp3
klarweg-audio/public/audio/words/male/1ba1e47d177c710d.mp3,klarweg-audio-cdn/audio/male/1ba1e47d177c710d.mp3
klarweg-audio/public/audio/words/female/cfae23333e2a797a.mp3,klarweg-audio-cdn/audio/female/cfae23333e2a797a.mp3
klarweg-audio/public/audio/words/male/cfae23333e2a797a.mp3,klarweg-audio-cdn/audio/male/cfae23333e2a797a.mp3
klarweg-audio/public/audio/words/female/29392dc64c28ac95.mp3,klarweg-audio-cdn/audio/female/29392dc64c28ac95.mp3
klarweg-audio/public/audio/words/male/29392dc64c28ac95.mp3,klarweg-audio-cdn/audio/male/29392dc64c28ac95.mp3
klarweg-audio/public/audio/words/female/713a4806c5aeba45.mp3,klarweg-audio-cdn/audio/female/713a4806c5aeba45.mp3
klarweg-audio/public/audio/words/male/713a4806c5aeba45.mp3,klarweg-audio-cdn/audio/male/713a4806c5aeba45.mp3
klarweg-audio/public/audio/words/female/0b2cd41355a2b121.mp3,klarweg-audio-cdn/audio/female/0b2cd41355a2b121.mp3
klarweg-audio/public/audio/words/male/0b2cd41355a2b121.mp3,klarweg-audio-cdn/audio/male/0b2cd41355a2b121.mp3
klarweg-audio/public/audio/words/female/608b632c60befccc.mp3,klarweg-audio-cdn/audio/female/608b632c60befccc.mp3
klarweg-audio/public/audio/words/male/608b632c60befccc.mp3,klarweg-audio-cdn/audio/male/608b632c60befccc.mp3
klarweg-audio/public/audio/words/female/a4bcffdfd4174231.mp3,klarweg-audio-cdn/audio/female/a4bcffdfd4174231.mp3
klarweg-audio/public/audio/words/male/a4bcffdfd4174231.mp3,klarweg-audio-cdn/audio/male/a4bcffdfd4174231.mp3
klarweg-audio/public/audio/words/female/b81f6d1fdd4afce2.mp3,klarweg-audio-cdn/audio/female/b81f6d1fdd4afce2.mp3
klarweg-audio/public/audio/words/male/b81f6d1fdd4afce2.mp3,klarweg-audio-cdn/audio/male/b81f6d1fdd4afce2.mp3
klarweg-audio/public/audio/words/female/209b020c9e66c538.mp3,klarweg-audio-cdn/audio/female/209b020c9e66c538.mp3
klarweg-audio/public/audio/words/male/209b020c9e66c538.mp3,klarweg-audio-cdn/audio/male/209b020c9e66c538.mp3
klarweg-audio/public/audio/words/female/0ad081759c63452e.mp3,klarweg-audio-cdn/audio/female/0ad081759c63452e.mp3
klarweg-audio/public/audio/words/male/0ad081759c63452e.mp3,klarweg-audio-cdn/audio/male/0ad081759c63452e.mp3
klarweg-audio/public/audio/words/female/517c719005317b35.mp3,klarweg-audio-cdn/audio/female/517c719005317b35.mp3
klarweg-audio/public/audio/words/male/517c719005317b35.mp3,klarweg-audio-cdn/audio/male/517c719005317b35.mp3
klarweg-audio/public/audio/words/female/758d401897eef287.mp3,klarweg-audio-cdn/audio/female/758d401897eef287.mp3
klarweg-audio/public/audio/words/male/758d401897eef287.mp3,klarweg-audio-cdn/audio/male/758d401897eef287.mp3
klarweg-audio/public/audio/words/female/fa378f56bc4d4115.mp3,klarweg-audio-cdn/audio/female/fa378f56bc4d4115.mp3
klarweg-audio/public/audio/words/male/fa378f56bc4d4115.mp3,klarweg-audio-cdn/audio/male/fa378f56bc4d4115.mp3
klarweg-audio/public/audio/words/female/4b73b35028305996.mp3,klarweg-audio-cdn/audio/female/4b73b35028305996.mp3
klarweg-audio/public/audio/words/male/4b73b35028305996.mp3,klarweg-audio-cdn/audio/male/4b73b35028305996.mp3
klarweg-audio/public/audio/words/female/b3db7eeb4d5f1a5d.mp3,klarweg-audio-cdn/audio/female/b3db7eeb4d5f1a5d.mp3
klarweg-audio/public/audio/words/male/b3db7eeb4d5f1a5d.mp3,klarweg-audio-cdn/audio/male/b3db7eeb4d5f1a5d.mp3
klarweg-audio/public/audio/words/female/1ef9254a90671eef.mp3,klarweg-audio-cdn/audio/female/1ef9254a90671eef.mp3
klarweg-audio/public/audio/words/male/1ef9254a90671eef.mp3,klarweg-audio-cdn/audio/male/1ef9254a90671eef.mp3
klarweg-audio/public/audio/words/female/bd429bad2741b18f.mp3,klarweg-audio-cdn/audio/female/bd429bad2741b18f.mp3
klarweg-audio/public/audio/words/male/bd429bad2741b18f.mp3,klarweg-audio-cdn/audio/male/bd429bad2741b18f.mp3
klarweg-audio/public/audio/words/female/e8131752881e67df.mp3,klarweg-audio-cdn/audio/female/e8131752881e67df.mp3
klarweg-audio/public/audio/words/male/e8131752881e67df.mp3,klarweg-audio-cdn/audio/male/e8131752881e67df.mp3
klarweg-audio/public/audio/words/female/b3a8666f21a75518.mp3,klarweg-audio-cdn/audio/female/b3a8666f21a75518.mp3
klarweg-audio/public/audio/words/male/b3a8666f21a75518.mp3,klarweg-audio-cdn/audio/male/b3a8666f21a75518.mp3
klarweg-audio/public/audio/words/female/6efc556eb1dddb3a.mp3,klarweg-audio-cdn/audio/female/6efc556eb1dddb3a.mp3
klarweg-audio/public/audio/words/male/6efc556eb1dddb3a.mp3,klarweg-audio-cdn/audio/male/6efc556eb1dddb3a.mp3
klarweg-audio/public/audio/words/female/cfbdb40cb7e48ae6.mp3,klarweg-audio-cdn/audio/female/cfbdb40cb7e48ae6.mp3
klarweg-audio/public/audio/words/male/cfbdb40cb7e48ae6.mp3,klarweg-audio-cdn/audio/male/cfbdb40cb7e48ae6.mp3
klarweg-audio/public/audio/words/female/712c9469291816b6.mp3,klarweg-audio-cdn/audio/female/712c9469291816b6.mp3
klarweg-audio/public/audio/words/male/712c9469291816b6.mp3,klarweg-audio-cdn/audio/male/712c9469291816b6.mp3
klarweg-audio/public/audio/words/female/4f00eab35bf7abc3.mp3,klarweg-audio-cdn/audio/female/4f00eab35bf7abc3.mp3
klarweg-audio/public/audio/words/male/4f00eab35bf7abc3.mp3,klarweg-audio-cdn/audio/male/4f00eab35bf7abc3.mp3
klarweg-audio/public/audio/words/female/8cd9e4f678fe0ecd.mp3,klarweg-audio-cdn/audio/female/8cd9e4f678fe0ecd.mp3
klarweg-audio/public/audio/words/male/8cd9e4f678fe0ecd.mp3,klarweg-audio-cdn/audio/male/8cd9e4f678fe0ecd.mp3
klarweg-audio/public/audio/words/female/16e158620f154136.mp3,klarweg-audio-cdn/audio/female/16e158620f154136.mp3
klarweg-audio/public/audio/words/male/16e158620f154136.mp3,klarweg-audio-cdn/audio/male/16e158620f154136.mp3
klarweg-audio/public/audio/words/female/f134ad64d9de5065.mp3,klarweg-audio-cdn/audio/female/f134ad64d9de5065.mp3
klarweg-audio/public/audio/words/male/f134ad64d9de5065.mp3,klarweg-audio-cdn/audio/male/f134ad64d9de5065.mp3
klarweg-audio/public/audio/words/female/2acc51b960807074.mp3,klarweg-audio-cdn/audio/female/2acc51b960807074.mp3
klarweg-audio/public/audio/words/male/2acc51b960807074.mp3,klarweg-audio-cdn/audio/male/2acc51b960807074.mp3
klarweg-audio/public/audio/words/female/347479d7b7f48a62.mp3,klarweg-audio-cdn/audio/female/347479d7b7f48a62.mp3
klarweg-audio/public/audio/words/male/347479d7b7f48a62.mp3,klarweg-audio-cdn/audio/male/347479d7b7f48a62.mp3
klarweg-audio/public/audio/words/female/247610f4dedd4ab7.mp3,klarweg-audio-cdn/audio/female/247610f4dedd4ab7.mp3
klarweg-audio/public/audio/words/male/247610f4dedd4ab7.mp3,klarweg-audio-cdn/audio/male/247610f4dedd4ab7.mp3
klarweg-audio/public/audio/words/female/2f6be48d8af2e002.mp3,klarweg-audio-cdn/audio/female/2f6be48d8af2e002.mp3
klarweg-audio/public/audio/words/male/2f6be48d8af2e002.mp3,klarweg-audio-cdn/audio/male/2f6be48d8af2e002.mp3
klarweg-audio/public/audio/words/female/9079c39b76b5882e.mp3,klarweg-audio-cdn/audio/female/9079c39b76b5882e.mp3
klarweg-audio/public/audio/words/male/9079c39b76b5882e.mp3,klarweg-audio-cdn/audio/male/9079c39b76b5882e.mp3
klarweg-audio/public/audio/words/female/2799fd32b05a70e7.mp3,klarweg-audio-cdn/audio/female/2799fd32b05a70e7.mp3
klarweg-audio/public/audio/words/male/2799fd32b05a70e7.mp3,klarweg-audio-cdn/audio/male/2799fd32b05a70e7.mp3
klarweg-audio/public/audio/words/female/d3e81a1e239f2717.mp3,klarweg-audio-cdn/audio/female/d3e81a1e239f2717.mp3
klarweg-audio/public/audio/words/male/d3e81a1e239f2717.mp3,klarweg-audio-cdn/audio/male/d3e81a1e239f2717.mp3
klarweg-audio/public/audio/words/female/2b7e53f847a7a48b.mp3,klarweg-audio-cdn/audio/female/2b7e53f847a7a48b.mp3
klarweg-audio/public/audio/words/male/2b7e53f847a7a48b.mp3,klarweg-audio-cdn/audio/male/2b7e53f847a7a48b.mp3
klarweg-audio/public/audio/words/female/ee82f298717a1a9b.mp3,klarweg-audio-cdn/audio/female/ee82f298717a1a9b.mp3
klarweg-audio/public/audio/words/male/ee82f298717a1a9b.mp3,klarweg-audio-cdn/audio/male/ee82f298717a1a9b.mp3
klarweg-audio/public/audio/words/female/75f8f82f56d1f486.mp3,klarweg-audio-cdn/audio/female/75f8f82f56d1f486.mp3
klarweg-audio/public/audio/words/male/75f8f82f56d1f486.mp3,klarweg-audio-cdn/audio/male/75f8f82f56d1f486.mp3
klarweg-audio/public/audio/words/female/dd90ae95427bd84c.mp3,klarweg-audio-cdn/audio/female/dd90ae95427bd84c.mp3
klarweg-audio/public/audio/words/male/dd90ae95427bd84c.mp3,klarweg-audio-cdn/audio/male/dd90ae95427bd84c.mp3
klarweg-audio/public/audio/words/female/7d0b02c1f33dd41f.mp3,klarweg-audio-cdn/audio/female/7d0b02c1f33dd41f.mp3
klarweg-audio/public/audio/words/male/7d0b02c1f33dd41f.mp3,klarweg-audio-cdn/audio/male/7d0b02c1f33dd41f.mp3
klarweg-audio/public/audio/words/female/19ac265661780559.mp3,klarweg-audio-cdn/audio/female/19ac265661780559.mp3
klarweg-audio/public/audio/words/male/19ac265661780559.mp3,klarweg-audio-cdn/audio/male/19ac265661780559.mp3
klarweg-audio/public/audio/words/female/3672ab5571eb8967.mp3,klarweg-audio-cdn/audio/female/3672ab5571eb8967.mp3
klarweg-audio/public/audio/words/male/3672ab5571eb8967.mp3,klarweg-audio-cdn/audio/male/3672ab5571eb8967.mp3
klarweg-audio/public/audio/words/female/37fe485ef3b1b6b6.mp3,klarweg-audio-cdn/audio/female/37fe485ef3b1b6b6.mp3
klarweg-audio/public/audio/words/male/37fe485ef3b1b6b6.mp3,klarweg-audio-cdn/audio/male/37fe485ef3b1b6b6.mp3
klarweg-audio/public/audio/words/female/fb32ddb0cfd47985.mp3,klarweg-audio-cdn/audio/female/fb32ddb0cfd47985.mp3
klarweg-audio/public/audio/words/male/fb32ddb0cfd47985.mp3,klarweg-audio-cdn/audio/male/fb32ddb0cfd47985.mp3
klarweg-audio/public/audio/words/female/4ba4f15551761181.mp3,klarweg-audio-cdn/audio/female/4ba4f15551761181.mp3
klarweg-audio/public/audio/words/male/4ba4f15551761181.mp3,klarweg-audio-cdn/audio/male/4ba4f15551761181.mp3
klarweg-audio/public/audio/words/female/304c5b55dc0bca7f.mp3,klarweg-audio-cdn/audio/female/304c5b55dc0bca7f.mp3
klarweg-audio/public/audio/words/male/304c5b55dc0bca7f.mp3,klarweg-audio-cdn/audio/male/304c5b55dc0bca7f.mp3
klarweg-audio/public/audio/words/female/e5c845036644f81d.mp3,klarweg-audio-cdn/audio/female/e5c845036644f81d.mp3
klarweg-audio/public/audio/words/male/e5c845036644f81d.mp3,klarweg-audio-cdn/audio/male/e5c845036644f81d.mp3
klarweg-audio/public/audio/words/female/34e15562a66c4900.mp3,klarweg-audio-cdn/audio/female/34e15562a66c4900.mp3
klarweg-audio/public/audio/words/male/34e15562a66c4900.mp3,klarweg-audio-cdn/audio/male/34e15562a66c4900.mp3
klarweg-audio/public/audio/words/female/403b42efc1997638.mp3,klarweg-audio-cdn/audio/female/403b42efc1997638.mp3
klarweg-audio/public/audio/words/male/403b42efc1997638.mp3,klarweg-audio-cdn/audio/male/403b42efc1997638.mp3
klarweg-audio/public/audio/words/female/fd3ad352bcd6558c.mp3,klarweg-audio-cdn/audio/female/fd3ad352bcd6558c.mp3
klarweg-audio/public/audio/words/male/fd3ad352bcd6558c.mp3,klarweg-audio-cdn/audio/male/fd3ad352bcd6558c.mp3
klarweg-audio/public/audio/words/female/95c51dcf06777a01.mp3,klarweg-audio-cdn/audio/female/95c51dcf06777a01.mp3
klarweg-audio/public/audio/words/male/95c51dcf06777a01.mp3,klarweg-audio-cdn/audio/male/95c51dcf06777a01.mp3
klarweg-audio/public/audio/words/female/dba90f6f6a0535ea.mp3,klarweg-audio-cdn/audio/female/dba90f6f6a0535ea.mp3
klarweg-audio/public/audio/words/male/dba90f6f6a0535ea.mp3,klarweg-audio-cdn/audio/male/dba90f6f6a0535ea.mp3
klarweg-audio/public/audio/words/female/7568d29c54d06084.mp3,klarweg-audio-cdn/audio/female/7568d29c54d06084.mp3
klarweg-audio/public/audio/words/male/7568d29c54d06084.mp3,klarweg-audio-cdn/audio/male/7568d29c54d06084.mp3
klarweg-audio/public/audio/words/female/e60c367da85f6e2c.mp3,klarweg-audio-cdn/audio/female/e60c367da85f6e2c.mp3
klarweg-audio/public/audio/words/male/e60c367da85f6e2c.mp3,klarweg-audio-cdn/audio/male/e60c367da85f6e2c.mp3
klarweg-audio/public/audio/words/female/e7cacc70d1c698e2.mp3,klarweg-audio-cdn/audio/female/e7cacc70d1c698e2.mp3
klarweg-audio/public/audio/words/male/e7cacc70d1c698e2.mp3,klarweg-audio-cdn/audio/male/e7cacc70d1c698e2.mp3
klarweg-audio/public/audio/words/female/7e44c7a01f6bed66.mp3,klarweg-audio-cdn/audio/female/7e44c7a01f6bed66.mp3
klarweg-audio/public/audio/words/male/7e44c7a01f6bed66.mp3,klarweg-audio-cdn/audio/male/7e44c7a01f6bed66.mp3
klarweg-audio/public/audio/words/female/eea8fad16e047072.mp3,klarweg-audio-cdn/audio/female/eea8fad16e047072.mp3
klarweg-audio/public/audio/words/male/eea8fad16e047072.mp3,klarweg-audio-cdn/audio/male/eea8fad16e047072.mp3
klarweg-audio/public/audio/words/female/b1b3f26e7fff0c0e.mp3,klarweg-audio-cdn/audio/female/b1b3f26e7fff0c0e.mp3
klarweg-audio/public/audio/words/male/b1b3f26e7fff0c0e.mp3,klarweg-audio-cdn/audio/male/b1b3f26e7fff0c0e.mp3
klarweg-audio/public/audio/words/female/e5d6ecd41d938acb.mp3,klarweg-audio-cdn/audio/female/e5d6ecd41d938acb.mp3
klarweg-audio/public/audio/words/male/e5d6ecd41d938acb.mp3,klarweg-audio-cdn/audio/male/e5d6ecd41d938acb.mp3
klarweg-audio/public/audio/words/female/cd627f4bc64644b8.mp3,klarweg-audio-cdn/audio/female/cd627f4bc64644b8.mp3
klarweg-audio/public/audio/words/male/cd627f4bc64644b8.mp3,klarweg-audio-cdn/audio/male/cd627f4bc64644b8.mp3
klarweg-audio/public/audio/words/female/3e9e1572a3784e09.mp3,klarweg-audio-cdn/audio/female/3e9e1572a3784e09.mp3
klarweg-audio/public/audio/words/male/3e9e1572a3784e09.mp3,klarweg-audio-cdn/audio/male/3e9e1572a3784e09.mp3
klarweg-audio/public/audio/words/female/3e69a4a986fc27f2.mp3,klarweg-audio-cdn/audio/female/3e69a4a986fc27f2.mp3
klarweg-audio/public/audio/words/male/3e69a4a986fc27f2.mp3,klarweg-audio-cdn/audio/male/3e69a4a986fc27f2.mp3
klarweg-audio/public/audio/words/female/ae0043696e974247.mp3,klarweg-audio-cdn/audio/female/ae0043696e974247.mp3
klarweg-audio/public/audio/words/male/ae0043696e974247.mp3,klarweg-audio-cdn/audio/male/ae0043696e974247.mp3
klarweg-audio/public/audio/words/female/b3115096818d0774.mp3,klarweg-audio-cdn/audio/female/b3115096818d0774.mp3
klarweg-audio/public/audio/words/male/b3115096818d0774.mp3,klarweg-audio-cdn/audio/male/b3115096818d0774.mp3
klarweg-audio/public/audio/words/female/f957bfb3526564a7.mp3,klarweg-audio-cdn/audio/female/f957bfb3526564a7.mp3
klarweg-audio/public/audio/words/male/f957bfb3526564a7.mp3,klarweg-audio-cdn/audio/male/f957bfb3526564a7.mp3
klarweg-audio/public/audio/words/female/34cb62f132f5178c.mp3,klarweg-audio-cdn/audio/female/34cb62f132f5178c.mp3
klarweg-audio/public/audio/words/male/34cb62f132f5178c.mp3,klarweg-audio-cdn/audio/male/34cb62f132f5178c.mp3
klarweg-audio/public/audio/words/female/14e053f5a5722022.mp3,klarweg-audio-cdn/audio/female/14e053f5a5722022.mp3
klarweg-audio/public/audio/words/male/14e053f5a5722022.mp3,klarweg-audio-cdn/audio/male/14e053f5a5722022.mp3
klarweg-audio/public/audio/words/female/e66f9e6444b4e6b1.mp3,klarweg-audio-cdn/audio/female/e66f9e6444b4e6b1.mp3
klarweg-audio/public/audio/words/male/e66f9e6444b4e6b1.mp3,klarweg-audio-cdn/audio/male/e66f9e6444b4e6b1.mp3
klarweg-audio/public/audio/words/female/dbdbc97d5de3e2fe.mp3,klarweg-audio-cdn/audio/female/dbdbc97d5de3e2fe.mp3
klarweg-audio/public/audio/words/male/dbdbc97d5de3e2fe.mp3,klarweg-audio-cdn/audio/male/dbdbc97d5de3e2fe.mp3
klarweg-audio/public/audio/words/female/0e1e3f8312176bd6.mp3,klarweg-audio-cdn/audio/female/0e1e3f8312176bd6.mp3
klarweg-audio/public/audio/words/male/0e1e3f8312176bd6.mp3,klarweg-audio-cdn/audio/male/0e1e3f8312176bd6.mp3
klarweg-audio/public/audio/words/female/4753d75527a7a385.mp3,klarweg-audio-cdn/audio/female/4753d75527a7a385.mp3
klarweg-audio/public/audio/words/male/4753d75527a7a385.mp3,klarweg-audio-cdn/audio/male/4753d75527a7a385.mp3
klarweg-audio/public/audio/words/female/9e8158e28c471724.mp3,klarweg-audio-cdn/audio/female/9e8158e28c471724.mp3
klarweg-audio/public/audio/words/male/9e8158e28c471724.mp3,klarweg-audio-cdn/audio/male/9e8158e28c471724.mp3
klarweg-audio/public/audio/words/female/daf1ec47531cda9b.mp3,klarweg-audio-cdn/audio/female/daf1ec47531cda9b.mp3
klarweg-audio/public/audio/words/male/daf1ec47531cda9b.mp3,klarweg-audio-cdn/audio/male/daf1ec47531cda9b.mp3
klarweg-audio/public/audio/words/female/4f9b9a0047878f83.mp3,klarweg-audio-cdn/audio/female/4f9b9a0047878f83.mp3
klarweg-audio/public/audio/words/male/4f9b9a0047878f83.mp3,klarweg-audio-cdn/audio/male/4f9b9a0047878f83.mp3
klarweg-audio/public/audio/words/female/b427c3dec9045990.mp3,klarweg-audio-cdn/audio/female/b427c3dec9045990.mp3
klarweg-audio/public/audio/words/male/b427c3dec9045990.mp3,klarweg-audio-cdn/audio/male/b427c3dec9045990.mp3
klarweg-audio/public/audio/words/female/fa3db92e4450a883.mp3,klarweg-audio-cdn/audio/female/fa3db92e4450a883.mp3
klarweg-audio/public/audio/words/male/fa3db92e4450a883.mp3,klarweg-audio-cdn/audio/male/fa3db92e4450a883.mp3
klarweg-audio/public/audio/words/female/1c19e1b130dc2b3a.mp3,klarweg-audio-cdn/audio/female/1c19e1b130dc2b3a.mp3
klarweg-audio/public/audio/words/male/1c19e1b130dc2b3a.mp3,klarweg-audio-cdn/audio/male/1c19e1b130dc2b3a.mp3
klarweg-audio/public/audio/words/female/db3647e37148e820.mp3,klarweg-audio-cdn/audio/female/db3647e37148e820.mp3
klarweg-audio/public/audio/words/male/db3647e37148e820.mp3,klarweg-audio-cdn/audio/male/db3647e37148e820.mp3
klarweg-audio/public/audio/words/female/2c48f54e56f9444b.mp3,klarweg-audio-cdn/audio/female/2c48f54e56f9444b.mp3
klarweg-audio/public/audio/words/male/2c48f54e56f9444b.mp3,klarweg-audio-cdn/audio/male/2c48f54e56f9444b.mp3
klarweg-audio/public/audio/words/female/51365d01e2957632.mp3,klarweg-audio-cdn/audio/female/51365d01e2957632.mp3
klarweg-audio/public/audio/words/male/51365d01e2957632.mp3,klarweg-audio-cdn/audio/male/51365d01e2957632.mp3
klarweg-audio/public/audio/words/female/0bb0c06eeba9ecd9.mp3,klarweg-audio-cdn/audio/female/0bb0c06eeba9ecd9.mp3
klarweg-audio/public/audio/words/male/0bb0c06eeba9ecd9.mp3,klarweg-audio-cdn/audio/male/0bb0c06eeba9ecd9.mp3
klarweg-audio/public/audio/words/female/59d47b943cdf3f15.mp3,klarweg-audio-cdn/audio/female/59d47b943cdf3f15.mp3
klarweg-audio/public/audio/words/male/59d47b943cdf3f15.mp3,klarweg-audio-cdn/audio/male/59d47b943cdf3f15.mp3
klarweg-audio/public/audio/words/female/8f3e00408d22f4ef.mp3,klarweg-audio-cdn/audio/female/8f3e00408d22f4ef.mp3
klarweg-audio/public/audio/words/male/8f3e00408d22f4ef.mp3,klarweg-audio-cdn/audio/male/8f3e00408d22f4ef.mp3
klarweg-audio/public/audio/words/female/26bdc6f307b53d75.mp3,klarweg-audio-cdn/audio/female/26bdc6f307b53d75.mp3
klarweg-audio/public/audio/words/male/26bdc6f307b53d75.mp3,klarweg-audio-cdn/audio/male/26bdc6f307b53d75.mp3
klarweg-audio/public/audio/words/female/cecd68a09be5e058.mp3,klarweg-audio-cdn/audio/female/cecd68a09be5e058.mp3
klarweg-audio/public/audio/words/male/cecd68a09be5e058.mp3,klarweg-audio-cdn/audio/male/cecd68a09be5e058.mp3
klarweg-audio/public/audio/words/female/5745d3cf0cfd2b37.mp3,klarweg-audio-cdn/audio/female/5745d3cf0cfd2b37.mp3
klarweg-audio/public/audio/words/male/5745d3cf0cfd2b37.mp3,klarweg-audio-cdn/audio/male/5745d3cf0cfd2b37.mp3
klarweg-audio/public/audio/words/female/c835834d95895b80.mp3,klarweg-audio-cdn/audio/female/c835834d95895b80.mp3
klarweg-audio/public/audio/words/male/c835834d95895b80.mp3,klarweg-audio-cdn/audio/male/c835834d95895b80.mp3
klarweg-audio/public/audio/words/female/b87f26b22c002b38.mp3,klarweg-audio-cdn/audio/female/b87f26b22c002b38.mp3
klarweg-audio/public/audio/words/male/b87f26b22c002b38.mp3,klarweg-audio-cdn/audio/male/b87f26b22c002b38.mp3
klarweg-audio/public/audio/words/female/74bf940a56a32059.mp3,klarweg-audio-cdn/audio/female/74bf940a56a32059.mp3
klarweg-audio/public/audio/words/male/74bf940a56a32059.mp3,klarweg-audio-cdn/audio/male/74bf940a56a32059.mp3
klarweg-audio/public/audio/words/female/a078e8bacb161fa5.mp3,klarweg-audio-cdn/audio/female/a078e8bacb161fa5.mp3
klarweg-audio/public/audio/words/male/a078e8bacb161fa5.mp3,klarweg-audio-cdn/audio/male/a078e8bacb161fa5.mp3
klarweg-audio/public/audio/words/female/70d808525274d9be.mp3,klarweg-audio-cdn/audio/female/70d808525274d9be.mp3
klarweg-audio/public/audio/words/male/70d808525274d9be.mp3,klarweg-audio-cdn/audio/male/70d808525274d9be.mp3
klarweg-audio/public/audio/words/female/a185234b8ced6d2b.mp3,klarweg-audio-cdn/audio/female/a185234b8ced6d2b.mp3
klarweg-audio/public/audio/words/male/a185234b8ced6d2b.mp3,klarweg-audio-cdn/audio/male/a185234b8ced6d2b.mp3
klarweg-audio/public/audio/words/female/b6ef2f2448b6629a.mp3,klarweg-audio-cdn/audio/female/b6ef2f2448b6629a.mp3
klarweg-audio/public/audio/words/male/b6ef2f2448b6629a.mp3,klarweg-audio-cdn/audio/male/b6ef2f2448b6629a.mp3
klarweg-audio/public/audio/words/female/bb84357144007638.mp3,klarweg-audio-cdn/audio/female/bb84357144007638.mp3
klarweg-audio/public/audio/words/male/bb84357144007638.mp3,klarweg-audio-cdn/audio/male/bb84357144007638.mp3
klarweg-audio/public/audio/words/female/4d0240c556a4320c.mp3,klarweg-audio-cdn/audio/female/4d0240c556a4320c.mp3
klarweg-audio/public/audio/words/male/4d0240c556a4320c.mp3,klarweg-audio-cdn/audio/male/4d0240c556a4320c.mp3
klarweg-audio/public/audio/words/female/296faa13c8b04c47.mp3,klarweg-audio-cdn/audio/female/296faa13c8b04c47.mp3
klarweg-audio/public/audio/words/male/296faa13c8b04c47.mp3,klarweg-audio-cdn/audio/male/296faa13c8b04c47.mp3
klarweg-audio/public/audio/words/female/69891aab2f2d982f.mp3,klarweg-audio-cdn/audio/female/69891aab2f2d982f.mp3
klarweg-audio/public/audio/words/male/69891aab2f2d982f.mp3,klarweg-audio-cdn/audio/male/69891aab2f2d982f.mp3
klarweg-audio/public/audio/words/female/1db3baa2b2bc831e.mp3,klarweg-audio-cdn/audio/female/1db3baa2b2bc831e.mp3
klarweg-audio/public/audio/words/male/1db3baa2b2bc831e.mp3,klarweg-audio-cdn/audio/male/1db3baa2b2bc831e.mp3
klarweg-audio/public/audio/words/female/e96ac0f4a424bab9.mp3,klarweg-audio-cdn/audio/female/e96ac0f4a424bab9.mp3
klarweg-audio/public/audio/words/male/e96ac0f4a424bab9.mp3,klarweg-audio-cdn/audio/male/e96ac0f4a424bab9.mp3
klarweg-audio/public/audio/words/female/89408372c8d9e79a.mp3,klarweg-audio-cdn/audio/female/89408372c8d9e79a.mp3
klarweg-audio/public/audio/words/male/89408372c8d9e79a.mp3,klarweg-audio-cdn/audio/male/89408372c8d9e79a.mp3
klarweg-audio/public/audio/words/female/f8c8ea570049d0fd.mp3,klarweg-audio-cdn/audio/female/f8c8ea570049d0fd.mp3
klarweg-audio/public/audio/words/male/f8c8ea570049d0fd.mp3,klarweg-audio-cdn/audio/male/f8c8ea570049d0fd.mp3
klarweg-audio/public/audio/words/female/82c7002f88a75826.mp3,klarweg-audio-cdn/audio/female/82c7002f88a75826.mp3
klarweg-audio/public/audio/words/male/82c7002f88a75826.mp3,klarweg-audio-cdn/audio/male/82c7002f88a75826.mp3
klarweg-audio/public/audio/words/female/144f5bb38561be15.mp3,klarweg-audio-cdn/audio/female/144f5bb38561be15.mp3
klarweg-audio/public/audio/words/male/144f5bb38561be15.mp3,klarweg-audio-cdn/audio/male/144f5bb38561be15.mp3
klarweg-audio/public/audio/words/female/ae91f0faf4c2d4fe.mp3,klarweg-audio-cdn/audio/female/ae91f0faf4c2d4fe.mp3
klarweg-audio/public/audio/words/male/ae91f0faf4c2d4fe.mp3,klarweg-audio-cdn/audio/male/ae91f0faf4c2d4fe.mp3
klarweg-audio/public/audio/words/female/08a9704f51e26826.mp3,klarweg-audio-cdn/audio/female/08a9704f51e26826.mp3
klarweg-audio/public/audio/words/male/08a9704f51e26826.mp3,klarweg-audio-cdn/audio/male/08a9704f51e26826.mp3
klarweg-audio/public/audio/words/female/c6455f12fd0d3291.mp3,klarweg-audio-cdn/audio/female/c6455f12fd0d3291.mp3
klarweg-audio/public/audio/words/male/c6455f12fd0d3291.mp3,klarweg-audio-cdn/audio/male/c6455f12fd0d3291.mp3
klarweg-audio/public/audio/words/female/864af25bc3ee48b4.mp3,klarweg-audio-cdn/audio/female/864af25bc3ee48b4.mp3
klarweg-audio/public/audio/words/male/864af25bc3ee48b4.mp3,klarweg-audio-cdn/audio/male/864af25bc3ee48b4.mp3
klarweg-audio/public/audio/words/female/26eedd15ac40bac8.mp3,klarweg-audio-cdn/audio/female/26eedd15ac40bac8.mp3
klarweg-audio/public/audio/words/male/26eedd15ac40bac8.mp3,klarweg-audio-cdn/audio/male/26eedd15ac40bac8.mp3
klarweg-audio/public/audio/words/female/7477c4327fa7a4dd.mp3,klarweg-audio-cdn/audio/female/7477c4327fa7a4dd.mp3
klarweg-audio/public/audio/words/male/7477c4327fa7a4dd.mp3,klarweg-audio-cdn/audio/male/7477c4327fa7a4dd.mp3
klarweg-audio/public/audio/words/female/0b06d36e4484cbfa.mp3,klarweg-audio-cdn/audio/female/0b06d36e4484cbfa.mp3
klarweg-audio/public/audio/words/male/0b06d36e4484cbfa.mp3,klarweg-audio-cdn/audio/male/0b06d36e4484cbfa.mp3
klarweg-audio/public/audio/words/female/edb219d99238fdb2.mp3,klarweg-audio-cdn/audio/female/edb219d99238fdb2.mp3
klarweg-audio/public/audio/words/male/edb219d99238fdb2.mp3,klarweg-audio-cdn/audio/male/edb219d99238fdb2.mp3
klarweg-audio/public/audio/words/female/64960be519d2e237.mp3,klarweg-audio-cdn/audio/female/64960be519d2e237.mp3
klarweg-audio/public/audio/words/male/64960be519d2e237.mp3,klarweg-audio-cdn/audio/male/64960be519d2e237.mp3
klarweg-audio/public/audio/words/female/42a14755867ef6e5.mp3,klarweg-audio-cdn/audio/female/42a14755867ef6e5.mp3
klarweg-audio/public/audio/words/male/42a14755867ef6e5.mp3,klarweg-audio-cdn/audio/male/42a14755867ef6e5.mp3
klarweg-audio/public/audio/words/female/68fbfb7558127973.mp3,klarweg-audio-cdn/audio/female/68fbfb7558127973.mp3
klarweg-audio/public/audio/words/male/68fbfb7558127973.mp3,klarweg-audio-cdn/audio/male/68fbfb7558127973.mp3
klarweg-audio/public/audio/words/female/7e7d8c699ee576ce.mp3,klarweg-audio-cdn/audio/female/7e7d8c699ee576ce.mp3
klarweg-audio/public/audio/words/male/7e7d8c699ee576ce.mp3,klarweg-audio-cdn/audio/male/7e7d8c699ee576ce.mp3
klarweg-audio/public/audio/words/female/b5e2e1f51234d1ab.mp3,klarweg-audio-cdn/audio/female/b5e2e1f51234d1ab.mp3
klarweg-audio/public/audio/words/male/b5e2e1f51234d1ab.mp3,klarweg-audio-cdn/audio/male/b5e2e1f51234d1ab.mp3
klarweg-audio/public/audio/words/female/94e8566ddfc123ed.mp3,klarweg-audio-cdn/audio/female/94e8566ddfc123ed.mp3
klarweg-audio/public/audio/words/male/94e8566ddfc123ed.mp3,klarweg-audio-cdn/audio/male/94e8566ddfc123ed.mp3
klarweg-audio/public/audio/words/female/b5234b6bed3cc623.mp3,klarweg-audio-cdn/audio/female/b5234b6bed3cc623.mp3
klarweg-audio/public/audio/words/male/b5234b6bed3cc623.mp3,klarweg-audio-cdn/audio/male/b5234b6bed3cc623.mp3
klarweg-audio/public/audio/words/female/87d165020a229be2.mp3,klarweg-audio-cdn/audio/female/87d165020a229be2.mp3
klarweg-audio/public/audio/words/male/87d165020a229be2.mp3,klarweg-audio-cdn/audio/male/87d165020a229be2.mp3
klarweg-audio/public/audio/words/female/94847baf788ec1cf.mp3,klarweg-audio-cdn/audio/female/94847baf788ec1cf.mp3
klarweg-audio/public/audio/words/male/94847baf788ec1cf.mp3,klarweg-audio-cdn/audio/male/94847baf788ec1cf.mp3
klarweg-audio/public/audio/words/female/1406c42b842a666e.mp3,klarweg-audio-cdn/audio/female/1406c42b842a666e.mp3
klarweg-audio/public/audio/words/male/1406c42b842a666e.mp3,klarweg-audio-cdn/audio/male/1406c42b842a666e.mp3
klarweg-audio/public/audio/words/female/54a920d244a67e2f.mp3,klarweg-audio-cdn/audio/female/54a920d244a67e2f.mp3
klarweg-audio/public/audio/words/male/54a920d244a67e2f.mp3,klarweg-audio-cdn/audio/male/54a920d244a67e2f.mp3
klarweg-audio/public/audio/words/female/9a9c14d53970ae85.mp3,klarweg-audio-cdn/audio/female/9a9c14d53970ae85.mp3
klarweg-audio/public/audio/words/male/9a9c14d53970ae85.mp3,klarweg-audio-cdn/audio/male/9a9c14d53970ae85.mp3
klarweg-audio/public/audio/words/female/2d0113e3dba825e0.mp3,klarweg-audio-cdn/audio/female/2d0113e3dba825e0.mp3
klarweg-audio/public/audio/words/male/2d0113e3dba825e0.mp3,klarweg-audio-cdn/audio/male/2d0113e3dba825e0.mp3
klarweg-audio/public/audio/words/female/97d6c33a0b25df72.mp3,klarweg-audio-cdn/audio/female/97d6c33a0b25df72.mp3
klarweg-audio/public/audio/words/male/97d6c33a0b25df72.mp3,klarweg-audio-cdn/audio/male/97d6c33a0b25df72.mp3
klarweg-audio/public/audio/words/female/8fb6008ef45fa2b4.mp3,klarweg-audio-cdn/audio/female/8fb6008ef45fa2b4.mp3
klarweg-audio/public/audio/words/male/8fb6008ef45fa2b4.mp3,klarweg-audio-cdn/audio/male/8fb6008ef45fa2b4.mp3
klarweg-audio/public/audio/words/female/02cb431196fd4665.mp3,klarweg-audio-cdn/audio/female/02cb431196fd4665.mp3
klarweg-audio/public/audio/words/male/02cb431196fd4665.mp3,klarweg-audio-cdn/audio/male/02cb431196fd4665.mp3
klarweg-audio/public/audio/words/female/060728cfeb4a791a.mp3,klarweg-audio-cdn/audio/female/060728cfeb4a791a.mp3
klarweg-audio/public/audio/words/male/060728cfeb4a791a.mp3,klarweg-audio-cdn/audio/male/060728cfeb4a791a.mp3
klarweg-audio/public/audio/words/female/fc8c5aa91e7eddca.mp3,klarweg-audio-cdn/audio/female/fc8c5aa91e7eddca.mp3
klarweg-audio/public/audio/words/male/fc8c5aa91e7eddca.mp3,klarweg-audio-cdn/audio/male/fc8c5aa91e7eddca.mp3
klarweg-audio/public/audio/words/female/6ecd717cd021c9eb.mp3,klarweg-audio-cdn/audio/female/6ecd717cd021c9eb.mp3
klarweg-audio/public/audio/words/male/6ecd717cd021c9eb.mp3,klarweg-audio-cdn/audio/male/6ecd717cd021c9eb.mp3
klarweg-audio/public/audio/words/female/685ec8b432c41da2.mp3,klarweg-audio-cdn/audio/female/685ec8b432c41da2.mp3
klarweg-audio/public/audio/words/male/685ec8b432c41da2.mp3,klarweg-audio-cdn/audio/male/685ec8b432c41da2.mp3
klarweg-audio/public/audio/words/female/756bf0365598969f.mp3,klarweg-audio-cdn/audio/female/756bf0365598969f.mp3
klarweg-audio/public/audio/words/male/756bf0365598969f.mp3,klarweg-audio-cdn/audio/male/756bf0365598969f.mp3
klarweg-audio/public/audio/words/female/08c62c823c19fb94.mp3,klarweg-audio-cdn/audio/female/08c62c823c19fb94.mp3
klarweg-audio/public/audio/words/male/08c62c823c19fb94.mp3,klarweg-audio-cdn/audio/male/08c62c823c19fb94.mp3
klarweg-audio/public/audio/words/female/1e84b08c59bf24b2.mp3,klarweg-audio-cdn/audio/female/1e84b08c59bf24b2.mp3
klarweg-audio/public/audio/words/male/1e84b08c59bf24b2.mp3,klarweg-audio-cdn/audio/male/1e84b08c59bf24b2.mp3
klarweg-audio/public/audio/words/female/b21a6e77af869e77.mp3,klarweg-audio-cdn/audio/female/b21a6e77af869e77.mp3
klarweg-audio/public/audio/words/male/b21a6e77af869e77.mp3,klarweg-audio-cdn/audio/male/b21a6e77af869e77.mp3
klarweg-audio/public/audio/words/female/4b46c81428a8a5cc.mp3,klarweg-audio-cdn/audio/female/4b46c81428a8a5cc.mp3
klarweg-audio/public/audio/words/male/4b46c81428a8a5cc.mp3,klarweg-audio-cdn/audio/male/4b46c81428a8a5cc.mp3
klarweg-audio/public/audio/words/female/d9ac18c21206d472.mp3,klarweg-audio-cdn/audio/female/d9ac18c21206d472.mp3
klarweg-audio/public/audio/words/male/d9ac18c21206d472.mp3,klarweg-audio-cdn/audio/male/d9ac18c21206d472.mp3
klarweg-audio/public/audio/words/female/bf70f4a35d5b00a7.mp3,klarweg-audio-cdn/audio/female/bf70f4a35d5b00a7.mp3
klarweg-audio/public/audio/words/male/bf70f4a35d5b00a7.mp3,klarweg-audio-cdn/audio/male/bf70f4a35d5b00a7.mp3
klarweg-audio/public/audio/words/female/b9ddb0e1b4db7bb0.mp3,klarweg-audio-cdn/audio/female/b9ddb0e1b4db7bb0.mp3
klarweg-audio/public/audio/words/male/b9ddb0e1b4db7bb0.mp3,klarweg-audio-cdn/audio/male/b9ddb0e1b4db7bb0.mp3
klarweg-audio/public/audio/words/female/4970b574f6aeb83a.mp3,klarweg-audio-cdn/audio/female/4970b574f6aeb83a.mp3
klarweg-audio/public/audio/words/male/4970b574f6aeb83a.mp3,klarweg-audio-cdn/audio/male/4970b574f6aeb83a.mp3
klarweg-audio/public/audio/words/female/75266d191be6795b.mp3,klarweg-audio-cdn/audio/female/75266d191be6795b.mp3
klarweg-audio/public/audio/words/male/75266d191be6795b.mp3,klarweg-audio-cdn/audio/male/75266d191be6795b.mp3
klarweg-audio/public/audio/words/female/86ccc74658df6315.mp3,klarweg-audio-cdn/audio/female/86ccc74658df6315.mp3
klarweg-audio/public/audio/words/male/86ccc74658df6315.mp3,klarweg-audio-cdn/audio/male/86ccc74658df6315.mp3
klarweg-audio/public/audio/words/female/25de22b1016a59d1.mp3,klarweg-audio-cdn/audio/female/25de22b1016a59d1.mp3
klarweg-audio/public/audio/words/male/25de22b1016a59d1.mp3,klarweg-audio-cdn/audio/male/25de22b1016a59d1.mp3
klarweg-audio/public/audio/words/female/fbb07a3c667a0224.mp3,klarweg-audio-cdn/audio/female/fbb07a3c667a0224.mp3
klarweg-audio/public/audio/words/male/fbb07a3c667a0224.mp3,klarweg-audio-cdn/audio/male/fbb07a3c667a0224.mp3
klarweg-audio/public/audio/words/female/4bdc13108e86ac01.mp3,klarweg-audio-cdn/audio/female/4bdc13108e86ac01.mp3
klarweg-audio/public/audio/words/male/4bdc13108e86ac01.mp3,klarweg-audio-cdn/audio/male/4bdc13108e86ac01.mp3
klarweg-audio/public/audio/words/female/1a64c5a46aa87e8a.mp3,klarweg-audio-cdn/audio/female/1a64c5a46aa87e8a.mp3
klarweg-audio/public/audio/words/male/1a64c5a46aa87e8a.mp3,klarweg-audio-cdn/audio/male/1a64c5a46aa87e8a.mp3
klarweg-audio/public/audio/words/female/773d0e221dfc52d2.mp3,klarweg-audio-cdn/audio/female/773d0e221dfc52d2.mp3
klarweg-audio/public/audio/words/male/773d0e221dfc52d2.mp3,klarweg-audio-cdn/audio/male/773d0e221dfc52d2.mp3
klarweg-audio/public/audio/words/female/6573b8a291e4cd12.mp3,klarweg-audio-cdn/audio/female/6573b8a291e4cd12.mp3
klarweg-audio/public/audio/words/male/6573b8a291e4cd12.mp3,klarweg-audio-cdn/audio/male/6573b8a291e4cd12.mp3
klarweg-audio/public/audio/words/female/d117de99b4d834e0.mp3,klarweg-audio-cdn/audio/female/d117de99b4d834e0.mp3
klarweg-audio/public/audio/words/male/d117de99b4d834e0.mp3,klarweg-audio-cdn/audio/male/d117de99b4d834e0.mp3
klarweg-audio/public/audio/words/female/238139dc6edb61c7.mp3,klarweg-audio-cdn/audio/female/238139dc6edb61c7.mp3
klarweg-audio/public/audio/words/male/238139dc6edb61c7.mp3,klarweg-audio-cdn/audio/male/238139dc6edb61c7.mp3
klarweg-audio/public/audio/words/female/67dc0de1fc4231f8.mp3,klarweg-audio-cdn/audio/female/67dc0de1fc4231f8.mp3
klarweg-audio/public/audio/words/male/67dc0de1fc4231f8.mp3,klarweg-audio-cdn/audio/male/67dc0de1fc4231f8.mp3
klarweg-audio/public/audio/words/female/bbc21dab2b6125eb.mp3,klarweg-audio-cdn/audio/female/bbc21dab2b6125eb.mp3
klarweg-audio/public/audio/words/male/bbc21dab2b6125eb.mp3,klarweg-audio-cdn/audio/male/bbc21dab2b6125eb.mp3
klarweg-audio/public/audio/words/female/fae008268f1f4f68.mp3,klarweg-audio-cdn/audio/female/fae008268f1f4f68.mp3
klarweg-audio/public/audio/words/male/fae008268f1f4f68.mp3,klarweg-audio-cdn/audio/male/fae008268f1f4f68.mp3
klarweg-audio/public/audio/words/female/f10eca01ab30d23f.mp3,klarweg-audio-cdn/audio/female/f10eca01ab30d23f.mp3
klarweg-audio/public/audio/words/male/f10eca01ab30d23f.mp3,klarweg-audio-cdn/audio/male/f10eca01ab30d23f.mp3
klarweg-audio/public/audio/words/female/ed5f480c3f036844.mp3,klarweg-audio-cdn/audio/female/ed5f480c3f036844.mp3
klarweg-audio/public/audio/words/male/ed5f480c3f036844.mp3,klarweg-audio-cdn/audio/male/ed5f480c3f036844.mp3
klarweg-audio/public/audio/words/female/16194c6b2963b674.mp3,klarweg-audio-cdn/audio/female/16194c6b2963b674.mp3
klarweg-audio/public/audio/words/male/16194c6b2963b674.mp3,klarweg-audio-cdn/audio/male/16194c6b2963b674.mp3
klarweg-audio/public/audio/words/female/5ff94845a845daa2.mp3,klarweg-audio-cdn/audio/female/5ff94845a845daa2.mp3
klarweg-audio/public/audio/words/male/5ff94845a845daa2.mp3,klarweg-audio-cdn/audio/male/5ff94845a845daa2.mp3
klarweg-audio/public/audio/words/female/aa154298c51134f0.mp3,klarweg-audio-cdn/audio/female/aa154298c51134f0.mp3
klarweg-audio/public/audio/words/male/aa154298c51134f0.mp3,klarweg-audio-cdn/audio/male/aa154298c51134f0.mp3
klarweg-audio/public/audio/words/female/ba183de8cca226ea.mp3,klarweg-audio-cdn/audio/female/ba183de8cca226ea.mp3
klarweg-audio/public/audio/words/male/ba183de8cca226ea.mp3,klarweg-audio-cdn/audio/male/ba183de8cca226ea.mp3
klarweg-audio/public/audio/words/female/9a271f7840ccb8cc.mp3,klarweg-audio-cdn/audio/female/9a271f7840ccb8cc.mp3
klarweg-audio/public/audio/words/male/9a271f7840ccb8cc.mp3,klarweg-audio-cdn/audio/male/9a271f7840ccb8cc.mp3
klarweg-audio/public/audio/words/female/3bdd22a263ac4353.mp3,klarweg-audio-cdn/audio/female/3bdd22a263ac4353.mp3
klarweg-audio/public/audio/words/male/3bdd22a263ac4353.mp3,klarweg-audio-cdn/audio/male/3bdd22a263ac4353.mp3
klarweg-audio/public/audio/words/female/ab7d4d478f806a2e.mp3,klarweg-audio-cdn/audio/female/ab7d4d478f806a2e.mp3
klarweg-audio/public/audio/words/male/ab7d4d478f806a2e.mp3,klarweg-audio-cdn/audio/male/ab7d4d478f806a2e.mp3
klarweg-audio/public/audio/words/female/d6cba814905125c5.mp3,klarweg-audio-cdn/audio/female/d6cba814905125c5.mp3
klarweg-audio/public/audio/words/male/d6cba814905125c5.mp3,klarweg-audio-cdn/audio/male/d6cba814905125c5.mp3
klarweg-audio/public/audio/words/female/3f13dbf818fb1c08.mp3,klarweg-audio-cdn/audio/female/3f13dbf818fb1c08.mp3
klarweg-audio/public/audio/words/male/3f13dbf818fb1c08.mp3,klarweg-audio-cdn/audio/male/3f13dbf818fb1c08.mp3
klarweg-audio/public/audio/words/female/03e1e016d06c970a.mp3,klarweg-audio-cdn/audio/female/03e1e016d06c970a.mp3
klarweg-audio/public/audio/words/male/03e1e016d06c970a.mp3,klarweg-audio-cdn/audio/male/03e1e016d06c970a.mp3
klarweg-audio/public/audio/words/female/6e02dcc510102f95.mp3,klarweg-audio-cdn/audio/female/6e02dcc510102f95.mp3
klarweg-audio/public/audio/words/male/6e02dcc510102f95.mp3,klarweg-audio-cdn/audio/male/6e02dcc510102f95.mp3
klarweg-audio/public/audio/words/female/bbe1b4438c75ab87.mp3,klarweg-audio-cdn/audio/female/bbe1b4438c75ab87.mp3
klarweg-audio/public/audio/words/male/bbe1b4438c75ab87.mp3,klarweg-audio-cdn/audio/male/bbe1b4438c75ab87.mp3
klarweg-audio/public/audio/words/female/d45be68e118b2ea0.mp3,klarweg-audio-cdn/audio/female/d45be68e118b2ea0.mp3
klarweg-audio/public/audio/words/male/d45be68e118b2ea0.mp3,klarweg-audio-cdn/audio/male/d45be68e118b2ea0.mp3
klarweg-audio/public/audio/words/female/43067eb7b2030723.mp3,klarweg-audio-cdn/audio/female/43067eb7b2030723.mp3
klarweg-audio/public/audio/words/male/43067eb7b2030723.mp3,klarweg-audio-cdn/audio/male/43067eb7b2030723.mp3
klarweg-audio/public/audio/words/female/259394a0e65d6914.mp3,klarweg-audio-cdn/audio/female/259394a0e65d6914.mp3
klarweg-audio/public/audio/words/male/259394a0e65d6914.mp3,klarweg-audio-cdn/audio/male/259394a0e65d6914.mp3
klarweg-audio/public/audio/words/female/19870fe086cf78a7.mp3,klarweg-audio-cdn/audio/female/19870fe086cf78a7.mp3
klarweg-audio/public/audio/words/male/19870fe086cf78a7.mp3,klarweg-audio-cdn/audio/male/19870fe086cf78a7.mp3
klarweg-audio/public/audio/words/female/cdf77e1365d89818.mp3,klarweg-audio-cdn/audio/female/cdf77e1365d89818.mp3
klarweg-audio/public/audio/words/male/cdf77e1365d89818.mp3,klarweg-audio-cdn/audio/male/cdf77e1365d89818.mp3
klarweg-audio/public/audio/words/female/23241a03dcedceb8.mp3,klarweg-audio-cdn/audio/female/23241a03dcedceb8.mp3
klarweg-audio/public/audio/words/male/23241a03dcedceb8.mp3,klarweg-audio-cdn/audio/male/23241a03dcedceb8.mp3
klarweg-audio/public/audio/words/female/cbbe47232dd1a30a.mp3,klarweg-audio-cdn/audio/female/cbbe47232dd1a30a.mp3
klarweg-audio/public/audio/words/male/cbbe47232dd1a30a.mp3,klarweg-audio-cdn/audio/male/cbbe47232dd1a30a.mp3
klarweg-audio/public/audio/words/female/cc91fe9c1d63468e.mp3,klarweg-audio-cdn/audio/female/cc91fe9c1d63468e.mp3
klarweg-audio/public/audio/words/male/cc91fe9c1d63468e.mp3,klarweg-audio-cdn/audio/male/cc91fe9c1d63468e.mp3
klarweg-audio/public/audio/words/female/d2ce1b5957332aec.mp3,klarweg-audio-cdn/audio/female/d2ce1b5957332aec.mp3
klarweg-audio/public/audio/words/male/d2ce1b5957332aec.mp3,klarweg-audio-cdn/audio/male/d2ce1b5957332aec.mp3
klarweg-audio/public/audio/words/female/bb12243775ddffed.mp3,klarweg-audio-cdn/audio/female/bb12243775ddffed.mp3
klarweg-audio/public/audio/words/male/bb12243775ddffed.mp3,klarweg-audio-cdn/audio/male/bb12243775ddffed.mp3
klarweg-audio/public/audio/words/female/2c1d21905a4962cc.mp3,klarweg-audio-cdn/audio/female/2c1d21905a4962cc.mp3
klarweg-audio/public/audio/words/male/2c1d21905a4962cc.mp3,klarweg-audio-cdn/audio/male/2c1d21905a4962cc.mp3
klarweg-audio/public/audio/words/female/84198ed244199bd4.mp3,klarweg-audio-cdn/audio/female/84198ed244199bd4.mp3
klarweg-audio/public/audio/words/male/84198ed244199bd4.mp3,klarweg-audio-cdn/audio/male/84198ed244199bd4.mp3
klarweg-audio/public/audio/words/female/5c725739623af2c4.mp3,klarweg-audio-cdn/audio/female/5c725739623af2c4.mp3
klarweg-audio/public/audio/words/male/5c725739623af2c4.mp3,klarweg-audio-cdn/audio/male/5c725739623af2c4.mp3
klarweg-audio/public/audio/words/female/b0463db2a4ef3cc9.mp3,klarweg-audio-cdn/audio/female/b0463db2a4ef3cc9.mp3
klarweg-audio/public/audio/words/male/b0463db2a4ef3cc9.mp3,klarweg-audio-cdn/audio/male/b0463db2a4ef3cc9.mp3
klarweg-audio/public/audio/words/female/02b9ea33495bf091.mp3,klarweg-audio-cdn/audio/female/02b9ea33495bf091.mp3
klarweg-audio/public/audio/words/male/02b9ea33495bf091.mp3,klarweg-audio-cdn/audio/male/02b9ea33495bf091.mp3
klarweg-audio/public/audio/words/female/ae791e76e9a91ee6.mp3,klarweg-audio-cdn/audio/female/ae791e76e9a91ee6.mp3
klarweg-audio/public/audio/words/male/ae791e76e9a91ee6.mp3,klarweg-audio-cdn/audio/male/ae791e76e9a91ee6.mp3
klarweg-audio/public/audio/words/female/52009b58b23b945e.mp3,klarweg-audio-cdn/audio/female/52009b58b23b945e.mp3
klarweg-audio/public/audio/words/male/52009b58b23b945e.mp3,klarweg-audio-cdn/audio/male/52009b58b23b945e.mp3
klarweg-audio/public/audio/words/female/fadc26d206e73a66.mp3,klarweg-audio-cdn/audio/female/fadc26d206e73a66.mp3
klarweg-audio/public/audio/words/male/fadc26d206e73a66.mp3,klarweg-audio-cdn/audio/male/fadc26d206e73a66.mp3
klarweg-audio/public/audio/words/female/60e6b5ecc0e10241.mp3,klarweg-audio-cdn/audio/female/60e6b5ecc0e10241.mp3
klarweg-audio/public/audio/words/male/60e6b5ecc0e10241.mp3,klarweg-audio-cdn/audio/male/60e6b5ecc0e10241.mp3
klarweg-audio/public/audio/words/female/167f9771004fa7cd.mp3,klarweg-audio-cdn/audio/female/167f9771004fa7cd.mp3
klarweg-audio/public/audio/words/male/167f9771004fa7cd.mp3,klarweg-audio-cdn/audio/male/167f9771004fa7cd.mp3
klarweg-audio/public/audio/words/female/1e5d7117d0037453.mp3,klarweg-audio-cdn/audio/female/1e5d7117d0037453.mp3
klarweg-audio/public/audio/words/male/1e5d7117d0037453.mp3,klarweg-audio-cdn/audio/male/1e5d7117d0037453.mp3
klarweg-audio/public/audio/words/female/1cdde323a53b2d05.mp3,klarweg-audio-cdn/audio/female/1cdde323a53b2d05.mp3
klarweg-audio/public/audio/words/male/1cdde323a53b2d05.mp3,klarweg-audio-cdn/audio/male/1cdde323a53b2d05.mp3
klarweg-audio/public/audio/words/female/87ce47ee5fde1b02.mp3,klarweg-audio-cdn/audio/female/87ce47ee5fde1b02.mp3
klarweg-audio/public/audio/words/male/87ce47ee5fde1b02.mp3,klarweg-audio-cdn/audio/male/87ce47ee5fde1b02.mp3
klarweg-audio/public/audio/words/female/26e9cccfe4c75906.mp3,klarweg-audio-cdn/audio/female/26e9cccfe4c75906.mp3
klarweg-audio/public/audio/words/male/26e9cccfe4c75906.mp3,klarweg-audio-cdn/audio/male/26e9cccfe4c75906.mp3
klarweg-audio/public/audio/words/female/a5cc158f868bc469.mp3,klarweg-audio-cdn/audio/female/a5cc158f868bc469.mp3
klarweg-audio/public/audio/words/male/a5cc158f868bc469.mp3,klarweg-audio-cdn/audio/male/a5cc158f868bc469.mp3
klarweg-audio/public/audio/words/female/8e84d80f9f49e523.mp3,klarweg-audio-cdn/audio/female/8e84d80f9f49e523.mp3
klarweg-audio/public/audio/words/male/8e84d80f9f49e523.mp3,klarweg-audio-cdn/audio/male/8e84d80f9f49e523.mp3
klarweg-audio/public/audio/words/female/25cb7355df53fcb8.mp3,klarweg-audio-cdn/audio/female/25cb7355df53fcb8.mp3
klarweg-audio/public/audio/words/male/25cb7355df53fcb8.mp3,klarweg-audio-cdn/audio/male/25cb7355df53fcb8.mp3
klarweg-audio/public/audio/words/female/4b69da7289d20b83.mp3,klarweg-audio-cdn/audio/female/4b69da7289d20b83.mp3
klarweg-audio/public/audio/words/male/4b69da7289d20b83.mp3,klarweg-audio-cdn/audio/male/4b69da7289d20b83.mp3
klarweg-audio/public/audio/words/female/3d38f086e34d688f.mp3,klarweg-audio-cdn/audio/female/3d38f086e34d688f.mp3
klarweg-audio/public/audio/words/male/3d38f086e34d688f.mp3,klarweg-audio-cdn/audio/male/3d38f086e34d688f.mp3
klarweg-audio/public/audio/words/female/21d0fe93cf255c5b.mp3,klarweg-audio-cdn/audio/female/21d0fe93cf255c5b.mp3
klarweg-audio/public/audio/words/male/21d0fe93cf255c5b.mp3,klarweg-audio-cdn/audio/male/21d0fe93cf255c5b.mp3
klarweg-audio/public/audio/words/female/a1213f6cfc4abe60.mp3,klarweg-audio-cdn/audio/female/a1213f6cfc4abe60.mp3
klarweg-audio/public/audio/words/male/a1213f6cfc4abe60.mp3,klarweg-audio-cdn/audio/male/a1213f6cfc4abe60.mp3
klarweg-audio/public/audio/words/female/2bcdd52e496dd80f.mp3,klarweg-audio-cdn/audio/female/2bcdd52e496dd80f.mp3
klarweg-audio/public/audio/words/male/2bcdd52e496dd80f.mp3,klarweg-audio-cdn/audio/male/2bcdd52e496dd80f.mp3
klarweg-audio/public/audio/words/female/79c91ab8d4980ad5.mp3,klarweg-audio-cdn/audio/female/79c91ab8d4980ad5.mp3
klarweg-audio/public/audio/words/male/79c91ab8d4980ad5.mp3,klarweg-audio-cdn/audio/male/79c91ab8d4980ad5.mp3
klarweg-audio/public/audio/words/female/e6bc55ad00daea80.mp3,klarweg-audio-cdn/audio/female/e6bc55ad00daea80.mp3
klarweg-audio/public/audio/words/male/e6bc55ad00daea80.mp3,klarweg-audio-cdn/audio/male/e6bc55ad00daea80.mp3
klarweg-audio/public/audio/words/female/cc1417213de3b0c2.mp3,klarweg-audio-cdn/audio/female/cc1417213de3b0c2.mp3
klarweg-audio/public/audio/words/male/cc1417213de3b0c2.mp3,klarweg-audio-cdn/audio/male/cc1417213de3b0c2.mp3
klarweg-audio/public/audio/words/female/9d7d70f5eefe8564.mp3,klarweg-audio-cdn/audio/female/9d7d70f5eefe8564.mp3
klarweg-audio/public/audio/words/male/9d7d70f5eefe8564.mp3,klarweg-audio-cdn/audio/male/9d7d70f5eefe8564.mp3
klarweg-audio/public/audio/words/female/4da271bb37e5a8c6.mp3,klarweg-audio-cdn/audio/female/4da271bb37e5a8c6.mp3
klarweg-audio/public/audio/words/male/4da271bb37e5a8c6.mp3,klarweg-audio-cdn/audio/male/4da271bb37e5a8c6.mp3
klarweg-audio/public/audio/words/female/debf94608c3099fa.mp3,klarweg-audio-cdn/audio/female/debf94608c3099fa.mp3
klarweg-audio/public/audio/words/male/debf94608c3099fa.mp3,klarweg-audio-cdn/audio/male/debf94608c3099fa.mp3
klarweg-audio/public/audio/words/female/314cc42151533699.mp3,klarweg-audio-cdn/audio/female/314cc42151533699.mp3
klarweg-audio/public/audio/words/male/314cc42151533699.mp3,klarweg-audio-cdn/audio/male/314cc42151533699.mp3
klarweg-audio/public/audio/words/female/d74f17a7ba4e5b05.mp3,klarweg-audio-cdn/audio/female/d74f17a7ba4e5b05.mp3
klarweg-audio/public/audio/words/male/d74f17a7ba4e5b05.mp3,klarweg-audio-cdn/audio/male/d74f17a7ba4e5b05.mp3
klarweg-audio/public/audio/words/female/a86049e56b4b2eaa.mp3,klarweg-audio-cdn/audio/female/a86049e56b4b2eaa.mp3
klarweg-audio/public/audio/words/male/a86049e56b4b2eaa.mp3,klarweg-audio-cdn/audio/male/a86049e56b4b2eaa.mp3
klarweg-audio/public/audio/words/female/da8d75b49839d93e.mp3,klarweg-audio-cdn/audio/female/da8d75b49839d93e.mp3
klarweg-audio/public/audio/words/male/da8d75b49839d93e.mp3,klarweg-audio-cdn/audio/male/da8d75b49839d93e.mp3
klarweg-audio/public/audio/words/female/72e9dc65fc00e0a9.mp3,klarweg-audio-cdn/audio/female/72e9dc65fc00e0a9.mp3
klarweg-audio/public/audio/words/male/72e9dc65fc00e0a9.mp3,klarweg-audio-cdn/audio/male/72e9dc65fc00e0a9.mp3
klarweg-audio/public/audio/words/female/0e02de1d997f1000.mp3,klarweg-audio-cdn/audio/female/0e02de1d997f1000.mp3
klarweg-audio/public/audio/words/male/0e02de1d997f1000.mp3,klarweg-audio-cdn/audio/male/0e02de1d997f1000.mp3
klarweg-audio/public/audio/words/female/46d6f6e833480a45.mp3,klarweg-audio-cdn/audio/female/46d6f6e833480a45.mp3
klarweg-audio/public/audio/words/male/46d6f6e833480a45.mp3,klarweg-audio-cdn/audio/male/46d6f6e833480a45.mp3
klarweg-audio/public/audio/words/female/68b3b2cef08dd6f0.mp3,klarweg-audio-cdn/audio/female/68b3b2cef08dd6f0.mp3
klarweg-audio/public/audio/words/male/68b3b2cef08dd6f0.mp3,klarweg-audio-cdn/audio/male/68b3b2cef08dd6f0.mp3
klarweg-audio/public/audio/words/female/40413d7e29ad3050.mp3,klarweg-audio-cdn/audio/female/40413d7e29ad3050.mp3
klarweg-audio/public/audio/words/male/40413d7e29ad3050.mp3,klarweg-audio-cdn/audio/male/40413d7e29ad3050.mp3
klarweg-audio/public/audio/words/female/afef919243ce46f1.mp3,klarweg-audio-cdn/audio/female/afef919243ce46f1.mp3
klarweg-audio/public/audio/words/male/afef919243ce46f1.mp3,klarweg-audio-cdn/audio/male/afef919243ce46f1.mp3
klarweg-audio/public/audio/words/female/7ffb335dd19cc5da.mp3,klarweg-audio-cdn/audio/female/7ffb335dd19cc5da.mp3
klarweg-audio/public/audio/words/male/7ffb335dd19cc5da.mp3,klarweg-audio-cdn/audio/male/7ffb335dd19cc5da.mp3
klarweg-audio/public/audio/words/female/80f2f4709cf958cb.mp3,klarweg-audio-cdn/audio/female/80f2f4709cf958cb.mp3
klarweg-audio/public/audio/words/male/80f2f4709cf958cb.mp3,klarweg-audio-cdn/audio/male/80f2f4709cf958cb.mp3
klarweg-audio/public/audio/words/female/4ee108fb276e20a0.mp3,klarweg-audio-cdn/audio/female/4ee108fb276e20a0.mp3
klarweg-audio/public/audio/words/male/4ee108fb276e20a0.mp3,klarweg-audio-cdn/audio/male/4ee108fb276e20a0.mp3
klarweg-audio/public/audio/words/female/be5d0a9b3f57ee5f.mp3,klarweg-audio-cdn/audio/female/be5d0a9b3f57ee5f.mp3
klarweg-audio/public/audio/words/male/be5d0a9b3f57ee5f.mp3,klarweg-audio-cdn/audio/male/be5d0a9b3f57ee5f.mp3
klarweg-audio/public/audio/words/female/3c7478aa8d7e6d29.mp3,klarweg-audio-cdn/audio/female/3c7478aa8d7e6d29.mp3
klarweg-audio/public/audio/words/male/3c7478aa8d7e6d29.mp3,klarweg-audio-cdn/audio/male/3c7478aa8d7e6d29.mp3
klarweg-audio/public/audio/words/female/ec27055a90c65bf6.mp3,klarweg-audio-cdn/audio/female/ec27055a90c65bf6.mp3
klarweg-audio/public/audio/words/male/ec27055a90c65bf6.mp3,klarweg-audio-cdn/audio/male/ec27055a90c65bf6.mp3
klarweg-audio/public/audio/words/female/31f28b67e30e46bf.mp3,klarweg-audio-cdn/audio/female/31f28b67e30e46bf.mp3
klarweg-audio/public/audio/words/male/31f28b67e30e46bf.mp3,klarweg-audio-cdn/audio/male/31f28b67e30e46bf.mp3
klarweg-audio/public/audio/words/female/184bf343fd604690.mp3,klarweg-audio-cdn/audio/female/184bf343fd604690.mp3
klarweg-audio/public/audio/words/male/184bf343fd604690.mp3,klarweg-audio-cdn/audio/male/184bf343fd604690.mp3
klarweg-audio/public/audio/words/female/24d909d87e72d211.mp3,klarweg-audio-cdn/audio/female/24d909d87e72d211.mp3
klarweg-audio/public/audio/words/male/24d909d87e72d211.mp3,klarweg-audio-cdn/audio/male/24d909d87e72d211.mp3
klarweg-audio/public/audio/words/female/b671d05de58e4cf2.mp3,klarweg-audio-cdn/audio/female/b671d05de58e4cf2.mp3
klarweg-audio/public/audio/words/male/b671d05de58e4cf2.mp3,klarweg-audio-cdn/audio/male/b671d05de58e4cf2.mp3
klarweg-audio/public/audio/words/female/f090708eae3e8187.mp3,klarweg-audio-cdn/audio/female/f090708eae3e8187.mp3
klarweg-audio/public/audio/words/male/f090708eae3e8187.mp3,klarweg-audio-cdn/audio/male/f090708eae3e8187.mp3
klarweg-audio/public/audio/words/female/9b089ed8130bf092.mp3,klarweg-audio-cdn/audio/female/9b089ed8130bf092.mp3
klarweg-audio/public/audio/words/male/9b089ed8130bf092.mp3,klarweg-audio-cdn/audio/male/9b089ed8130bf092.mp3
klarweg-audio/public/audio/words/female/7039a99f59e09bfd.mp3,klarweg-audio-cdn/audio/female/7039a99f59e09bfd.mp3
klarweg-audio/public/audio/words/male/7039a99f59e09bfd.mp3,klarweg-audio-cdn/audio/male/7039a99f59e09bfd.mp3
klarweg-audio/public/audio/words/female/92fd83dd105f74b7.mp3,klarweg-audio-cdn/audio/female/92fd83dd105f74b7.mp3
klarweg-audio/public/audio/words/male/92fd83dd105f74b7.mp3,klarweg-audio-cdn/audio/male/92fd83dd105f74b7.mp3
klarweg-audio/public/audio/words/female/1e61d7a41bd0a495.mp3,klarweg-audio-cdn/audio/female/1e61d7a41bd0a495.mp3
klarweg-audio/public/audio/words/male/1e61d7a41bd0a495.mp3,klarweg-audio-cdn/audio/male/1e61d7a41bd0a495.mp3
klarweg-audio/public/audio/words/female/7c7b2a37aead5a8a.mp3,klarweg-audio-cdn/audio/female/7c7b2a37aead5a8a.mp3
klarweg-audio/public/audio/words/male/7c7b2a37aead5a8a.mp3,klarweg-audio-cdn/audio/male/7c7b2a37aead5a8a.mp3
klarweg-audio/public/audio/words/female/8b0ff911e89ecfd4.mp3,klarweg-audio-cdn/audio/female/8b0ff911e89ecfd4.mp3
klarweg-audio/public/audio/words/male/8b0ff911e89ecfd4.mp3,klarweg-audio-cdn/audio/male/8b0ff911e89ecfd4.mp3
klarweg-audio/public/audio/words/female/f8e60ea83273bbf6.mp3,klarweg-audio-cdn/audio/female/f8e60ea83273bbf6.mp3
klarweg-audio/public/audio/words/male/f8e60ea83273bbf6.mp3,klarweg-audio-cdn/audio/male/f8e60ea83273bbf6.mp3
